Name,Url,Country,Hall,Stand,Team member name,Team member company,Designation
10ofThose (10Publishing),10ofthose-10publishing,United Kingdom,Halle 4.2,C96,,,
11 x 17,11-x-17,Portugal,Halle 3.1,F139,,,
2C Consulting sp. z o.o.,2c-consulting-sp-z-oo,Poland,Halle 3.1,B54,Paweł Kopijer,2C Consulting sp. z o.o.,Author / IP Owner
2C Consulting sp. z o.o.,2c-consulting-sp-z-oo,Poland,Halle 3.1,B54,Hubert Skoczek,2C Consulting sp. z o.o.,publishing agent
2 Seas Agency,2-seas-agency-d2978940,United States,Halle 1.2,LitAg,,,
360° medien  Christiane & Andreas Walter GbR,360-medien--christiane--andreas-walter-gbr,Germany,Halle 5.0,A115,,,
404 Éditions (part of Editis),404-editions-an-imprint-of-edi8,France,Halle 3.1,H59,,,
4BIT GmbH,4bit-gmbh,Germany,Halle 4.1,H53,,,
5 Sentidos,5-sentidos,Portugal,Halle 3.1,F139,,,
65pole Publishing,65pole-publishing,Czechia,Halle 3.1,C65,,,
66 Books Ltd.,66-books-ltd,United Kingdom,Halle 4.2,D15,,,
66th and 2nd SRL,66th-and-2nd-srl,Italy,Halle 3.1,B102,,,
A-BA-BA-HA-LA-MA-HA Publishers,a-ba-ba-ha-la-ma-ha-publishers,Ukraine,Halle 3.1,C13,,,
abavo GmbH,abavo-gmbh,Germany,Halle 4.1,H63,,,
ABC Medien GmbH,abc-medien-gmbh,Austria,Halle 3.0,G54,,,
ABC Melody,abc-melody-editions,France,Halle 3.1,J131,,,
Abedik SA,abedik-sa,Poland,Halle 3.0,J157,,,
Abegg-Stiftung,abegg-stiftung,Switzerland,Halle 3.0,F97,,,
Abrams & Chronicle Books,abrams--chronicle-books-3f07fdbc,United Kingdom,Halle 4.2,E78,,,
"Abrams, Inc.",abrams-inc-4da0e26d,United States,Halle 4.2,E72,,,
Academia Publishing House,academia-publishing-house,Czechia,Halle 3.1,C65,,,
Academia Sinica,academia-sinica,Taiwan,Halle 4.2,F69,,,
Academy of Nutrition and Dietetics,academy-of-nutrition-and-dietetics,United States,Halle 4.1,E33,,,
accadis Hochschule,accadis-hochschule,Germany,Halle 4.1,J79 / Campus Weekend,Celina Blank,accadis Hochschule,
accadis Hochschule,accadis-hochschule,Germany,Halle 4.1,J79 / Campus Weekend,Marieke Klaus,accadis Hochschule,
accadis Hochschule,accadis-hochschule,Germany,Halle 4.1,J79 / Campus Weekend,Markus Losert,accadis Hochschule,
accadis Hochschule,accadis-hochschule,Germany,Halle 4.1,J79 / Campus Weekend,Christopher Pilz,gotoitcareer (ein Unternehmen der accadis Bildungsgruppe),CEO und Gründer
accadis Hochschule,accadis-hochschule,Germany,Halle 4.1,J79 / Campus Weekend,Peter Kexel,accadis Hochschule,
ACC Art Books Ltd.,acc-art-books-ltd-83a705ef,United Kingdom,Halle 4.2,D91,Sales Team,ACC Art Books Ltd.,
Accès Éditions,accs-ditions,France,Halle 3.1,J131,Magaly Fagnard,Accès Éditions,Children’s Book Editor & Foreign Rights Manager
Accro Éditions SRL,accro-ditions-srl,Belgium,Halle 3.1,F97,,,
AccScience Publishing Pte. Ltd.,accscience-publishing-pte-ltd,Singapore,Halle 4.1,D57,Guo Feng,AccScience Publishing Pte. Ltd.,
AccScience Publishing Pte. Ltd.,accscience-publishing-pte-ltd,Singapore,Halle 4.1,D57,Cao Gaoteng,AccScience Publishing Pte. Ltd.,
A.C.E.R. Agencia Literaria Elizabeth Atkins,acer-agencia-literaria-elizabeth-atkins-0904060c,Spain,Halle 1.2,LitAg,,,
Achse Verlag,achse-verlag,Austria,Halle 5.0,E13,,,
Ackermann Kunstverlag,ackermann-kunstverlag,Germany,Halle 3.0,F61,,,
ACOMA srl,acoma-srl,Italy,Halle 3.1,B134,,,
Actes Sud,actes-sud-sa,France,Halle 3.1,G145,,,
Actes Sud Jeunesse (part of Actes Sud),actes-sud-jeunesse,France,Halle 3.1,G145,,,
Activ8 Global Logistics Ltd.,activ8-global-logistics-ltd,United Kingdom,Halle 4.2,G93,,,
"ACTIVA Covering Material (Shanghai) Co., Ltd.",activa-covering-material-shanghai-co-ltd,China,Halle 3.0,H50,,,
Adalbert-Stifter-Institut des Landes Oberösterreich / Stifter Haus,adalbert-stifter-institut-des-landes-obersterreich--stifter-haus,Austria,Halle 5.0,E13,,,
ADEB Association des Éditeurs Belges / Belgian publishers association,adeb-association-des-diteurs-belges--belgian-publishers-association,Belgium,Halle 3.1,F97,,,
Adelphi Edizioni S.p.A.,adelphi-edizioni-spa-1a362c5b,Italy,Halle 3.1,B129,,,
Adolf Würth GmbH & Co. KG Swiridoff Verlag,adolf-wrth-gmbh--co-kg-swiridoff-verlag-c05855a5,Germany,Halle 3.0,G93,,,
ADPS Anno Domini Publishing Services Ltd.,adps-anno-domini-publishing-services-ltd-ddd30b23,United Kingdom,Halle 4.2,G84,Andrew Wormleighton,ADPS Anno Domini Publishing Services Ltd.,Director
ADPS Anno Domini Publishing Services Ltd.,adps-anno-domini-publishing-services-ltd-ddd30b23,United Kingdom,Halle 4.2,G84,Leisa Nugent,ADPS Anno Domini Publishing Services Ltd.,
ADVANTAGE AUSTRIA Wirtschaftskammer OE Messebereich,wirtschaftskammer-oe-messebereich,Austria,Halle 5.0,D15,Michaela Kiewek,ADVANTAGE AUSTRIA Wirtschaftskammer OE Messebereich,
Advent-Verlag Schweiz,advent-verlag-schweiz,Switzerland,Halle 3.0,G54,,,
Aevitas Creative Management,aevitas-creative-management-7ea98629,United States,Halle 1.2,LitAg,,,
Aevitas Creative Management UK,aevitas-creative-management-uk-abc208e9,United Kingdom,Halle 1.2,LitAg,,,
AFTERIMAGE,sing-lit-station-ltd,Singapore,Halle 5.1,B67,,,
Agatha Christie Ltd.,agatha-christie-ltd-a2679e66,United Kingdom,Halle 1.2,LitAg,,,
Agence Hoffman GmbH,agence-hoffman-gmbh-8896c451,Germany,Halle 1.2,LitAg,,,
Agence littéraire CGR,agence-littraire-cgr,France,Halle 3.1,G125,,,
Agence Michelle Lapautre,agence-michelle-lapautre-eurl-agence-lapautre-srl-07b9331f,France,Halle 1.2,LitAg,,,
Agence Rouz SAS,agence-rouz,France,Halle 3.1,H1 / Comics Business Centre,,,
Agence Schweiger,agence-schweiger,France,Halle 1.2,LitAg,Vincent Read,Agence Schweiger,
Agència Catalana de Turisme,agncia-catalana-de-turisme,Spain,Halle 5.0,A109,,,
Agencia Estatal Boletín Oficial del Estado,agencia-estatal-boletn-oficial-del-estado,Spain,Halle 3.1,D135,,,
Agencia Küntur,agencia-kntur,Argentina,Halle 3.1,F86,,,
"Agencia Literaria Carmen Balcells, S.A.",agencia-literaria-carmen-balcells-sa-f6edb55b,Spain,Halle 1.2,LitAg,,,
Agency Ahlbäck Oy,elina-ahlback-literary-agency-oy-ltd-c863cb0d,Finland,Halle 1.2,LitAg,,,
Agentur Seyfarth,agentur-seyfarth,Germany,Halle 3.0,G93,Shalini Schermutzki,Agentur Seyfarth,
Agentur Wichmann & Hentschel,agentur-wichmann-und-hentschel,Germany,Halle 1.2,LitAg,,,
AGORA Ksiazka i Muzyka Sp. z o.o,agora-sa,Poland,Halle 3.1,B54,,,
Ahead Books,ahead-books,Greece,Halle 4.1,B49,Chris Kostas,Ahead Books,Head of International Business and Marketing
Ahn Graphics Ltd,ahn-graphics,Republic of Korea,Halle 3.0,G130,,,
"AH Publishing, Andreas Hagemann",ah-publishing-andreas-hagemann,Germany,Halle 4.0,H92,,,
AHRIMAN-Verlag,ahriman-verlag-8fa959c6,Germany,Halle 3.0,J74,,,
Ailaysa Technologies,ailaysa-technologies-private-limited,India,Halle 4.1,C75,Ilangoven Chinnusamy,Ailaysa Technologies,Publishing Solutions Lead
Aisthesis Verlag GmbH & Co. KG,aisthesis-verlag-gmbh--co-kg-e20500b5,Germany,Halle 3.0,B86,,,
Aitken Alexander Associates Ltd.,aitken-alexander-associates-ltd-b5bf92a8,United Kingdom,Halle 1.2,LitAg,,,
AJA - Anna Jarota Agency SARL,aja---anna-jarota-agency-sarl-698ed3b4,France,Halle 1.2,LitAg,,,
A-Journal B.V.,a-journal-bv,Netherlands,Halle 5.0,B168,,,
Ajuntament de Barcelona Direcció de Serveis Editorials,ajuntament-de-barcelona-direcci-de-serveis-editorials-ca635244,Spain,Halle 3.1,E141,,,
AKAD University of Applied Science,akad-university-of-applied-science,Germany,Halle 4.1,J79 / Campus Weekend,,,
AKAL2F Foresight S.L. - Deleste Editorial,akal2f-foresight-sl---deleste-editorial,Spain,Halle 3.1,E131,,,
Akiléos,akilos,France,Halle 3.1,J131,,,
"Akitashoten Co., Ltd.",akitashoten-co-ltd,Japan,Halle 3.1,G25 / Workstation,,,
AkooBooks Audio Ltd,akoobooks-audio-ltd,Ghana,Halle 4.0,H17,,,
AK Print and Layout Service,ak-print-and-layout-service,Germany,Halle 4.0,B79,,,
Alam Cahaya,alam-cahaya,Singapore,Halle 5.1,B67,Rudin Mohamed,Alam Cahaya,Manager
Alanna Feldman Scouting,alanna-feldman-scouting-a87a6d24,United States,Halle 1.2,LitAg,,,
Alarm,alarm,Czechia,Halle 3.1,C65,,,
Alba Editorial SL,alba-editorial-sl,Spain,Halle 3.1,E131,,,
Albatros Agency AB,albatros-agency-ab,Sweden,Halle 1.2,LitAg,,,
Albatros Media Slovakia,albatros-media-slovakia,Slovakia,Halle 3.1,C50,,,
"Albatros Media US, LLC",albatros-media-us-llc,United States,Halle 4.2,B58,,,
Albatroz,albatroz,Portugal,Halle 3.1,F139,,,
Alberdania S.L.,alberdania-sl,Spain,Halle 3.1,E104,,,
Albin Michel,sa-editions-albin-michel,France,Halle 3.1,H145,,,
Albin Michel Illustrated Books,albin-michel-jeunesse,France,Halle 3.1,H145,,,
Alboroto Ediciones,alboroto-ediciones,Mexico,Halle 3.1,E96,Mónica Bergna,Alboroto Ediciones,
Alea Libris Verlag | Michaela Harich,alea-libris-verlag-ee177c99,Germany,Festhalle,A79,,,
"Alevi Verlagshaus, Inh. Serkan Kimyeci",alevi-verlag-inh-serkan-kimyeci,Germany,Halle 3.1,G57,,,
Alexander Herrmann Vertrieb & Beratung,alexander-herrmann-vertrieb-und-beratung-39026f49,Germany,Halle 3.0,G93,Svenja Bauer,Alexander Herrmann Vertrieb & Beratung,
Alexander Herrmann Vertrieb & Beratung,alexander-herrmann-vertrieb-und-beratung-39026f49,Germany,Halle 3.0,G93,Saskia Prommersberger,Alexander Herrmann Vertrieb & Beratung,
Alexander Herrmann Vertrieb & Beratung,alexander-herrmann-vertrieb-und-beratung-39026f49,Germany,Halle 3.0,G93,Cecilia Schammler,Alexander Herrmann Vertrieb & Beratung,
Alexander Verlag Berlin,alexander-verlag-berlin-550f2a4e,Germany,Halle 3.0,B67,,,
Alexandra Le Faou Literary Agency,alexandra-le-faou-literary-agent,France,Halle 1.2,LitAg,,,
Alexandra van Gestel - Koopmans,avgkoopmans-8c4bff10,Germany,Halle 4.0,H104,,,
Alfa Basim Yayim Dag. Tic. ve San. Ltd. Sti.,alfa-basim-yayim-dagitim--alfa-publishing-distributions,Türkiye,Halle 3.1,G58,,,
Alfabeta Bokförlag,alfabeta-bokfrlag,Sweden,Halle 3.1,B67,,,
Alfa-Selbsthilfe Dachverband e.V.,alfa-selbsthilfe-dachverband-ev,Germany,Halle 3.0,H40,,,
Alfred A. Knopf,alfred-a-knopf,United States,Halle 5.1,D19,,,
Alfred Kröner Verlag GmbH & Co. KG,alfred-krner-verlag-gmbh--co-kg,Germany,Halle 3.0,G93,Julia Aparicio Vogl,Alfred Kröner Verlag GmbH & Co. KG,Lektorin
Alianza Editorial S.A.,alianza-editorial-sa,Spain,Halle 3.1,D85,,,
"Alibris, Inc.",alibris-inc,United States,Halle 4.2,D23,,,
Alice Editions,alice-editions,Belgium,Halle 3.1,F97,Simon de Jocas,Alice éditions,Rights manager
Alien Books,ovni-press,Argentina,Halle 3.1,E53,Martin Casanova,Alien Books,Editor
Alien Books,ovni-press,Argentina,Halle 3.1,E53,Matias Timarchi,Alien Books,Director
Alienta Imprint of Planeta Corporación S.R.L.,alienta-imprint-of-planeta-corporacin-srl,Spain,Halle 3.1,D98,Lara Mayor,Alienta Imprint of Planeta Corporación S.R.L.,
Alison Jones Business Services Limited  Practical Inspiration Publishing,alison-jones-business-services-limited--practical-inspiration-publishing-cc1c9965,United Kingdom,Halle 4.2,J89,,,
allegria / Ullstein Buchverlage GmbH,allegria-verlag-ein-unternehmen-der-ullstein-buchverlage-gmbh,Germany,Halle 3.0,A90,,,
Allen & Unwin Pty. Ltd.,allen--unwin-pty-ltd-62d0b26c,Australia,Halle 4.2,G107,,,
Allen & Unwin Pty. Ltd.,allen--unwin-pty-ltd,Australia,Halle 4.2,G107,,,
"Alliance Rights Agency, LLC",alliance-rights-agency-llc-7079554a,United States,Halle 1.2,LitAg,,,
Alligator Products Limited,alligator-products-limited-76012c11,United Kingdom,Halle 4.2,K72,,,
Allinti Verlag GmbH,allinti-verlag-gmbh,Switzerland,Halle 3.0,F97,,,
Allos Hof-Manufakur GmbH,allos-hof-manufakur-gmbh,Germany,Agora,B43,,,
Alma Edizioni s.r.l.,alma-edizioni-srl,Italy,Halle 3.1,A140,,,
Almond Entertainment Italia,almond-entertainment-italia-di-gulli-dario,Italy,Halle 3.1,B134,,,
Alston Education Pte Ltd,alston-education-pte-ltd,Singapore,Halle 4.1,A23,Wee Chee SIM,Alston Education Pte Ltd,Managing Director
Alt Autores Editorial,alt-autores-editorial,Spain,Halle 3.1,E104,,,
Alternatives (part of Madrigall),editions-alternatives-editions-gallimard,France,Halle 3.1,H97,,,
Amalthea Signum Verlag GmbH,amalthea-signum-verlag-gmbh,Austria,Halle 3.0,C34,Marlen Bernleitner,Amalthea Signum Verlag GmbH,Presse & Veranstaltungen
Amalthea Signum Verlag GmbH,amalthea-signum-verlag-gmbh,Austria,Halle 3.0,C34,Katja Steiger,Amalthea Signum Verlag GmbH,Vertrieb & Lizenzen
Amarin Corporations Public Company Limited,amarin-corporations-public-company-limited,Thailand,Halle 5.1,A113,,,
Amazon Deutschland Services GmbH  Kindle Direct Publishing,amazon-deutschland-services-gmbh--kindle-direct-publishing-b075a132,Germany,Halle 5.0,B66,,,
"Amazon EU SARL, Niederlassung Deutschland - Amazon Publishing",amazon-deutschland-services-gmbh---amazon-publishing-7bfeed3a,Germany,Halle 5.0,A59,,,
Amazon Services Europe S.à.r.l.,amazon-services-europe-srl,Luxembourg,Halle 1.2,PRC,,,
Amber Books Ltd.,amber-books-ltd-83c16258,United Kingdom,Halle 5.1,D46,,,
"Amberley Publishing Group (incorporating Ryland Peters & Small and CICO Books; Icon Books, Quiller Publishing)",ryland-peters--small-ltd-744dcd23,United Kingdom,Halle 4.2,E86,,,
Am-Book Inc.,am-book-inc,United States,Halle 1.2,LitAg,,,
AMEET Sp. z.o.o.,ameet-sp-zoo-23136b1a,Poland,Halle 4.2,B32,,,
American Academy of Dermatology,american-academy-of-dermatology-7925b40d,United States,Halle 4.1,F98,Paula King,American Academy of Dermatology,"Sr. Manager, Licensing & Affinity"
American Academy of Dermatology,american-academy-of-dermatology-7925b40d,United States,Halle 4.1,F98,Sthefanía Ornela,American Academy of Dermatology,
American Academy of Dermatology,american-academy-of-dermatology-7925b40d,United States,Halle 4.1,F98,Jacklyn Premak,American Academy of Dermatology,"Associate Director, Sales Strategy"
American Academy of Pediatrics,american-academy-of-paediatrics,United States,Halle 4.1,E33,,,
American Association for the Advancement of Science (AAAS/Science),american-association-for-the-advancement-of-science-aaasscience-7ffd17d5,United States,Halle 4.1,E79,,,
American Chemical Society,american-chemical-society-5074241d,United States,Halle 4.1,E63,,,
American Collective Stand Inc.,american-collective-stand-inc,United States,Halle 4.2,H84,Jon Malinowski,American Collective Stand Inc.,President
American Institute of Aeronautics and Astronautics,american-institute-of-aeronautics-and-astronautics-b119f6c5,United States,Halle 4.2,H73,David Arthur,American Institute of Aeronautics and Astronautics,"Director, Publications"
American Institute of Aeronautics and Astronautics,american-institute-of-aeronautics-and-astronautics-b119f6c5,United States,Halle 4.2,H73,Shannon Peters,American Institute of Aeronautics and Astronautics,
American Library Association,american-library-association-6b7d7755,United States,Halle 4.2,H88,,,
American Library Association,american-library-association,United States,Halle 4.2,H84,,,
American Mathematical Society,american-mathematical-society-aab1469f,United States,Halle 4.1,E33,,,
"American Psychiatric Publishing, Inc. (APP)",american-psychiatric-association-publishing-apap,United States,Halle 4.1,G95,,,
American Psychological Association,american-psychological-association-5b446374,United States,Halle 4.1,G53,,,
American Society of Civil Engineers,american-society-of-civil-engineers-a73b87d8,United States,Halle 4.1,D74,,,
A M Heath & Co Ltd,a-m-heath--co-ltd-57937d56,United Kingdom,Halle 1.2,LitAg,,,
AMHIH Solutions,amhih-solutions-8c7cd48d,United States,Halle 4.2,M55,,,
Amicus Publishing - a division of The Creative Company,amicus-publishing-2d1d001c,United States,Halle 4.2,C5,,,
Aminori Ltd.,aminori-ltd,Latvia,Halle 3.1,A33,,,
Amity Printing Co. Ltd,amity-printing-co-ltd-9be0379c,China,Halle 3.0,G50,YUHONG HOU,Amity Printing Co. Ltd,
A.M.K. (Service) Agency Ltd. AMK BOOK SERVICES,amk-service-agency-ltd-amk-book-services-0089b46a,United Kingdom,Halle 4.2,G85,,,
A.M.K. (Service) Agency Ltd. AMK BOOK SERVICES,amk-service-agency-ltd-amk-book-services,United Kingdom,Halle 4.2,G69,,,
Amnesty International Deutschland e.V.,amnesty-international-deutschland-ev,Germany,,,,,
Amnesty International Deutschland e.V.,amnesty-international-deutschland-ev-2bc22471,Germany,Agora,E7,,,
Amnet ContentSource,amnet-contentsource,India,Halle 4.1,F21,Venu Prasad,Amnet ContentSource,Managing Director
Amsel Inc.,amsel-inc,Japan,Halle 4.1,B73,,,
Amsterdam University Press,amsterdam-university-press-85642d66,Netherlands,Halle 4.1,E72,,,
Amyris Édition,amyris-dition,Belgium,Halle 3.1,F97,,,
Ancora Editrice,ancora-editrice,Italy,Halle 3.1,B134,,,
Andana Llibres SL,andana-llibres-sl,Spain,Halle 3.1,E120,,,
A.N.D Creative Limited,and-creative-limited,Hong Kong,Halle 5.1,D121,,,
Andersen Press Limited,andersen-press-limited-29a30d45,United Kingdom,Halle 4.2,A19,Elena Battista,Andersen Press Limited,Senior Rights Manager
Andersen Press Limited,andersen-press-limited-29a30d45,United Kingdom,Halle 4.2,A19,Liz White,Andersen Press Limited,
Andrew Nurnberg Associates Ltd.,andrew-nurnberg-associates-ltd-a5f14415,United Kingdom,Halle 1.2,LitAg,,,
Andrew Nurnberg Associates Warsaw Sp. z o.o.,andrew-nurnberg-associates-warsaw-sp-z-oo,Poland,Halle 1.2,LitAg,,,
Andrews McMeel Publishing,andrews-mcmeel-publishing-41c0a5d3,United States,Halle 5.1,D104,,,
Anhui Tianjin Printing Technology Co. Ltd.,anhui-tianjin-printing-technology-co-ltd,China,Halle 4.2,A91,,,
Animallibres Editorial SL,animallibres-slu,Spain,Halle 3.1,E131,,,
Animomo Limited,animomo-limited,Hong Kong,Halle 5.1,D121,,,
AniMoon Publishing GmbH,animoon-publishing-gmbh,Germany,Halle 4.0,B92,,,
Ankerwechsel Verlag Harriet Dohmeyer,ankerwechsel-verlag-harriet-dohmeyer,Germany,Halle 3.0,C91,,,
Anne Frank Fonds,anne-frank-fonds-f356494d,Switzerland,Halle 1.2,LitAg,,,
Anne Frank House,anne-frank-house,Netherlands,Halle 3.1,E21,,,
Annick Press Ltd.,annick-press-ltd-0d5c94fa,Canada,Halle 4.2,H3,,,
"Ann-Kathrin Wasle, TintenSchwan",tintenschwan-ann-kathrin-wasle-d63ac4ea,Germany,Halle 4.0,H77,,,
Annual Reviews,annual-reviews-ece6b4b6,United States,Halle 4.1,G91,,,
Anpak Printing Ltd.,anpak-printing-ltd-6dabf88e,Hong Kong,Halle 4.2,D7,,,
Anpak Printing Ltd.,anpak-printing-ltd-439695a9,Hong Kong,Halle 5.1,D121,,,
Antares Publishing House,antares-publishing-house,Armenia,Halle 3.1,B11,,,
Antas Bindermann Listau GbR,antas-bindermann-listau-gbr-366b4a5f,Germany,Halle 3.0,C49,,,
Anthea Verlag,anthea-verlag,Germany,Halle 3.0,B72,,,
Anton H. Konrad Verlag,anton-h-konrad-verlag,Germany,Halle 3.0,B108,,,
"Antonia Kerrigan Literary Agency (Donegal Magnalia, S.L.)",antonia-kerrigan-literary-agency,Spain,Halle 1.2,LitAg,,,
"Anvil Publishing, Inc.",anvil-publishing-inc,Philippines,Halle 5.1,A95,,,
Apa Publications / Rough Guides,apa-publications--rough-guides,United Kingdom,Halle 4.2,J8,,,
APEL - Associação Portuguesa de Editores e Livreiros,apel---associao-portuguesa-de-editores-e-livreiros-f5733f99,Portugal,Halle 3.1,F139,Bruno Pires Pacheco,APEL - Associação Portuguesa de Editores e Livreiros,Secretary-General
Apex CoVantage,apex-covantage,United States,Halle 4.1,H70,,,
Apex Print Limited,apex-print-limited,Hong Kong,Halle 5.1,D121,,,
Apress,apress-2be4a1cd,,Halle 4.1,E16,,,
Aquelarre Ediciones SA de CV,aquelarre-ediciones-sa-de-cv,Mexico,Halle 3.1,E96,Miguel Ángel Pineda Juárez,Aquelarre Ediciones SA de CV,
Arabookverse International,arabookverse-international,United Arab Emirates,Halle 4.1,K6,Ali Ahmed,Arabookverse International,CEO & Co-Founder
Arabookverse International,arabookverse-international,United Arab Emirates,Halle 4.1,K6,Ahmed Rewihel,Arabookverse International,Co-founder & CBO
Arabookverse International,arabookverse-international,United Arab Emirates,Halle 4.1,K6,Waleed Sameh,Arabookverse International,COO & Cofounder
Arab Publishers Association Executive Office,arab-publishers-association-executive-office-24bfd81c,Egypt,Halle 5.1,B19,,,
aracari verlag ag,aracari-verlag-ag,Switzerland,Halle 3.0,F97,,,
Arbeitskreis für Jugendliteratur e. V.,arbeitskreis-fr-jugendliteratur-e-v,Germany,Halle 4.0,F88,,,
Arcadia Press Limited,arcadia-press-limited,Hong Kong,Halle 5.1,D121,,,
Archäologisches Museum Frankfurt,archologisches-museum-frankfurt-5ceffd86,Germany,,,,,
ARCHE Literatur,arche-literatur,Germany,Halle 5.0,B67,,,
ArchiTangle GmbH,architangle-gmbh,Germany,Halle 3.0,G93,Sonja Bröderdörp,ArchiTangle GmbH,CFO
ArchiTangle GmbH,architangle-gmbh,Germany,Halle 3.0,G93,Cansu Değirmencioğlu,ArchiTangle GmbH,Project Manager
ArchiTangle GmbH,architangle-gmbh,Germany,Halle 3.0,G93,Lisa Luksch,ArchiTangle GmbH,
"Archiworld Publishers Co., Ltd.",archiworld-co-ltd,Republic of Korea,Halle 3.0,G125,,,
ARCTIS,arctis,Germany,Halle 5.0,B67,,,
Arcturus Publishing Ltd.,arcturus-publishing-ltd-9f488feb,United Kingdom,Halle 4.2,M91,,,
Areal Editores,areal-editores,Portugal,Halle 3.1,F139,,,
Arena Verlag GmbH,arena-verlag-gmbh-67fbe0af,Germany,Halle 4.0,G72,,,
Argentinian Ministry of Foreign Affairs - Sur Translation Support Programe,argentinian-ministry-of-foreign-affairs---sur-translation-support-programe,Argentina,Halle 3.1,F86,,,
Argon Verlag AVE GmbH,argon-ave-gmbh-f2993b17,Germany,Festhalle,B93,,,
Argon Verlag AVE GmbH,argon-verlag-ave-gmbh,Germany,Halle 4.0,J6,Annika Nasel,Argon Verlag AVE GmbH,Marketingmanagerin & Blogger Relations
Argo Publishers,argo-publishers,Estonia,Halle 3.1,B34,,,
Argo Publishers,argo-publishers-24de661c,Czechia,Halle 3.1,C65,,,
Ariella Verlag,ariella-verlag,Germany,Halle 3.0,B66,Myriam Halberstam,Ariella Verlag,Verlegerin
Aries Systems Corporation,aries-systems-corporation,United States,Halle 4.1,J79 / Workstation,,,
ARI Literature Foundation,ari-literature-foundation,Armenia,Halle 3.1,B11,,,
Äripäev Book Publishing,ripev-book-publishing,Estonia,Halle 3.1,B34,,,
"Arisverlag, ein Unternehmen der Redaktionsbüro GmbH",arisverlag-ein-unternehmen-der-redaktionsbro-gmbh,Switzerland,Halle 3.0,F97,,,
Armand Colin (part of Hachette Livre),armand-colin-part-of-hachette-livre,France,Halle 3.1,H59,,,
Armando Humberto González Torres,armando-humberto-gonzlez-torres,Mexico,Halle 3.1,E96,Nancy García,Armando Humberto González Torres,
Armando Humberto González Torres,armando-humberto-gonzlez-torres,Mexico,Halle 3.1,E96,Armando González Torres,Armando Humberto González Torres,Autor
Armour Publishing Pte Ltd.,armour-publishing-pte-ltd,Singapore,Halle 5.1,B67,,,
Arnoia Distribución de Libros S.A.,arnoia-distribucin-de-libros-sa,Spain,Halle 3.1,D135,,,
Arno Schmidt Stiftung,arno-schmidt-stiftung-7e1f720e,Germany,Halle 3.0,C92,,,
arsEdition GmbH,arsedition-gmbh-ec248a42,Germany,Halle 4.0,A8,Rebecca Caicedo,arsEdition GmbH,Event Managerin
arsEdition GmbH,arsedition-gmbh-9b9e53fb,Germany,Agora,B46,,,
Arsenal Pulp Press,arsenal-pulp-press,Canada,Halle 4.2,H9,,,
Ars Lamina Publications,ars-lamina-publications,North Macedonia,Halle 3.1,B12,,,
ars remata,ars-remata,Switzerland,Halle 3.0,F97,,,
ars vivendi verlag GmbH & Co. KG,ars-vivendi-verlag-gmbh--co-kg-7b0a46c6,Germany,Halle 3.0,G93,,,
ars vivendi verlag GmbH & Co. KG,ars-vivendi-verlag-gmbh--co-kg,Germany,Halle 3.0,F61,,,
art book cologne GmbH & Co. KG,art-book-cologne-gmbh--co-kg,Germany,Halle 4.2,D53,,,
Artbook D.A.P.,artbook-dap,United States,Halle 4.2,D67,,,
ARTE Deutschland TV GmbH,arte-deutschland-tv-gmbh-68e23e3f,Germany,,,,,
Artège (part of Elidia group),editions-artge,France,Halle 3.1,G145,,,
Arte in Fiaba di Valentina Rizzi (Bibliolibrò),arte-in-fiaba-di-valentina-rizzi-bibliolibr,Italy,Halle 3.1,B102,,,
Arte Plural Edições,arteplural-edies,Portugal,Halle 3.1,F139,,,
Arthaud (part of Flammarion),editions-arthaud-part-of-the-flammarion-publishing-group,France,Halle 3.1,H97,,,
Art of Chinara,art-of-chinara,Germany,Halle 4.0,B95,,,
"Artron Art (Group) Co., Ltd.",artron-art-group-co-ltd,China,Halle 4.2,E94,,,
ArtygenSpace,artygenspace,Republic of Korea,Halle 4.1,C56,,,
"Artzy Bytes CO., LTD.",artzy-bytes-co-ltd,Taiwan,Halle 4.2,F69,,,
Arvato Media GmbH,arvato-media-gmbh-583be5e0,Germany,Halle 4.1,F27,,,
A.S.A.P Global E-Books Private Limited,asap-global-e-books-private-limited,India,Halle 4.1,G19,AAYUSH JAIN,A.S.A.P Global E-Books Private Limited,DIRECTOR
Ascent Digital (Private) Limited,the-ascent-digital,United States,Halle 4.2,M6,Freddy Thomas,Ascent Digital (Private) Limited,
Aschendorff Verlag GmbH & Co. KG,aschendorff-verlag-gmbh--co-kg-d59bb915,Germany,Halle 4.1,J79 / Workstation,Peter Kritzinger,Aschendorff Verlag GmbH & Co. KG,Verlagsleitung
Aschendorff Verlag GmbH & Co. KG,aschendorff-verlag-gmbh--co-kg-d59bb915,Germany,Halle 4.1,J79 / Workstation,Julian Meck,Aschendorff Verlag GmbH & Co. KG,Vertriebsleitung
Ashridge Arts & Crafts -  66 Books Ltd.,ashridge-arts--crafts,United Kingdom,Halle 5.0,C142,,,
Asian Development Bank (ADB),asian-development-bank-adb,Philippines,Halle 4.1,G65,,,
Asia One Printing Limited,asia-one-printing-limited,Hong Kong,Halle 5.1,D121,,,
Asia Stage - Frankfurter Buchmesse,asia-stage---frankfurter-buchmesse,Germany,Halle 5.1,A75,,,
askip,askip,Switzerland,Halle 3.0,F97,,,
Asociación Galega de Editoras,asociacin-galega-de-editoras,Spain,Halle 3.1,D135,,,
Asociación Gremial de Editores de Guatemala,asociacin-gremial-de-editores-de-guatemala,Guatemala,Halle 3.1,E62,,,
Aspekt Feminist Educational and Publishing Project,aspekt-feminist-educational-and-publishing-project,Slovakia,Halle 3.1,C50,,,
Aspen Skye,aspen-skye,Germany,Festhalle,A61,,,
Ass European Digital Reading Lab,european-digital-reading-lab,France,Halle 4.1,F15,Gautier Chomel,Ass European Digital Reading Lab,Head of Accessibility & Quality Management
Ass European Digital Reading Lab,european-digital-reading-lab,France,Halle 4.1,F15,Marie-Laurence de Rocher,European Digital Reading Lab,Event & Communication
ASSIMIL GmbH,assimil-gmbh-9a5e935a,Germany,Halle 3.0,H28,,,
Assírio & Alvim,assrio--alvim,Portugal,Halle 3.1,F139,,,
Associació d'Editors del País Valencià - AEPV,associaci-deditors-del-pas-valenci---aepv,Spain,Halle 3.1,E120,Lluïsa Casañ Delgado-Iribarren,Associació d'Editors del País Valencià - AEPV,Internationalization Office
Associació d'Editors del País Valencià - AEPV,associaci-deditors-del-pas-valenci---aepv,Spain,Halle 3.1,E120,Paula Rausell Escribá,Associació d'Editors del País Valencià - AEPV,
Association for Computing Machinery,association-for-computing-machinery-98bcb53d,United States,Halle 4.1,D70,Megan Vance,Association for Computing Machinery,Open Access Sales Manager
Association of American Publishers (AAP),association-of-american-publishers-aap,United States,Halle 4.2,K24,Bridget Bermingham,Association of American Publishers (AAP),
Association of Canadian University Presses,association-of-canadian-university-presses-7d90b3d0,Canada,Halle 4.2,H25,,,
Association of Kosova Publishers (Shoqata e Botuesve të Kosovës),association-of-kosova-publishers-shoqata-e-botuesve-t-kosovs,Kosovo,Halle 3.1,B27,,,
Associazione Culturale Ilios Editore / Iliosbooks,associazione-culturale-ilios-editore--iliosbooks,Italy,Halle 3.0,G140,,,
Associazione Italiana Editori - AIE,associazione-italiana-editori---aie,Italy,Halle 3.1,B134,,,
Assoziation A,assoziation-a-6ac9af0b,Germany,Halle 3.0,C67,,,
ASTA ILMU PUBLISHING - MENTARI Group,asta-ilmu-publishing---mentari-group-0ef8f167,Indonesia,Halle 4.1,B71,,,
Asterisc Agents Fishing Talent SL,asterisc-agents-fishing-talent-sl-fb3e0108,Spain,Halle 1.2,LitAg,,,
Astier-Pécher Literary & Film Agency,astier-pcher-literary--film-agency-254a3fc7,France,Halle 1.2,LitAg,,,
Astisendo Grupo Editorial S.L.,astisendo-grupo-editorial-sl,Spain,Halle 3.1,E104,,,
ASTM International,astm-international-94290f86,United States,Halle 4.1,G96,,,
Astrid Lindgren Company,astrid-lindgren-company,Sweden,Halle 3.1,B67,,,
Astrolabe Publishing,astrolabe-publishing,Ukraine,Halle 3.1,A68,,,
Atebol,atebol,United Kingdom,Halle 3.1,B22,,,
Atelier EXB,atelier-exb,France,Halle 3.1,H125,,,
Ateneo de Manila University Press,ateneo-de-manila-university-press,Philippines,Halle 5.1,A95,,,
Athesia Kalenderverlag GmbH,athesia-kalenderverlag-gmbh,Germany,Halle 3.0,F61,,,
Atlantic Books,atlantic-books-53ac2f8b,United Kingdom,Halle 4.2,G107,,,
Atlantic Books,atlantic-books,United Kingdom,Halle 4.2,G107,,,
Atlex Ltd.,atlex-ltd,Estonia,Halle 3.1,B34,,,
Atrium Verlag AG,atrium-verlag-ag,Switzerland,Halle 5.0,B67,,,
Atticus Publishing LLC,atticus-publishing-llc,United States,Halle 4.2,K17,Ren Shelley,Atticus Publishing LLC,
Atticus Publishing LLC,atticus-publishing-llc,United States,Halle 4.2,K17,John Henry Zanoria,Atticus Publishing LLC,Director
AT Verlag AG,at-verlag-ag,Switzerland,Halle 3.0,F97,Liliane Licata,AT Verlag AG,Verlagsassistentin / Lizenzen
Audible,audible-gmbh,Germany,Halle 4.0,H32,Liza Dee,Audible,
Audio Business Centre - Frankfurter Buchmesse,frankfurt-audio---frankfurter-buchmesse,,Halle 4.1,K9,,,
Audioteka Group sp. z o.o.,audioteka-group-sp-z-oo,Poland,Halle 4.0,H31,,,
Audio-To-Go Publishing Ltd.,audio-to-go-publishing-ltd,Ireland,Halle 4.0,H17,Marc Sieper,Audio-To-Go Publishing Ltd.,Managing Director
Aufbau Verlage GmbH & Co. KG,aufbau-verlage-gmbh--co-kg,Germany,Halle 3.0,E143,,,
Augustus Agency AB,augustus-agency-ab,Sweden,Halle 1.2,LitAg,,,
August Verlag | Imprint von MSB Matthes & Seitz Berlin Verlagsgesellschaft mbH,august-verlag--imprint-von-msb-matthes--seitz-berlin-verlagsgesellschaft-mbh-695363ad,Germany,Halle 3.0,C150,,,
Aurora Editora,aurora-editora,Portugal,Halle 3.1,F139,,,
Aurora Vertriebskooperation  Alexander Herrmann Vertrieb & Beratung,aurora-vertriebskooperation--alexander-herrmann-vertrieb--beratung,Germany,Halle 3.0,G93,,,
Australian Publishers Association,australian-publishers-association-7a22a8c8,Australia,Halle 4.2,J66,Melissa Crino,Australian Publishers Association,Programs & Partnerships Manager
Austral Imprint of Planeta Corporación S.R.L.,austral-imprint-of-planeta-corporacin-srl,Spain,Halle 3.1,D98,,,
Author Solutions LLC,author-solutions-llc,United States,Halle 4.2,H84,,,
Authors Perspective Press,authors-perspective-press,United States,Halle 4.2,M51,,,
Author's Tranquility Press,authors-tranquility-press,United States,Halle 4.2,M42,,,
Autoren- und Projektagentur Gerd F. Rumler,autoren--und-projektagentur-gerd-f-rumler-6f96a179,Germany,Halle 1.2,LitAg,,,
Autor:innenlounge Sissi Steuerwald & Tamara Leonhard GbR,autorinnenlounge-sissi-steuerwald--tamara-leonhard-gbr,Germany,Halle 4.0,J94,,,
Autrement (part of Flammarion),autrement-part-of-the-flammarion-publishing-group,France,Halle 3.1,H97,,,
Autumnus Verlag,autumnus-verlag,Germany,Halle 3.0,B101,,,
Auzou,auzou-editions,France,Halle 3.1,G83,,,
AVA international GmbH Autoren- und Verlagsagentur,ava-international-gmbh-autoren--und-verlagsagentur-19268e34,Germany,Halle 1.2,LitAg,,,
Avallain AG,avallain-ag,Switzerland,Halle 3.0,F97,Stephen Madden,Avallain AG,Senior Business Development Manager
Ave Maria Press,ave-maria-press,United States,Halle 4.2,C70,Karey Circosta,Ave Maria Press,CEO and Publisher
Ave Maria Press,ave-maria-press,United States,Halle 4.2,C70,Josh Noem,Ave Maria Press,Editorial Director
Aventuras Literarias S.L.,aventuras-literarias-sl,Spain,Halle 3.1,D135,,,
AVERROES Educational GmbH,averroes-educational-gmbh,Germany,Halle 5.1,A53,,,
AvivA Britta Jürgs GmbH,aviva-britta-jrgs-gmbh-016f24d8,Germany,Halle 3.0,B105,,,
Avocado Books,avocado-books-earl-grey-co-ltd,Thailand,Halle 5.1,A113,Jakkrit Tom Yompayorm,Avocado Books,Founder and Editor-In-Chief
Award Publications Ltd.,award-publications-ltd-d318f48d,United Kingdom,Halle 4.2,A5,,,
Awareness Team - Frankfurter Buchmesse,awareness-team---frankfurter-buchmesse,Germany,Halle 4.1 Foyer,A1,,,
A.W. Bruna Uitgevers B.V.,aw-bruna-uitgevers-bv,Netherlands,Halle 3.1,E21,,,
axel dielmann – verlag KG Frankfurt am Main,axel-dielmann--verlag-kg,Germany,Halle 3.0,D63,,,
Ayrinti Yayinlari,ayrinti-yayinlari,Türkiye,Halle 3.1,G70,,,
Ayser Ali Agency,ayser-ali-agency,United Kingdom,Halle 1.2,LitAg,,,
AZ Editora S.A.,az-editora,Argentina,Halle 3.1,F86,Laila Desmery,AZ Editora S.A.,
AZ Editora S.A.,az-editora,Argentina,Halle 3.1,F86,Ramiro Villalba Garibaldi,AZ Editora S.A.,
AzToys International Sp. z o.o.,aztoys-international-sp-z-oo,Poland,Halle 4.2,M83,,,
AZUBISTRO c/o mediacampus frankfurt GmbH,azubistro-co-mediacampus-frankfurt-gmbh,Germany,Halle 5.0,C97,Osama Ishneiwer,AZUBISTRO c/o mediacampus frankfurt GmbH,Bildungsberatung | Vertrieb | Veranstaltungsmanagement
AZUBISTRO c/o mediacampus frankfurt GmbH,azubistro-co-mediacampus-frankfurt-gmbh,Germany,Halle 5.0,C97,Alina Wörmann,AZUBISTRO c/o mediacampus frankfurt GmbH,Marketing Managerin
AZUBISTRO c/o mediacampus frankfurt GmbH,azubistro-co-mediacampus-frankfurt-gmbh,Germany,Halle 5.0,C97,Selina Ruiz Lopez,AZUBISTRO c/o Mediacampus Frankfurt GmbH,Marketing Managerin
B3 Verlag,b3-verlag,Germany,Halle 3.0,D87,,,
Babel-Bridge Literary Agency,babel-bridge-literary-agency-19b00af6,Germany,Halle 4.2,LitAg,,,
Babel-Bridge Literary Agency,babel-bridge-literary-agency,Denmark,Halle 1.2,LitAg,,,
Bacopa,bacopa,Austria,Halle 5.0,E13,,,
Badcock & Rozycki Lit Scouts,badcock--rozycki-lit-scouts-8e35c74f,United Kingdom,Halle 1.2,LitAg,,,
baderstreet UG,baderstreet-ug,Germany,Halle 4.0,B77,,,
Baeschlin Bücher und Verlage AG,baeschlin-verlag,Switzerland,Halle 3.0,F97,,,
Baker Publishing Group,baker-publishing-group-b2f82127,United States,Halle 4.2,C95,Alex Nieuwsma,Baker Publishing Group,Director of Subsidiary Rights
Bakers Lane Books,bakers-lane-books,Australia,Halle 4.2,J66,Ginny Grant,Bakers Lane Books,Publisher
Balaena-Verlag Dr. Heinz Granvogl e.K.,balaena-verlag-dr-heinz-granvogl-ek,Germany,Halle 3.0,B60,,,
BALTO print UAB,balto-print-uab,Lithuania,Halle 3.0,A74,Andrius Migauskas,BALTO print UAB,Project manager
Bamboo,bamboo-edition,France,Halle 3.1,H96,,,
BAM - Books and More,bam---booksandmore,France,Halle 1.2,LitAg,,,
"Banlue Publications Co.,Ltd.",banlue-publications-coltd,Thailand,Halle 5.1,A113,,,
Baobab Books,baobab-books,Switzerland,Halle 3.0,F97,,,
Baobab&GplusG s.r.o.,baobabgplusg-sro,Czechia,Halle 3.1,C65,,,
Baobab Luxembourg sàrl,baobab-luxembourg-srl,Luxembourg,Halle 3.0,F98,,,
BAO Publishing srl,bao-publishing-srl,Italy,Halle 3.1,H23 / Comics Business Centre,,,
Barbara Tolley & Associates,barbara-tolley--associates,United States,Halle 1.2,LitAg,,,
"Barbour Publishing, Inc.",barbour-publishing-inc,United States,,,Laura Young,"Barbour Publishing, Inc.",Executive Administration Assistant/Rights Manager
Bardon-Chinese Media Agency,bardon-chinese-media-agency,Taiwan,Halle 1.2,LitAg,,,
"Baror International, Inc.",baror-international-inc-d18a96bb,United States,Halle 1.2,LitAg,,,
Barsortiment Könemann Vertriebs GmbH,barsortiment-knemann-vertriebs-gmbh-91f9f48e,Germany,Halle 4.1,H28,Schneider Nicole,Barsortiment Könemann Vertriebs GmbH,Assistenz Geschäftsführung
Barsortiment Könemann Vertriebs GmbH,barsortiment-knemann-vertriebs-gmbh-91f9f48e,Germany,Halle 4.1,H28,Melanie Faust,Barsortiment Könemann Vertriebs GmbH,
Bastei Lübbe AG,bastei-lbbe-ag-c81908d0,Germany,Halle 5.0,C65,Verena Blum,Bastei Lübbe AG,
Bastei Lübbe AG,bastei-lbbe-ag-c81908d0,Germany,Halle 5.0,C65,Dona-Amelia Chemane,Bastei Lübbe AG,Marketing Managerin
Bastei Lübbe AG,bastei-lbbe-ag-c81908d0,Germany,Halle 5.0,C65,Uwe Kalkowski,Bastei Lübbe AG,Brand Manager Eichborn & Pfaueninsel
Bastei Lübbe AG,bastei-lbbe-ag-c81908d0,Germany,Halle 5.0,C65,Silja Matuszak,Bastei Lübbe AG,
Bastei Lübbe AG,bastei-lbbe-ag-c81908d0,Germany,Halle 5.0,C65,Anika Mittler,Bastei Lübbe AG,
Bastei Lübbe AG,bastei-lbbe-ag-c81908d0,Germany,Halle 5.0,C65,Raphael Richter,Bastei Lübbe AG,
Bastei Lübbe AG,bastei-lbbe-ag-c81908d0,Germany,Halle 5.0,C65,Freia Weidermann,Bastei Lübbe AG Pfaueninsel Verlag,
Bastei Lübbe AG,bastei-lbbe-ag-2d761746,Germany,Halle 1.2,PRC,,,
Bata Press,bata-press,North Macedonia,Halle 3.1,B12,,,
Batch Ltd.,batch-ltd-fead7420,United Kingdom,Halle 4.2,D32,,,
Bateman Books,bateman-books,New Zealand,Halle 4.2,G29,,,
Baumhaus Verlag in der Bastei Lübbe AG,baumhaus-verlag-in-der-bastei-lbbe-ag-de936bec,Germany,Halle 5.0,C65,,,
Bayard,bayard-editions-0341f578,France,Halle 3.1,H97,,,
"BC Agency Co., Ltd.",bc-agency-co-ltd,Republic of Korea,Halle 1.2,LitAg,,,
BD Kids (part of Bayard),bd-kids-part-of-bayard-ditions,France,Halle 3.1,H97,,,
Beanie Bear Studio,beanie-bear-studio,Hong Kong,Halle 5.1,D121,,,
Bears Factor Literary Agency FZC,bears-factor-literary-agency-fzc-7347ff17,United Arab Emirates,Halle 1.2,LitAg,,,
Beau Books Limited Partnership,beau-books-limited-partnership,Thailand,Halle 5.1,A113,,,
BeBra Verlag GmbH,bebra-verlag-gmbh,Germany,Halle 3.0,G93,,,
Becker & Becker Vertrieb GmbH & Co. KG  Grafik Werkstatt,becker--becker-vertrieb-gmbh--co-kg--grafik-werkstatt,Germany,Halle 3.0,F61,,,
Becker Joest Volk Verlag GmbH & Co. KG,becker-joest-volk-verlag-gmbh--co-kg,Germany,Halle 3.0,G93,,,
beHEARTBEAT in der Bastei Lübbe AG,beheartbeat-in-der-bastei-lbbe-ag-1a83b487,Germany,Halle 5.0,C65,,,
"Beijiao Children Joy Education & Technology (Beijing) Co., Ltd.",beijiao-children-joy-education--technology-beijing-co-ltd,China,Halle 4.2,C40,,,
Beijing Allied Fortune International Trade Limited,beijing-allied-fortune-international-trade-limited,China,Halle 3.1,C144,Massimiliano Pagani,Beijing Allied Fortune International Trade Limited,International Sales Manager
"Beijing Information and Communication Media Co.,Ltd.",beijing-information-and-communication-media-coltd,China,Halle 5.1,D140,,,
Beijing Language & Culture University Press,beijing-language--culture-university-press,China,Halle 5.1,D140,,,
Beijing Zhongke Import & Export Ltd.,beijing-zhongke-import--export-ltd,China,Halle 4.1,F90,,,
Belin (part of Terre neuve éditeurs),editions-belin-part-of-humensis,France,Halle 3.1,H145,,,
Belli GmbH,belli-gmbh,Germany,Halle 3.0,B132,Leonie Seeger,Belli GmbH,
Beltz Verlagsgruppe GmbH & Co. KG,verlagsgruppe-beltz-julius-beltz-gmbh--co-kg-f3340d5e,Germany,Halle 4.0,A32,Louisa Fabry,Beltz Verlagsgruppe GmbH & Co. KG,Veranstaltungsmanagement Messen und Kongresse
Beltz Verlagsgruppe GmbH & Co. KG,verlagsgruppe-beltz-julius-beltz-gmbh--co-kg-f3340d5e,Germany,Halle 4.0,A32,Sassa Kraft,Beltz Verlagsgruppe GmbH & Co. KG,
Beltz Verlagsgruppe GmbH & Co. KG  - Campus,campus-verlag-gmbh-405d209e,Germany,Halle 4.0,A24,,,
Beluga Limited,beluga-limited,Hong Kong,Halle 5.1,D121,,,
Benchmark Education Company,benchmark-education-company-750704ee,United States,Halle 4.2,H67,,,
"Bendon, Inc",bendon-inc,United States,Halle 4.2,G87,,,
Bennet Agency - Natur & Kultur Media i Stockholm AB,bennet-agency,Sweden,Halle 1.2,LitAg,,,
Bentham Science Publishers Ltd.,bentham-science-publishers-ltd-fd9c7e67,United Arab Emirates,Halle 4.1,F63,,,
Berghahn Books Ltd.,berghahn-books-ltd,United Kingdom,Halle 4.2,J7,,,
Bergverlag Rother GmbH,bergverlag-rother-gmbh,Germany,Halle 5.0,A115,,,
Berla & Griffini Rights Agency SRL,berla--griffini-rights-agency-srl-b2f50501,Italy,Halle 1.2,LitAg,,,
Berlinale Co-Production Market,berlinale-co-production-market,Germany,,,,,
Berlinica Publishing LLC,berlinica-publishing-llc,United States,Halle 4.2,K14,,,
Berlin Verlag in der Piper Verlag GmbH,berlin-verlag-in-der-piper-verlag-gmbh-a7a46ecc,Germany,Halle 3.0,A58,,,
"Berrett-Koehler Publishers, Inc.",berrett-koehler-publishers-inc,United States,Halle 4.2,H100,,,
"Berrett-Koehler Publishers, Inc.",berrett-koehler-publishers-inc-b3c299ab,United States,Halle 4.2,H84,,,
Bertelsmann SE & Co. KGaA,bertelsmann-se--co-kgaa,Germany,,,Laura Austen,Bertelsmann SE & Co. KGaA,Managerin Cultural Affairs/Projektleitung Das Blaue Sofa
"Bertrand Editora, Lda.",bertrand-editora,Portugal,Halle 3.1,F139,,,
Beskos & Reichenbach mairisch Verlag,mairisch-verlag-stolz-beskos-reichenbach-gbr-1f152f72,Germany,Halle 3.0,C89,,,
beThrilled in der Bastei Lübbe AG,bethrilled-in-der-bastei-lbbe-ag-5b3eaa6c,Germany,Halle 5.0,C65,,,
Bettina Pfeiffer,bettina-pfeiffer,Austria,Halle 4.0,J64,,,
Bettina Schrewe Literary Scouting,bettina-schrewe-literary-scouting-a6f8568b,United States,Halle 1.2,LitAg,,,
Biagi Literary Management,biagi-literary-management-db8d37df,United States,Halle 1.2,LitAg,,,
BIB - Berufsverband Information Bibliothek e.V.,bib---berufsverband-information-bibliothek-ev,Germany,Halle 5.0,C121,Vittoria Ollig,Berufsverband Information Bibliothek e. V.,
Bibel- und Schriftenmission Dr. Kurt E. Koch e.V.,bibel--und-schriftenmission-dr-kurt-e-koch-ev,Germany,Halle 3.0,G75,,,
Bibiana International House of Art of Children,bibiana-international-house-of-art-of-children,Slovakia,Halle 3.1,C50,,,
BiblioMusiCineteca Edicions,bibliomusicineteca-edicions,Spain,Halle 3.1,E131,,,
"Big Apple Agency, Inc.",big-apple-agency-inc-f6cf1f8d,Malaysia,Halle 1.2,LitAg,Vincent Lin,"Big Apple Agency, Inc.",Executive Vice President
Bigini Reklame Aps,bigini-reklame-aps-28b6c0b3,Denmark,Halle 3.1,B70,,,
Bigini Reklame Aps,bigini-reklame-aps-8de6a9fe,Denmark,Halle 3.1,B67,,,
Big Sky Vision LLC,big-sky-vision-llc,United States,Halle 3.0,B19,Nick Wilder,Big Sky Vision LLC,
Big Sur,big-sur,Chile,Halle 3.1,F102,,,
BIIS,biis,Portugal,Halle 3.1,F139,,,
BilderBuchMarkt,bilderbuchmarkt,Germany,Halle 4.0,G65,,,
Bildungsstätte Anne Frank,bildungssttte-anne-frank,Germany,,,,,
bilgerverlag GmbH,bilgerverlag-gmbh,Switzerland,Halle 3.0,F97,,,
bilibri - ein Imprint der NordSüd Verlag GmbH,edition-bilibri-nordsd-verlag-gmbh,Germany,Halle 4.0,F21,,,
Bilili BD Festival,bilili-bd-festival,Guinea,Halle 4.0,A76,Vera Grosch,Bilili BD Festival,Co-Kuratorin SHEROES
Bilka,belka,Germany,Halle 3.1,C13,,,
Bill Bailey Publishers Representatives,bill-bailey-publishers-representatives-3c889fec,United Kingdom,Halle 4.2,D77,,,
Bilnet Matbaacilik ve Yayincilik A.S.,bilnet-matbaacilik-ve-yayincilik-as-92e6b0c3,Türkiye,Halle 5.1,B101,,,
BioOne,bioone,United States,Halle 4.1,E75,,,
BIOZONE international,biozone-international,New Zealand,Halle 4.2,G29,,,
Biscoto,biscoto,France,Halle 3.1,J131,,,
Bitter Lemon Press Ltd,bitter-lemon-press,United Kingdom,Halle 4.2,D85,,,
B K Publications Private Limited,b-k-publications-private-limited,India,Halle 4.2,F35,,,
Blackbird Literary Agency,blackbird-literary-agency-b04067b0,Netherlands,Halle 4.2,G91,,,
Black Cat CIDEB Publishing c/o D Scuola SpA,black-cat-cideb-publishing-co-d-scuola-spa-fe3173b8,Italy,Halle 4.1,B77,Daniele Vecchiotti,Black Cat CIDEB Publishing c/o D Scuola SpA,Head of International Sales
Black Fountain Press a.s.b.l.,black-fountain-press-asbl,Luxembourg,Halle 3.0,F98,,,
Black Heron Press,black-heron-press,United States,Halle 4.2,K14,,,
Blackie Books SL,blackie-books,Spain,Halle 3.1,E131,,,
Black Inc.,black-inc,Australia,Halle 4.2,J66,,,
Blackstone Publishing,blackstone-publishing-40b0a0bf,United States,Halle 1.2,PRC,,,
"Blake Friedmann Literary, TV and Film Agency",blake-friedmann-literary-tv-and-film-agency-cb12159e,United Kingdom,Halle 1.2,LitAg,,,
Blaues Haus Stiftung,blaues-haus-stiftung,Germany,,,,,
BLAZE.je,blazeje,Czechia,Halle 3.1,C65,,,
Blims Media,blims-media-1b0ef64c,Democratic Republic of the Congo,Halle 3.1,E37,,,
Bloomsbury Publishing plc.,bloomsbury-publishing-plc-54fba857,United Kingdom,Halle 5.1,D63,Emma Allden,Bloomsbury Publishing plc.,Senior International Marketing Manager
Bloomsbury Publishing plc.,bloomsbury-publishing-plc-54fba857,United Kingdom,Halle 5.1,D63,Laura Ortega,Bloomsbury Publishing plc.,
Blossom Books,blossom-books,United States,Halle 4.2,A72,Angela Jacob,Blossom Books,Director of Operations
Blossom Press,blossom-press,China,Halle 5.1,D152,,,
Blue Angel Publishing Pty Ltd,blue-angel-publishing-pty-ltd,Australia,Halle 4.2,J54,Toni Carmine Salerno,Blue Angel Publishing Pty Ltd,Founder & Creative Director
Blueberg Scientific GmbH,blueberg-scientific-gmbh,Germany,Halle 4.1,J79 / Workstation,,,
Blue Ink Media Solutions,blueink-media-solutions,United States,Halle 4.2,M59,,,
Blue Ocean Entertainment AG,blue-ocean-entertainment-ag,Germany,Halle 4.0,E36,Benjamin Bittmann,Blue Ocean Entertainment AG,Head of Sales
BlueRed Press Ltd.,bluered-press-ltd,United Kingdom,Halle 4.2,J87,,,
Blue Star Press,blue-star-press,United States,Halle 4.2,H76,,,
Blue Star Press,blue-star-press-690a0ff9,United States,Halle 4.2,H84,,,
Blyant AB,blyant-ab,Sweden,Halle 1.2,LitAg,,,
BMC,bmc,,Halle 4.1,E16,,,
BMJ Group,bmj-44562554,United Kingdom,Halle 4.1,G77,,,
BN International s.r.o,bn-international-sro,Czechia,Halle 3.0,H132,,,
BN Publishers LLC,bn-publishers-llc,United States,Halle 4.2,M29,Harry Cohen,BN Publishers LLC,
BoD Books on Demand GmbH,books-on-demand-gmbh,Germany,Halle 3.0,D34,,,
Bodleian Library Publishing The University of Oxford,bodleian-library-publishing-the-university-of-oxford-99b0fe53,United Kingdom,Halle 4.2,D90,,,
Bohdan Publishing House,bohdan-publishing-house,Ukraine,Halle 3.1,C13,,,
Bohem Press GmbH,bohem-press-gmbh-2e95db7e,Germany,Halle 4.0,A23,,,
Bokförlaget Opal AB,bokfrlaget-opal-ab,Sweden,Halle 3.1,B67,,,
Bold Type Agency,bold-type-agency-fad4fafa,Australia,Halle 1.2,LitAg,,,
Boldwood Books,boldwood-books,United Kingdom,Halle 4.2,J8,,,
BolognaFiere Spa - Bologna Children's Book Fair,bolognafiere-spa---bologna-childrens-book-fair-5c0ffc8a,Italy,Halle 3.1,B123,,,
Bommersheim Consulting GbR,bommersheim-consulting-gbr,Germany,Halle 4.1,H48,,,
Bonifatius GmbH Druck-Buch-Verlag,bonifatius-gmbh-druck-buch-verlag,Germany,Halle 3.0,G65,,,
Bonito Editorial SLU,bonito-editorial-slu,Spain,Halle 3.1,E104,,,
Bonnier Books UK,bonnier-books-uk-77b0d0e2,United Kingdom,Halle 4.2,F13,,,
Bonnier Rights,bonnier-rights-94da02a7,Sweden,Halle 1.2,LitAg,,,
Bonnier Rights Finland - Werner Söderström Ltd.,bonnier-rights-finland---werner-sderstrm-ltd-1581258c,Finland,Halle 1.2,LitAg,,,
Book21,book21,Republic of Korea,Halle 5.1,A143,,,
"Bookazine Company, Inc.",bookazine-company-inc-bd9718ff,United States,Halle 4.2,H71,,,
Bookbank S.L. Agencia Literaria,bookbank-sl-agencia-literaria-0e757f3c,Spain,Halle 1.2,LitAg,,,
Book Bash UG,book-bash-ug,Germany,Festhalle,A27,,,
BookBeat GmbH,bookbeat-gmbh,Germany,Halle 4.0,B11,Kathrin Ruestig,BookBeat GmbH,Geschäftsführerin
bookcareers.com,bookcareerscom,United Kingdom,,,Suzanne Collier,bookcareers.com,"Founder & Career Development Consultant, Author"
Bookcase Literary Agency,bookcase-literary-agency-980a6c01,United States,Halle 1.2,LitAg,,,
BookChef Publishing House,bookchef-publishing-house,Ukraine,Halle 3.1,C13,,,
BOOKEND Inc.,bookend-inc,Republic of Korea,Halle 5.1,A157,,,
BookEnds Literary Agency,bookends-literary-agency,United States,Halle 1.2,LitAg,,,
Booket Imprint of Planeta Corporación S.R.L.,booket-imprint-of-planeta-corporacin-srl,Spain,Halle 3.1,D98,,,
BookGoodCome,bookgoodcome,Republic of Korea,Halle 5.1,A157,,,
Book*hug Press,bookhug-press,Canada,Halle 4.2,K14,,,
BookLab s.r.o.,booklab-sro,Slovakia,,,Masha Bulatov,BookLab s.r.o.,
BookLand Press,bookland-press,Canada,Halle 4.2,G1,Robert Morgan,BookLand Press,General Manager
Booklè Literary Agency,bookl-literary-agency,Italy,Halle 1.2,LitAg,,,
BookLife Publishing Ltd.,booklife-publishing-ltd-e86995d9,United Kingdom,Halle 4.2,B71,,,
Booklover Publishing House (OPC) PVT. LTD.,booklover-publishing-house-opc-pvt-ltd,India,Halle 4.2,G35,KUMAR NIKHIL,Booklover Publishing House (OPC) PVT. LTD.,
BookMachine Ltd.,bookmachine-ltd-ea1633f4,United Kingdom,,,Laura Summers,BookMachine Ltd.,Director
Book Matters LLC,book-matters-llc,United States,Halle 5.1,D112,,,
Book on a Tree Srls,book-on-a-tree-srls,Italy,Halle 3.1,B134,,,
Book Publishers Agency,book-publishers-agency,United States,Halle 4.2,K29,,,
Book Publishers Association of Alberta,book-publishers-association-of-alberta-61c1e3a9,Canada,Halle 4.2,H17,Megan Bishop,Book Publishers Association of Alberta,Executive Director
Book Publishers Association of Alberta,book-publishers-association-of-alberta-61c1e3a9,Canada,Halle 4.2,H17,Glenn Rollans,Book Publishers Association of Alberta,
Books 2 Door Ltd Trading as Bangzo Books Wholesale,books-2-door-ltd-trading-as-bangzo-books-wholesale-21f825e2,United Kingdom,Halle 4.2,D16,Himesh Patel,Books 2 Door Ltd Trading as Bangzo Books Wholesale,
Books 2 Door Ltd Trading as Bangzo Books Wholesale,books-2-door-ltd-trading-as-bangzo-books-wholesale-21f825e2,United Kingdom,Halle 4.2,D16,Abdul Thadha,Books 2 Door Ltd Trading as Bangzo Books Wholesale,
BooksAgent - Milena Ascione,booksagent---milena-ascione,France,Halle 1.2,LitAg,,,
Books Council of Wales,books-council-of-wales,United Kingdom,Halle 3.1,B22,,,
Books Crossing Borders,books-crossing-borders-5602fce9,United States,Halle 5.1,B81,,,
Books-Everywhere,books-everywhere-1a397d34,United Kingdom,Halle 4.2,A58,,,
"Bookshop, Inc.",bookshop-inc,United States,Halle 4.1,F15,,,
"Books International, Inc.",books-international-inc-bd554001,United States,Halle 4.2,G21,,,
BooksoniX,booksonix,United Kingdom,Halle 4.2,J7,,,
BookSource,booksource,United Kingdom,Halle 4.2,H108,Clare Barron,BookSource,Business Development and Marketing Manager
Books & Shelves,author-reputation-press-llc,,Halle 4.2,M11,,,
Books That Inspire,books-that-inspire,India,Halle 4.1,J79 / Workstation,Priya Kumar,Books That Inspire,Author
Books To Life Marketing,books-to-life-marketing,United Kingdom,Halle 4.2,F91,Emmanuelle Daan,Books To Life Marketing,
Books To Life Marketing,books-to-life-marketing,United Kingdom,Halle 4.2,F91,Danilo Masarque,Books To Life Marketing,Director
Bookstop Publishing LTD,bookstop-publishing-ltd,Israel,Halle 3.1,A15,,,
Book Systems International,book-systems-international-3d62adb1,United Kingdom,Halle 4.2,J1,,,
Bookwire GmbH,bookwire-gesellschaft-zum-vertrieb-digitaler-medien-mbh-71e098f0,Germany,Halle 4.1,F9,,,
Bookwire GmbH,bookwire-gmbh-5923df1c,Germany,Halle 4.0,H37,,,
Bookwire GmbH,bookwire-gmbh-cdfa83ee,Germany,Halle 4.0,H37,,,
book&zvook,audio-store-transonica-doo,Croatia,Halle 4.1,K9 / Audio Business Centre,Ljubica Letinić,Audio Store Transonica d.o.o. (book&zvook),Founder & Publisher
Boom uitgevers Amsterdam,boom-uitgevers-amsterdam,Netherlands,Halle 3.1,E21,,,
boox-verlag,boox-verlag,Switzerland,Halle 3.0,F97,,,
Borghesi & Adam Publishers Pty Ltd  Trading as Brolly Books,borghesi--adam-publishers-pty-ltd--trading-as-brolly-books,Australia,Halle 4.2,C28,,,
"Born Digital, Inc.",born-digital-inc,Japan,Halle 4.2,F34,,,
Börsenverein des Deutschen Buchhandels e.V.,brsenverein-des-deutschen-buchhandels-ev-e01bd3a7,Germany,Halle 4.1,G15,Noack Anne-Mette,Börsenverein des Deutschen Buchhandels e.V.,Leiterin Marketing und Kulturprojekte
Börsenverein des Deutschen Buchhandels e.V.,brsenverein-des-deutschen-buchhandels-ev-e01bd3a7,Germany,Halle 4.1,G15,Helen Emig,Börsenverein des Deutschen Buchhandels e.V.,Ressortleitung Webseite und Kollaborative Projekte
Börsenverein des Deutschen Buchhandels e.V.,brsenverein-des-deutschen-buchhandels-ev-e01bd3a7,Germany,Halle 4.1,G15,Elisabeth Appel,Börsenverein des Deutschen Buchhandels e.V.,Referentin Webseite
Börsenverein des Deutschen Buchhandels e.V.,brsenverein-des-deutschen-buchhandels-ev-e01bd3a7,Germany,Halle 4.1,G15,Susanne Barwick,Börsenverein des Deutschen Buchhandels e.V.,"Rechtsanwältin, stellvertretende Justiziarin"
Börsenverein des Deutschen Buchhandels e.V.,brsenverein-des-deutschen-buchhandels-ev-e01bd3a7,Germany,Halle 4.1,G15,Janina Bittmann,Börsenverein des Deutschen Buchhandels e.V.,Referentin für Mitgliederbetreuung und Projekte
Börsenverein des Deutschen Buchhandels e.V.,brsenverein-des-deutschen-buchhandels-ev-e01bd3a7,Germany,Halle 4.1,G15,Andrea Cisnado Schultheis,Börsenverein des Deutschen Buchhandels e.V.,Referentin Berufsbildung
Börsenverein des Deutschen Buchhandels e.V.,brsenverein-des-deutschen-buchhandels-ev-e01bd3a7,Germany,Halle 4.1,G15,Kyra Dreher,Börsenverein des Deutschen Buchhandels e.V.,Geschäftsführerin der Fachausschüsse | Gremien- & Interessenmanagement
Börsenverein des Deutschen Buchhandels e.V.,brsenverein-des-deutschen-buchhandels-ev-e01bd3a7,Germany,Halle 4.1,G15,Dan-Esra Gloe,Börsenverein des Deutschen Buchhandels e.V.,Referent Politik
Börsenverein des Deutschen Buchhandels e.V.,brsenverein-des-deutschen-buchhandels-ev-e01bd3a7,Germany,Halle 4.1,G15,Anna Härle,Börsenverein des Deutschen Buchhandels e.V.,Ressortleitung Strategische Kommunikation
Börsenverein des Deutschen Buchhandels e.V.,brsenverein-des-deutschen-buchhandels-ev-e01bd3a7,Germany,Halle 4.1,G15,Sarah Harnecker,Börsenverein des Deutschen Buchhandels e.V.,Leitung Ressort Gremien
Börsenverein des Deutschen Buchhandels - Landesverband Baden-Württemberg e.V.,brsenverein-des-deutschen-buchhandels---landesverband-baden-wrttemberg-ev,Germany,Halle 4.1,G15,Tom Erben,Börsenverein des Deutschen Buchhandels - Landesverband Baden-Württemberg e.V.,Geschäftsführer
Börsenverein des Deutschen Buchhandels - Landesverband Bayern e.V.,brsenverein-des-deutschen-buchhandels---landesverband-bayern-ev,Germany,Halle 4.1,G15,Klaus Beckschulte,Börsenverein des Deutschen Buchhandels - Landesverband Bayern e.V.,Geschäftsführer
Börsenverein des Deutschen Buchhandels - Landesverband Berlin-Brandenburg e.V.,brsenverein-des-deutschen-buchhandels---landesverband-berlin-brandenburg-ev,Germany,Halle 4.1,G15,Miriam Gabriela Möllers,Börsenverein des Deutschen Buchhandels - Landesverband Berlin-Brandenburg e.V.,Geschäftsführerin
"Börsenverein des Deutschen Buchhandels - Landesverband Hessen, Rheinland-Pfalz, Saarland e.V.",brsenverein-des-deutschen-buchhandels---landesverband-hessen-rheinland-pfalz-saarland-e-v-88340897,Germany,Halle 3.0,E133,Bettina Endres,"Börsenverein des Deutschen Buchhandels - Landesverband Hessen, Rheinland-Pfalz, Saarland e.V.",Referentin Projekte & Verbandsarbeit
"Börsenverein des Deutschen Buchhandels - Landesverband Hessen, Rheinland-Pfalz, Saarland e.V.",brsenverein-des-deutschen-buchhandels---landesverband-hessen-rheinland-pfalz-saarland-e-v-88340897,Germany,Halle 3.0,E133,Marie Guß,Landesverband HRS,Volontär*in
"Börsenverein des Deutschen Buchhandels - Landesverband Hessen, Rheinland-Pfalz, Saarland e.V.",brsenverein-des-deutschen-buchhandels---landesverband-hessen-rheinland-pfalz-saarland-ev,Germany,Halle 4.1,G15,,,
"Börsenverein des Deutschen Buchhandels - Landesverband Hessen, Rheinland-Pfalz, Saarland e.V.",brsenverein-des-deutschen-buchhandels---landesverband-hessen-rheinland-pfalz-saarland-ev-7caee378,Germany,Halle 3.0,D87,,,
Börsenverein des Deutschen Buchhandels - Nord e.V.,brsenverein-des-deutschen-buchhandels---nord-ev,Germany,Halle 4.1,G15,Volker Petri,Börsenverein des Deutschen Buchhandels - Nord e.V.,Geschäftsführer
Börsenverein des Deutschen Buchhandels - Regionalgeschäftsstelle NRW,brsenverein-des-deutschen-buchhandels---regionalgeschftsstelle-nrw,Germany,Halle 4.1,G15,,,
BOSZ Publishing House,bosz-publishing-house,Poland,Halle 3.1,B54,,,
Bounce Sales & Marketing Ltd.,bounce-sales--marketing-ltd-65383877,United Kingdom,Halle 4.2,A46,,,
Bourdon Publishing,bourdon-publishing,Czechia,Halle 3.1,C65,,,
Bourdon Verlag GmbH,bourdon-verlag-gmbh,Germany,Halle 3.0,B132,,,
BPB Publications,bpb-publications-cffc4fd2,India,Halle 4.2,D25,Varun Jain,BPB Publications,Business Development
Bradbury Phillips International Ltd.,bradbury-phillips-international-ltd-13ec4476,United Kingdom,Halle 4.2,D30,,,
Brak,brak,Slovakia,Halle 3.1,C50,,,
Bramann Verlag,bramann-verlag-und-beratung,Germany,Halle 3.0,D87,,,
Bramble - Verlagsgruppe Droemer Knaur GmbH & Co. KG,bramble,Germany,Festhalle,B93,,,
Brandstorm Communications,brandstorm-communications,Hong Kong,Halle 5.1,D121,,,
Brandt & Hochman / Joy Harris LA,brandt--hochman--joy-harris-la-2bddbb84,United States,Halle 1.2,LitAg,,,
Braumüller GmbH,braumller-gmbh,Austria,Halle 5.0,D15,,,
Brave New World Agency AB,brave-new-world-agency-5d6dfd83,Sweden,Halle 1.2,LitAg,Emma Lind,Brave New World Agency AB,
Breakthrough Ltd.,breakthrough-ltd,Hong Kong,Halle 5.1,D121,,,
Breakwater Books Ltd.,breakwater-books-ltd,Canada,Halle 4.2,G1,,,
Brepols Publishers,brepols-publishers-nv,Belgium,Halle 4.1,E47,Liese Demeulenaere,Brepols Publishers,Marketing & Communications Officer
Brepols Publishers,brepols-publishers-nv,Belgium,Halle 4.1,E47,Patrick Daemen,Brepols Publishers,
Bricks Education,bricks-education,Republic of Korea,Halle 4.1,B68,,,
Bright Field Publishing LLC,bright-field-publishing-llc,United States,Halle 4.2,L25,,,
Bright Junior Media Sp z o.o.  sp. k. (Banana Panda),bright-junior-media-sp-z-oo-sp-k,Poland,Halle 3.1,B54,Marek Wierzbicki,Bright Junior Media Sp z o.o. sp. k.,Head of Banana Panda
Brijbasi Art Press Ltd.,brijbasi-art-press-ltd-hello-friend-e4d0e700,India,Halle 4.2,C17,,,
Brijbasi Art Press Ltd.,brijbasi-art-press-ltd-47f1be0c,India,Halle 4.2,C18,,,
Brill Österreich GmbH,brill-sterreich-gmbh,Austria,Halle 5.0,D15,,,
Bristol University Press,bristol-university-press,United Kingdom,Halle 4.2,J7,,,
British Library Publishing,british-library-publishing-4dff8e1b,United Kingdom,Halle 4.2,D92,,,
Brno University of Technology - Vutium Press,brno-university-of-technology---vutium-press,Czechia,Halle 3.1,C65,,,
Brockhaus Kommissionsgeschäft GmbH,brockhauscommission-kommissionsgeschft-gmbh-5ebc82de,Germany,Halle 4.1,J79 / Workstation,,,
"Brockman, Inc.",brockman-inc-9aee2bcc,United States,Halle 1.2,LitAg,,,
Brolga Publishing,brolga-publishing,Australia,Halle 4.2,J66,,,
Brookes Publishing Co.,brookes-publishing-co-a88d1521,United States,Halle 4.1,C73,Erin Hoskins,Brookes Publishing Co.,Translations & Foreign Rights Coordinator
Broquet Inc.,broquet-inc-f3b28125,Canada,Halle 4.2,H19,,,
Brot und Spiele,brot-und-spiele,Austria,Halle 5.0,E13,,,
Brumaire Verlag GmbH,brumaire-verlag-gmbh,Germany,Halle 3.0,D59,Loren Balhorn,Brumaire Verlag GmbH,"Editor-in-Chief, Jacobin Magazin"
Brumaire Verlag GmbH,brumaire-verlag-gmbh,Germany,Halle 3.0,D59,Martin Haller,Brumaire Verlag GmbH,
Brunn Agency AB,brunn-agency-ab,Sweden,Halle 1.2,LitAg,,,
Brunnen Verlag GmbH,brunnen-verlag-gmbh-internationale-lizenzen,Germany,Halle 4.0,G71,Winter Luise,Brunnen Verlag GmbH,Leitung Marketing
Brunnen Verlag GmbH,brunnen-verlag-gmbh-internationale-lizenzen,Germany,Halle 4.0,G71,Ralf Tibusek,Brunnen Verlag GmbH,
Bryony Woods Literary Agency  Ltd.,diamond-kahn--woods-literary-agency-ltd-538bf067,United Kingdom,Halle 1.2,LitAg,,,
b small publishing Ltd.,b-small-publishing-ltd-b772f74f,United Kingdom,Halle 4.2,B17,Sam Hutchinson,b small publishing Ltd.,Publisher
BT Batsford Ltd,bt-batsford-ltd-4290a59f,United Kingdom,Halle 4.2,C65,,,
Bubble Your Hub,bubble-your-hub,Germany,Halle 5.0,D35,Lisa Vanovitch,Bubble Your Hub,Inhaberin / GF
Bu Buch Verlag - Carla Pulvermacher,bu-buch-verlag---carla-pulvermacher,Germany,Halle 4.0,G79,,,
BUCHBOX! entertainment u.G.,buchbox-entertainment-ug,Germany,,,,,
Buchdeckel,buchdeckel,Germany,Festhalle,A50,,,
Bücheralarm gUG - Leseförderung per Podcast,bcheralarm-gug---lesefrderung-per-podcast,Germany,Halle 4.0,J32,Nadine Hochrein,Bücheralarm gUG - Leseförderung per Podcast,
bücherdienst psychosozial Versandbuchhandlung,bcherdienst-psychosozial-versandbuchhandlung-7261abc6,Germany,Halle 3.0,A127,,,
BücherFrauen e.V. c/o Büro Seehausen + Sandberg GbR,bcherfrauen-ev-co-bro-seehausen--sandberg-gbr,Germany,Halle 3.0,C72,Christina Schmitt,BücherFrauen e.V. c/o Büro Seehausen + Sandberg GbR,MesseKoordination
Büchergilde Gutenberg Verlagsgesellschaft mbH,bchergilde-gutenberg-verlagsgesellschaft-mbh-37d9b475,Germany,Halle 3.0,D87,,,
Büchergilde Gutenberg Verlagsgesellschaft mbH,bchergilde-gutenberg-verlagsgesellschaft-mbh,Germany,Halle 3.0,C33,,,
BuchEvents e.V.,buchevents-ev,Germany,Halle 3.1,A58,Literature Without Borders,BuchEvents e.V.,
BuchEvents e.V.,buchevents-ev,Germany,Halle 3.1,A58,Olga Chesnokova,BuchEvents e.V.,Director of the Berlin Book Fair for Uncensored Russian-Language Literature
BuchEvents e.V.,buchevents-ev,Germany,Halle 3.1,A58,Online-Medium Dekoder.org,BuchEvents e.V.,Editor Translator Partner/Shareholder
BuchEvents e.V.,buchevents-ev,Germany,Halle 3.1,A58,Sergei German,Virgola Press,Publisher
BuchEvents e.V.,buchevents-ev,Germany,Halle 3.1,A58,Yulia Grishchenko,BuchEvents e.V.,Finance and IT Lead for the Book Fair
BuchEvents e.V.,buchevents-ev,Germany,Halle 3.1,A58,FREEDOM LETTERS,BuchEvents e.V.,
BuchEvents e.V.,buchevents-ev,Germany,Halle 3.1,A58,Gabriela Merz,zeitkind Verlag GmbH,Verlegerin
BuchEvents e.V.,buchevents-ev,Germany,Halle 3.1,A58,hochroth Minsk,BuchEvents e.V.,
BuchEvents e.V.,buchevents-ev,Germany,Halle 3.1,A58,Publishing program of the online bookstore murawei.de,BuchEvents e.V.,
BuchEvents e.V.,buchevents-ev,Germany,Halle 3.1,A58,YMCA-PRESS / Paris,BuchEvents e.V.,
Buchfink Verlag - Philippi & Schwarz GbR,buchfink-verlag---philippi--schwarz-gbr,Germany,Halle 4.0,B57,,,
BUCHFUNK Verlag GmbH,buchfunk-verlag-gmbh-5a615297,Germany,Halle 4.0,H17,Johannes Ackner,BUCHFUNK GmbH,Geschäftsführer
BUCHFUNK Verlag GmbH,buchfunk-verlag-gmbh-5a615297,Germany,Halle 4.0,H17,Martin Hochrein,BUCHFUNK Verlag GmbH,Verlagsleitung
Buchgefühl,buchgefhl,Germany,Halle 4.0,H98,Celine Rosenberger,Buchgefühl,
Buchhandlung Graff GmbH,buchhandlung-graff-gmbh,Germany,Festhalle,B17,,,
Buchkinder Leipzig e.V.,buchkinder-leipzig-ev,Germany,Halle 4.0,F80,,,
Buchkinder Leipzig e.V.,buchkinder-leipzig-ev-b262ea6a,Germany,Halle 4.0,F80,,,
Buchkultur Verlag GmbH,buchkultur-verlag-gmbh,Austria,Halle 3.0,C155,Verena Riedmann,Buchkultur Verlag GmbH,
Buchmädchen Inh. Andre Feldmann,buchmdchen-inh-andre-feldmann,Germany,Festhalle,C17,,,
Büchner-Verlag eG,bchner-verlag-eg,Germany,Halle 3.0,B68,,,
Büchner-Verlag eG,bchner-verlag-eg-64bf6f3d,Germany,Halle 3.0,D87,,,
Buchplanung Berlin - Literaturagentur Nina Wegscheider,buchplanung-berlin---literaturagentur-nina-wegscheider-ec2e4f6b,Germany,Halle 1.2,LitAg,,,
BuchVertrieb Blank GmbH,buchvertrieb-blank-gmbh-2d3c84e2,Germany,Halle 3.1,G25 / Workstation,,,
Buchwert GmbH  Co. KG,buchwert-gmbh--co-kg,Germany,Halle 4.1,H21,Simone Bücker,Buchwert GmbH Co. KG,Marketing Manager
Buddy & Barney Ltd.,buddy-and-barney,United Kingdom,Halle 4.2,G79,,,
Bulgarian Book Association,bulgarian-book-association-fd7efc9c,Bulgaria,Halle 3.1,B19,,,
Bundesamt für Kartographie und Geodäsie (BKG),bundesamt-fr-kartographie-und-geodsie-566fb0df,Germany,Halle 3.0,F1,,,
Bundesinstitut für Öffentliche Gesundheit (BIÖG),bundesinstitut-fr-ffentliche-gesundheit-big,Germany,Halle 3.0,G31,,,
Bundesverband der Dolmetscher und Übersetzer e.V. (BDÜ),bundesverband-der-dolmetscher-und-bersetzer-ev-bd,Germany,Halle 5.0,D122,,,
Bundesverband E-Commerce und Versandhandel Deutschland e.V. (bevh),bundesverband-e-commerce-und-versandhandel-deutschland-ev-bevh,Germany,,,,,
Bundesverband junger Autoren und Autorinnen e.V. (BVjA),bundesverband-junger-autoren-und-autorinnen-ev-bvja,Germany,Halle 5.0,D39,Ute Bareiss,Bundesverband junger Autoren und Autorinnen e.V. (BVjA),Stellvertretende Vorstandssprecherin
Bundesverband junger Autoren und Autorinnen e.V. (BVjA),bundesverband-junger-autoren-und-autorinnen-ev-bvja,Germany,Halle 5.0,D39,Tobias Kiwitt,Bundesverband junger Autoren und Autorinnen e.V. (BVjA),
Bundeszentrale für politische Bildung,bundeszentrale-fr-politische-bildung-3505584e,Germany,Halle 3.0,F11,,,
Burcu Bloyd Loving Maye,burcu-bloyd-loving-maye,Germany,Festhalle,C32,,,
BurdaVerlag Publishing GmbH,burdaverlag-publishing-gmbh,Germany,,,Annica Kramer,BurdaVerlag Publishing GmbH,
Bürgerverein Demokratieort Paulskirche e.V.,brgerverein-demokratieort-paulskirche-ev,Germany,,,Viktorija Stojak,Bürgerverein Demokratieort Paulskirche e.V.,
Business Lounge - Frankfurter Buchmesse,business-lounge---frankfurter-buchmesse,Germany,Halle 4.1,A68,,,
"Business Weekly, a Division of Cite Publishing Ltd.",business-weekly-a-division-of-cite-publishing-ltd,Taiwan,Halle 4.2,F69,Yun Lin,"Business Weekly, a Division of Cite Publishing Ltd.",Editor-in-Chief
Buttercup Publishing Ltd.,buttercup-publishing-ltd,United Kingdom,Halle 4.2,B86,,,
Büyük Dogu Yayinlari Printing Publishing Production LLC,byk-dogu-yayinlari-printing-publishing-production-llc,Türkiye,Halle 3.1,G58,EMRAH KISAKÜREK,Büyük Dogu Yayinlari Printing Publishing Production LLC,GENERAL COORDINATOR & OWNER
BVPA - Bundesverband professioneller Bildanbieter e.V.,bvpa---bundesverband-professioneller-bildanbieter-ev,Germany,Halle 3.0,G133,Heide-Marie von Widekind (mauritius images),BVPA - Bundesverband professioneller Bildanbieter e.V.,
BW BücherWege Vertrieb GmbH,bw-bcherwege-vertrieb-gmbh-822c70d3,Germany,Halle 4.0,C26,,,
Cactus Communications,cactus-communications-services-pte-ltd,Singapore,Halle 4.1,G64,André Degenring Izquierdo,CACTUS COMMUNICATIONS SERVICES PTE. LTD.,Partnerships Manager (UK & Europe)
Cactus Communications,cactus-communications-services-pte-ltd,Singapore,Halle 4.1,G64,Christopher Leonard,Cactus Communications,"Director, Product Solutions"
Cadmore Media,cadmore-media-531eb2e8,United States,Halle 4.1,F89,Violaine Iglesias,Cadmore Media,CEO
Cadmore Media,cadmore-media-531eb2e8,United States,Halle 4.1,F89,Sarah Kueter,Cadmore Media,Sales Manager
"Calligraph, LLC",calligraph-llc,United States,Halle 1.2,LitAg,,,
Calma Agencia Literaria - Roberto Dominguez Moro,calma-agencia-literaria---roberto-dominguez-moro,Spain,Halle 1.2,LitAg,,,
Calmann-Lévy (part of Hachette Livre),editions-calmann-lvy-subsidiary-of-hachette-livre-sa,France,Halle 3.1,H59,,,
CalmeMara Verlag GmbH,calmemara-verlag-gmbh-26fb6fab,Germany,Halle 4.0,F32,,,
Calvendo Verlag GmbH,calvendo-verlag-gmbh,Germany,Halle 3.0,F61,,,
Câmara Brasileira do Livro,cmara-brasileira-do-livro-2ea46b3d,Brazil,Halle 3.1,F123,,,
CAMB.AI,entoai-fz-llc-cambai,United Arab Emirates,Halle 5.1,A48,Marte Harkestad,CAMB.AI,"Senior Manager, Pre-Sales"
CAMB.AI,entoai-fz-llc-cambai,United Arab Emirates,Halle 5.1,A48,Arsalan Nawazish,CAMB.AI,
CAMB.AI,entoai-fz-llc-cambai,United Arab Emirates,Halle 5.1,A48,Apoorv Uniyal,CAMB.AI,"Director, global Publishing"
Cambium Learning Group,cambium-learning-group,United States,Halle 4.2,H59,,,
Cambridge University Press & Assessment,cambridge-university-press--assessment-17363d8c,United Kingdom,Halle 4.1,C16,,,
Camelozampa srl,camelozampa,Italy,Halle 3.1,B134,,,
Canongate Books Ltd.,canongate-books-ltd,United Kingdom,Halle 4.2,H108,,,
Capital Culture & Technology Group,capital-culture--technology-group,China,Halle 5.1,D147,,,
Cappelen Damm Agency,cappelen-damm-agency,Norway,Halle 3.1,B67,,,
Capstone - Capstone Global Library Ltd.,capstone---capstone-global-library-ltd,United States,Halle 4.2,B16,,,
Captioncast Media,captioncast-media,Germany,Halle 4.1,J11,Tobias Dornbusch,Captioncast Media,Business Development
Captioncast Media,captioncast-media,Germany,Halle 4.1,J11,Franziska Prummer,Captioncast Media,Business Development Manager
Captioncast Media,captioncast-media,Germany,Halle 4.1,J11,Detlef Wiese,Captioncast Media,CEO & Founder
capybarabooks,capybarabooks,Luxembourg,Halle 3.0,F98,,,
Caramel Publishing,editions-caramel,Belgium,Halle 3.1,D23,,,
Caricatura Museum,caricatura-museum,Germany,Halle 3.0,C33,,,
Carl Hanser Verlag GmbH & Co. KG,carl-hanser-verlag-gmbh--co-kg,Germany,Halle 3.0,E69,,,
Carl-Huter-Verlag,carl-huter-verlag,Switzerland,Halle 3.0,F97,,,
Carlo Gallucci Editore S.r.l.,carlo-gallucci-editore-srl,Italy,Halle 3.1,C138,,,
Carlsen Verlag GmbH,carlsen-verlag-gmbh-145f7b7c,Germany,Halle 4.0,D19,Ulrike Dick,Carlsen Verlag GmbH,Eventmanagerin
Carlsen Verlag GmbH,carlsen-verlag-gmbh-145f7b7c,Germany,Halle 4.0,D19,Jacqueline Haas,Carlsen Verlag GmbH,
Carlsen Verlag GmbH,carlsen-verlag-gmbh-145f7b7c,Germany,Halle 4.0,D19,Julia Hackländer,Carlsen Verlag GmbH,
Carlsen Verlag GmbH,carlsen-verlag-gmbh-145f7b7c,Germany,Halle 4.0,D19,Charlotte Klötzke,Carlsen Verlag GmbH,
Carlsen Verlag GmbH,carlsen-verlag-gmbh-145f7b7c,Germany,Halle 4.0,D19,Lina Schneider,Carlsen Verlag GmbH,
Carlsen Verlag GmbH,carlsen-verlag-gmbh-145f7b7c,Germany,Halle 4.0,D19,Lena Höffmann,Carlsen Verlag GmbH,"Veranstaltungen Comic, Manga, Lappan"
Carlsen Verlag GmbH,carlsen-verlag-gmbh,Germany,Halle 4.0,J2,Cleo Ciba,Carlsen Verlag GmbH,
Carlsen Verlag GmbH,carlsen-verlag-gmbh-16345049,Germany,Agora,B54,,,
Carl Ueberreuter Verlag GmbH,carl-ueberreuter-verlag-gmbh,Austria,Halle 5.0,D15,,,
Carmanda Bücherhexe Carmen Nürenberg,carmanda-bcherhexe-carmen-nrenberg,Germany,Festhalle,B74,,,
Carrenho Publishing Intelligence,carrenho-publishing-consulting,Sweden,Halle 4.0,H17,Carlo Carrenho,Carrenho Publishing Intelligence,CEO
Carrera Revell Europe GmbH,carrera-revell-europe-gmbh,Germany,Halle 5.0,C125,,,
Cartem Cómics S.L.,cartem-cmics-sl-578bc41e,Spain,Halle 3.1,D135,,,
Cartiere del Garda S.p.A.,cartiere-del-garda-spa,Italy,Halle 3.0,H121,MARLENE MAIRA,Cartiere del Garda S.p.A.,Marketing Manager
Casa das Letras,casa-das-letras,Portugal,Halle 3.1,F139,,,
Casalini Libri S.p.A.,casalini-libri-spa-b090ec93,Italy,Halle 4.1,J64,,,
Casanovas & Lynch Literary Agency S.L.U.,casanovas--lynch-literary-agency-sl-e57bd0d0,Spain,Halle 1.2,LitAg,María Juncosa,Casanovas & Lynch Literary Agency S.L.U.,Foreign Rights Manager
Casa Sassetti,casa-sassetti,Portugal,Halle 3.1,F139,,,
Cascais Editora,cascais-editora,Portugal,Halle 3.1,F139,,,
Casco Publications Pte Ltd,casco-publications-pte-ltd,Singapore,Halle 4.1,A14,,,
Casemate Group (Casemate Publishers Ltd.),casemate-group-casemate-publishers-ltd-b64ec7ca,United States,Halle 5.1,C78,David Farnsworth,Casemate Group (Casemate Publishers Ltd.),President / CEO
Cashmere,cashmere,United States,,,,,
Casterman (part of Madrigall),casterman-part-of-madrigall,Belgium,Halle 3.1,H97,,,
Castrum Verlag,castrum-verlag,Austria,Halle 5.0,E88,,,
Catalyst Book Press,catalyst-book-press,United States,Halle 4.2,K14,Britain Powers,Catalyst Book Press,Publicist
Catapulta Children Entertainment S.A.,catapulta-children-entertainment-sa,Argentina,Halle 3.1,F86,,,
Catharsis Books LTD,catharsis-books-ltd,Israel,Halle 3.1,A15,,,
Catherine Faber / Catherine van Bruce,catherine-faber--catherine-van-bruce,Germany,Halle 4.0,J62,,,
Cat on a Book Agency,cat-on-a-book-agency,France,Halle 3.1,J131,,,
Caves Publishing,caves-publishing,Taiwan,Halle 4.2,F69,Chris Yang,Caves Publishing,Publishing Manager
Caves Publishing,caves-publishing,Taiwan,Halle 4.2,F69,Ting-Hua Yeh,Caves Publishing,Marketing
CBM Christoffel-Blindenmission Christian Blind Mission e.V.,christoffel-blindenmission-christian-blind-mission-ev,Germany,Agora,E27,,,
CBS Cologne Business School GmbH,cbs-cologne-business-school-gmbh,Germany,Halle 4.1,J79 / Campus Weekend,,,
CBS Publishers & Distributors (Pvt.) Ltd.,cbs-publishers--distributors-pvt-ltd-d8fa462e,India,Halle 4.1,E100,,,
cc-live Hörbuchverlag,cc-live-hrbuchverlag,Germany,Halle 4.0,H17,,,
"C & C Offset Printing Co., Ltd.",c--c-offset-printing-co-ltd,Hong Kong,Halle 5.1,D121,,,
CDC Printers Private Limited,cdc-printers-private-limited-b35834f6,India,Halle 4.2,A95,,,
Cecile B Literary Agency,cecile-b-literary-agency-c5841a8f,United States,Halle 1.2,LitAg,,,
CEEOL GmbH,ceeol-gmbh,Germany,Halle 3.1,C66,Iulian Tanea,CEEOL GmbH,Manager Marketing & Communication
Celeste Ealain,celeste-ealain,Austria,Halle 4.0,G107,,,
Cengage Academic,cengage-academic,United Kingdom,Halle 4.1,J79 / Workstation,Andrea Sidley,Cengage Academic,Head of Sales Middle East and Africa
Cengage Academic,cengage-academic,United Kingdom,Halle 4.1,J79 / Workstation,Katie Johnson,Cengage Academic,
Cengage Gale,gale,United Kingdom,Halle 4.1,J79 / Workstation,Oliver Howe,Cengage Gale,Sr Sales Manager HED UKI & Europe
Cengage Gale,gale,United Kingdom,Halle 4.1,J79 / Workstation,Matt Kibble,Cengage Gale,Editorial Director
Cengage National Geographic Learning,national-geographic-learning,United Kingdom,Halle 4.1,J79 / Workstation,,,
Cengo GmbH,cengo-gmbh,Germany,Halle 5.0,C118,,,
Center for Scientific and Cultural Activity Van Mieu - Quoc Tu Giám,center-for-scientific-and-cultural-activity-van-mieu---quoc-tu-gim,Viet Nam,Halle 5.1,B51,,,
"Central Book Supply, Inc.",central-book-supply-inc,Philippines,Halle 5.1,A95,,,
Central China Publishing & Media Investment Holding Group Co. Ltd,central-china-publishing--media-investment-holding-group-co-ltd,China,Halle 5.1,D147,,,
Central European University Press - an imprint of Amsterdam University Press,central-european-university-press---an-imprint-of-amsterdam-university-press,Netherlands,Halle 4.1,E72,,,
Central Hindi Directorate,central-hindi-directorate,India,Halle 4.2,F35,,,
Central Institute of Classical Tamil,central-institute-of-classical-tamil,India,Halle 4.2,F35,,,
"Centro de Exportación de Libros Españoles, S.A. (CELESA)",centro-de-exportacin-de-libros-espaoles-sa-celesa,Spain,Halle 3.1,D135,,,
Century Culture Limited,century-culture-limited,Hong Kong,Halle 5.1,D121,,,
Cerkabella Kiadó,cerkabella-kiad,Hungary,Halle 3.1,C34,,,
"Changbi Publishers, Inc.",changbi-publishers-inc,Republic of Korea,Halle 5.1,A143,,,
"Chang Jiang Printing Media Co., Ltd.",chang-jiang-printing-media-co-ltd-b3712180,Hong Kong,Halle 4.2,G99,,,
Channel View Publications Ltd.,channel-view-publications-ltd-33d09a8e,United Kingdom,Halle 4.1,G89,Flo McClelland,Channel View Publications Ltd.,
Chapter One - Frankfurter Buchmesse,chapter-one---frankfurter-buchmesse,Germany,Agora,B33,,,
Charitable Organization Cultural Forces of Ukraine,charitable-organization-cultural-forces-of-ukraine,Ukraine,Halle 3.1,C13,,,
Charleston Hub,charleston-hub-9f7fd69e,United States,,,,,
Chas Maistriv Publishing House,chas-maistriv-publishing-house,Ukraine,Halle 3.1,C13,,,
Chemical Industry Press Co. Ltd.,chemical-industry-press-co-ltd,China,Halle 5.1,D147,,,
Chennai International Book Fair,chennai-international-book-fair,India,Halle 5.1,D98,,,
Chicken House SCHOLASTIC LIMITED,chicken-house-scholastic-limited-f7f60e19,United Kingdom,Halle 5.1,D73,,,
Children of Siberia,children-of-siberia,Latvia,Halle 3.1,A33,,,
Chiltern Publishing Ltd,chiltern-publishing-ltd,United Kingdom,Halle 4.2,J18,,,
China Action Network Inc.,china-action-network-inc,United States,Halle 5.1,D124,,,
China Architecture & Building Press,china-architecture--building-press-c334bc32,China,Halle 3.0,G141,,,
"China Architecture Publishing & Media Co., Ltd.",china-architecture-publishing--media-co-ltd,China,Halle 5.1,D147,,,
China Communications Press Co. Ltd.,china-communications-press-co-ltd,China,Halle 5.1,D147,,,
"China Communications Publishing & Media Management Co., Ltd.",china-communications-publishing--media-management-co-ltd,China,Halle 5.1,D147,,,
China Copyright Service Ltd.,china-copyright-service-ltd,China,Halle 5.1,D147,,,
China Democracy and Legal System Publishing House,china-democracy-and-legal-system-publishing-house,China,Halle 5.1,D147,,,
China Education Publishing & Media Holdings Co.Ltd.,china-education-publishing--media-holdings-coltd-8b291d69,China,Halle 4.1,B24,,,
China Electric Power Press,china-electric-power-press,China,Halle 5.1,D147,,,
China Financial & Economic Publishing House,china-financial-economic-publishing-house,China,Halle 5.1,D147,,,
China Health Media Group,china-health-media-group,China,Halle 5.1,D140,,,
China Industry and Information Technology Publishing & Media Group,china-industry-and-information-technology-publishing--media-group-co-ltd,China,Halle 5.1,D140,,,
China International Book Trading Corp.,china-international-book-trading-corp-bdefd424,China,Halle 5.1,D140,,,
China International Communications Group,china-international-communications-group,China,Halle 5.1,D152,,,
CHINA INTERNATIONAL PUBLISHING GROUP,china-international-publishing-group,China,Halle 5.1,D152,Miao YU,CHINA INTERNATIONAL PUBLISHING GROUP,
China Land Publishing And Media Group,china-land-publishing-and-media-group,China,Halle 5.1,D147,,,
China Medical Science Press,china-medical-science-press,China,Halle 5.1,D140,,,
China Pictorial Publishing House,china-pictorial-press-co-ltd,China,Halle 5.1,D152,,,
China Press of Traditional Chinese Medicine Company Limited,china-press-of-traditional-chinese-medicine-company-limited,China,Halle 5.1,D140,,,
"China Publishing Group Co., Ltd.",china-publishing-group-co-ltd,China,Halle 5.1,C156,,,
"China Quality Standards Publishing & Media Co., Ltd.",china-quality-standards-publishing--media-co-ltd,China,Halle 5.1,D147,,,
"China Renmin University Press Co., Ltd.",china-renmin-university-press-co-ltd,China,Halle 5.1,D140,,,
"China Science Publishing & Media Group Co., Ltd.",china-science-publishing--media-ltd-science-press,China,Halle 4.1,F90,,,
China Social Sciences Press,china-social-sciences-press,China,Halle 5.1,D147,,,
"China Tax Publishing House Co., Ltd",china-tax-publishing-house-co-ltd,China,Halle 5.1,D140,,,
China Tibetology Publishing House,china-tibetology-publishing-house,China,Halle 5.1,C128,,,
"China Translation & Publishing House Co., Ltd.",china-translation--publishing-house-co-ltd,China,Halle 5.1,D147,,,
Chinese Christian Literature Council Ltd.,chinese-christian-literature-council,Hong Kong,Halle 5.1,D121,,,
Chitarium Publishing,chitarium-publishing,Ukraine,Halle 3.1,C13,,,
Chongqing University Press,chongqing-university-press,China,Halle 5.1,D147,,,
Chr. Belser Gesellschaft f. Verlagsgeschäfte GmbH & Co. KG,chr-belser-gesellschaft-f-verlagsgeschfte-gmbh--co-kg-b68d336b,Germany,Halle 4.0,D55,,,
Chrissy Em Rose,chrissy-em-rose,Germany,Halle 4.0,H76,,,
Christian Bourgois Éditeur,christian-bourgois-diteur,France,Halle 3.1,H97,,,
Christian Brandstätter GmbH & Co KG,christian-brandsttter-gmbh--co-kg,Austria,Halle 3.0,G93,,,
Christian Focus Publications Ltd,christian-focus-publications-ltd-97f28324,United Kingdom,Halle 4.2,C74,,,
Christian Media Publishing (Pty) Ltd.,christian-media-publishing,South Africa,Halle 4.2,C71,Hyreath Lodge,Christian Media Publishing (Pty) Ltd.,Head of Publishing
Christoph Merian Verlag,christoph-merian-verlag,Switzerland,Halle 3.0,F97,,,
Christoph Ostermann Wirtschafts und Finanzberatung e. Kfm.,christoph-ostermann-wirtschafts-und-finanzberatung-e-kfm,Germany,Halle 5.0,B122,,,
Chronicle Books,chronicle-books-c4bd9844,United States,Halle 4.2,E80,,,
Chronos Verlag AG,chronos-verlag-ag,Switzerland,Halle 3.0,F97,,,
Chung Hwa Book Company (Hong Kong) Limited,chung-hwa-book-company,Hong Kong,Halle 5.1,D121,,,
Chung Hwa Educational Services Company,chung-hwa-educational-services-company,Hong Kong,Halle 5.1,D121,,,
"Chuokeizai-Sha Holdings, Inc.",chuokeizai-sha-holdings-inc,Japan,Halle 4.2,F34,,,
Church Publishing Incorporated,church-publishing-incorporated,United States,Halle 1.2,PRC,Mara Anastas,Church Publishing Incorporated,Sr. Manager Sales & Distribution
C Hurst & Co (Publishers) Ltd,c-hurst--co-publishers-ltd-2d7c7b68,United Kingdom,Halle 4.2,J24,,,
Cicada Books,cicada-books,United Kingdom,Halle 4.2,K99,,,
CICG Center for Americas,cicg-center-for-america,China,Halle 5.1,D152,,,
CICG Center for Asia & Pacific,cicg-center-for-asia--pacific,China,Halle 5.1,D152,,,
CICG Center for Europe & Africa,cicg-center-for-europe--africa,China,Halle 5.1,D152,,,
CICG Center for Europe & Asia,cicg-center-for-europe--asia,China,Halle 5.1,D152,,,
Ciela Norma AD,ciela-norma-ad,Bulgaria,Halle 3.1,B19,,,
Cikolata Publishing House,cikolata-yayinevi-basim-yayim-tic-ve-egitim-hizmetleri-ltd-sti,Türkiye,Halle 3.1,G70,,,
Cinabre,cinabre,France,Halle 3.1,J131,,,
CINNA Verlag,cinna-verlag,Germany,Festhalle,C33,Ronja Jambor,LEAF Verlag,
CINNA Verlag,cinna-verlag,Germany,Festhalle,C33,Celine Kaiser,LEAF Verlag,
Cinosargo,cinosargo,Chile,Halle 3.1,F102,,,
Citadelles & Mazenod,editions-citadelles--mazenod,France,Halle 3.1,H125,,,
"Citi of Books, Inc",citi-of-books-inc,United States,Halle 4.2,M11,,,
City University of Hong Kong Press,city-university-of-hong-kong-press,Hong Kong,Halle 5.1,D121,,,
Claassen / Ullstein Buchverlage GmbH,claassen-verlag-ein-unternehmen-der-ullstein-buchverlage-gmbh,Germany,Halle 3.0,A90,,,
Claire Roberts Global Literary Management LLC,claire-roberts-global-literary-management-llc-f87750c1,United States,Halle 1.2,LitAg,,,
Claraboya Ediciones,claraboya-ediciones,Chile,Halle 3.1,F102,,,
Claretian Publications Limited,claretian-publications-limited,Hong Kong,Halle 5.1,D121,,,
Clarivate,clarivate,United Kingdom,Halle 4.1,H87,Theresa Braun,Clarivate,
Classiques Garnier Numérique,classiques-garnier-numrique-877917e5,France,Halle 4.1,J68,,,
Claudia Hochstätter MarGravio,claudia-hochsttter-margravio,Germany,Halle 4.0,A76,,,
Claudia Marcucetti Pascoli,claudia-barbara-marcucetti-pascoli,Mexico,Halle 3.1,E96,Claudia Marcucetti,Claudia Marcucetti Pascoli,
Claudius Verlag im Evang. Presseverband für Bayern e.V.,claudius-verlag-im-evang-presseverband-fr-bayern-ev,Germany,Halle 3.0,G65,,,
Clavis Publishing,clavis-publishing-43cd6a02,Belgium,Halle 4.0,F89,,,
CLE International (part of Editis),cle-international-part-of-sejer,France,Halle 3.1,H97,,,
Clemens Lode Verlag e.K.,clemens-lode-verlag-ek,Germany,Halle 4.1,F97,Conna Craig,Clemens Lode Verlag e.K.,Editor
Clemens Lode Verlag e.K.,clemens-lode-verlag-ek,Germany,Halle 4.1,F97,Clemens Lode,Clemens Lode Verlag e.K.,Founder
Clementina Liuzzi Literary Agency,clementina-liuzzi-literary-agency,Italy,Halle 1.2,LitAg,,,
Clever Book Ltd.,clever-book-ltd-edb515f5,Bulgaria,Halle 3.1,B19,,,
Clever Media Group LLC,clever-media-group-llc,United States,Halle 4.2,A105,,,
CLIO Verlag,clio-verlag,Austria,Halle 5.0,E13,,,
Cló Iar-Chonnacht,cl-iar-chonnacht,Ireland,Halle 5.1,C50,,,
C&M Digitals Pvt Ltd,cm-digitals-pvt-ltd,India,Halle 4.1,B74,,,
CNRS Éditions,cnrs-editions,France,Halle 3.1,G145,,,
Coach House Books,coach-house-books,Canada,Halle 4.2,H20,Alana Wilcox,Coach House Books,
Cocoon Plus (Asia) Limited,cocoon-plus-asia-limited,Hong Kong,Halle 5.1,D121,,,
Codex Regius (Selbstverlag),codex-regius-selbstverlag,Germany,Halle 3.0,B13,,,
Cohen & Shiloh Literary Agency from Tando Net Ltd,cohen--shiloh-literary-agency-from-tando-net-ltd-f098e3ae,Israel,Halle 1.2,LitAg,Irith Bauman,Cohen & Shiloh Literary Agency from Tando Net Ltd,Editorial Assistant
Cohen & Shiloh Literary Agency from Tando Net Ltd,cohen--shiloh-literary-agency-from-tando-net-ltd-f098e3ae,Israel,Halle 1.2,LitAg,Nilli Cohen,Cohen & Shiloh Literary Agency from Tando Net Ltd,CEO
Colibrio Cirrus,colibrio-software-ab-9b7d4933,Sweden,Halle 4.2,J1,,,
Colibrio Software AB,colibrio-software-ab,Sweden,Halle 4.1,J44,,,
Colisión Libros,colisin-libros,Argentina,Halle 3.1,F86,,,
Columbia University Press,columbia-university-press-4ff7848e,United States,Halle 5.1,C98,,,
COLUMBUS Verlag GmbH & Co. KG,columbus-verlag-gmbh--co-kg-91b20e09,Germany,Halle 4.0,D47,,,
"Combel Editorial, S.A. Imprint of Editorial Casals, S.A.",combel-editorial-sa-imprint-of-editorial-casals-sa-115b202c,Spain,Halle 3.1,D121,Esther Serra,"Combel Editorial, S.A. Imprint of Editorial Casals, S.A.",Foreign Rights Sales
Combined Book Exhibit  New Title Showcase,combined-book-exhibit--new-title-showcase-56d7e144,United States,Halle 5.1,B87,,,
comebeck limited .ca | comebeck publishing,comebeck-limited-ca--comebeck-publishing-19f52648,Germany,Halle 3.0,B61,,,
Comics Business Centre - Frankfurter Buchmesse,comics-business-centre---frankfurter-buchmesse,Germany,Halle 3.1,H23,,,
Comics Collective Exhibition - Frankfurter Buchmesse,comics-business-centre---frankfurter-buchmesse-28256f8b,Germany,Halle 4.0,A76,,,
Communication University Of China Press Ltd.,communication-university-of-china-press-ltd,China,Halle 5.1,D147,,,
Community Editions GmbH,community-editions-gmbh-2b19bf80,Germany,Halle 5.0,C65,,,
Community Stage - Frankfurter Buchmesse,community-stage---frankfurter-buchmesse,Germany,Festhalle,C91,,,
Compass Publishing,compass-publishing,United States,Halle 4.1,A34,,,
Compendio Bildungsmedien AG,compendio-bildungsmedien-ag,Switzerland,Halle 3.0,F97,Alexander Hofstetter,Compendio Bildungsmedien AG,Lead Customer officer
Compendio Bildungsmedien AG,compendio-bildungsmedien-ag,Switzerland,Halle 3.0,F97,Corinne Susanek,Compendio Bildungsmedien AG,Verantwortliche Marketing & Kommunikation
Concept Studio Martina Rink UG/ POD,concept-studio-martina-rink-ug-pod,Germany,,,Simon Usifo,Concept Studio Martina Rink UG/ POD,Autor und Co-Herausgeber
Conrad Stein Verlag GmbH,conrad-stein-verlag-gmbh,Germany,Halle 5.0,A115,Ulrich Clasen,Conrad Stein Verlag GmbH,CEO
Consejo Sup. Inves. Científicas (CSIC) Departamento de Publicaciones,consejo-sup-inves-cientficas-csic-departamento-de-publicaciones,Spain,Halle 3.1,D135,,,
Consello da Cultura Galega,consello-da-cultura-galega,Spain,Halle 3.1,D135,,,
Consigli Regionale della Puglia,consigli-regionale-della-puglia,Italy,Halle 3.1,B102,,,
consonni ediciones sociedad cooperativa pequeña (CONSONNI),consonni-ediciones-sociedad-cooperativa-pequea-consonni,Spain,Halle 3.1,E104,,,
Contact Factory Inh. Ingrida Hanke,contact-factory-inh-ingrida-hanke-e1417b52,Germany,Halle 5.0,C150,,,
Context Literary Agency,context-literary-agency,United States,Halle 1.2,LitAg,,,
"Contiem, Inc.",contiem-inc,United States,Halle 4.1,J98,Sarah Condax,"Contiem, Inc.",Director of Professional Services (Publishing)
"Contiem, Inc.",contiem-inc,United States,Halle 4.1,J98,Melissa Masterson,"Contiem, Inc.",Exec Asst
"Contiem, Inc.",contiem-inc,United States,Halle 4.1,J98,Jasmine Rani,"Contiem, Inc.",Senior Account Manager
"Contiem, Inc.",contiem-inc,United States,Halle 4.1,J98,Robert Vaglia,"Contiem, Inc.",
Contraponto Editores,contraponto-editores,Portugal,Halle 3.1,F139,,,
Conville & Walsh Limited,conville--walsh-limited-2356a5c3,United Kingdom,Halle 1.2,LitAg,,,
CookeMcDermid Agency Inc.,cookemcdermid-agency-inc-1d2fcac1,Canada,Halle 1.2,LitAg,,,
Cooperativa de Producción y Servicios Editoriales Heredad,cooperativa-de-produccin-y-servicios-editoriales-heredad,Mexico,Halle 3.1,E96,Rafael Mondragón,Cooperativa de Producción y Servicios Editoriales Heredad,Publisher & Editor
Cooperativa de Trabajo Gráfica Chilena,cooperativa-de-trabajo-grfica-chilena,Chile,Halle 3.1,F102,,,
Copenhagen Literary Agency ApS,copenhagen-literary-agency-aps-422987c8,Denmark,Halle 1.2,LitAg,,,
COPENHAGEN Publishing House ApS,copenhagen-publishing-house-aps,Denmark,Halle 3.0,H62,,,
Coppenrath Verlag GmbH & Co. KG,coppenrath-verlag-gmbh--co-kg-6ae7cb79,Germany,Halle 4.0,B52,Vanessa Mutert,Coppenrath Verlag GmbH & Co. KG,
Coppenrath Verlag GmbH & Co. KG,coppenrath-verlag-gmbh--co-kg-57af4ca7,Germany,Halle 3.0,F61,,,
Copyright Clearance Center,copyright-clearance-center,United States,Halle 4.1,E24,,,
Copywrite GmbH & Co. KG,copywrite-gmbh--co-kg-5a48ff39,Germany,Halle 1.2,LitAg,,,
Corda Ediciones,corda-ediciones,Mexico,Halle 3.1,E96,,,
Cordoba-Buch,cordoba-buch,Germany,Halle 3.0,J20,,,
Cornell University Press,cornell-university-press,United States,Halle 5.1,C104,,,
Cornelsen Verlag GmbH,cornelsen-verlag-gmbh-42ca93bc,Germany,Halle 3.0,F21,,,
Cornelsen Verlag GmbH – Duden,cornelsen-verlag-gmbh--duden-286ed375,Germany,Halle 3.0,F21,,,
CORRECTIV - Verlag und Vertrieb für die Gesellschaft UG (haftungsbeschränkt),correctiv---verlag-und-vertrieb-fr-die-gesellschaft-ug-haftungsbeschrnkt,Germany,Halle 3.0,D96,Lara Mertens,CORRECTIV - Verlag und Vertrieb für die Gesellschaft UG (haftungsbeschränkt),
Cosmos Books Ltd.,cosmos-books-ltd,Hong Kong,Halle 5.1,D121,,,
CotCotCot Éditions - Des Carabistouilles Sprl,cotcotcot-ditions---des-carabistouilles-sprl,Belgium,Halle 3.1,F97,,,
Cottage Door Press,cottage-door-press-f7bf08f8,United States,Halle 4.2,K21,,,
Cotton Tree Publishing House,cotton-tree-publishing-house,Hong Kong,Halle 5.1,D121,,,
Council of Europe Publishing Editions du Conseil de l'Europe,council-of-europe-publishing-editions-du-conseil-de-leurope-5ccc43ae,France,Halle 4.1,G68,,,
Council of Literary Magazines and Presses,council-of-literary-magazines-and-presses-8fbe683a,United States,Halle 4.2,K14,,,
Courgette éditions,courgette-ditions,Belgium,Halle 3.1,F97,,,
Cover Softwarelösungen GmbH & Co. KG,cover-softwarelsungen-gmbh--co-kg-bfcd46da,Germany,Halle 4.1,J79 / Workstation,Dörthe Esmeier,Cover Softwarelösungen GmbH & Co. KG,
CP Printing Limited,cp-printing-limited,Hong Kong,Halle 5.1,D121,,,
CREABOOKS Srls,creabooks-srls,Italy,Halle 4.2,B75,Davide Valleri,CREABOOKS Srls,Foreign Rights Manager
Creabrulee,creabrulee-7b9a3026,Germany,Halle 5.0,E144,,,
Creative Artists Agency,creative-artists-agency-a16a4ce7,United States,Halle 1.2,LitAg,,,
Creative Company (The),the-creative-company-4a84b142,United States,Halle 4.2,D6,,,
Creative Publishing,creative-publishing,Ukraine,Halle 3.1,C13,,,
Creative Women Publishing LTD,creative-women-publishing-ltd,Ukraine,Halle 3.1,C13,,,
Creator Lounge -  Frankfurter Buchmesse,creator-lounge----frankfurter-buchmesse,Germany,Festhalle,D55,,,
Crécy Publishing Ltd.,crcy-publishing-ltd,United Kingdom,Halle 5.1,C80,,,
Crime World - Frankfurter Buchmesse,crime-world---frankfurter-buchmesse,Germany,Halle 5.0,E87,,,
Crítica Editorial Imprint of Planeta Corporación S.R.L.,crtica-editorial-imprint-of-planeta-corporacin-srl,Spain,Halle 3.1,D98,,,
Crius Group NV,crius-group-nv,Belgium,Halle 3.1,D23,,,
Croatian Chamber of Economy,croatian-chamber-of-economy,Croatia,Halle 3.1,D47,,,
Cromwell Leather,cromwell-leather-797a3a7d,United States,Halle 3.1,G25 / Workstation,,,
Cross Cult Entertainment GmbH,cross-cult-entertainment-gmbh--co-publishing-kg,Germany,Halle 4.0,B103,,,
Crossref,crossref-6afefc07,United States,Halle 4.1,H100,,,
Crossway Books & Bibles Good News Publishers,crossway-books--bibles-good-news-publishers-937f0ec7,United States,Halle 4.2,C84,,,
Crown House Publishing Ltd,crown-house-publishing-ltd,United Kingdom,Halle 3.1,B22,,,
Crown Publishing,crown-publishing,United States,Halle 5.1,D19,,,
Crown Publishing (H.K.) Ltd.,crown-publishing-hk-ltd,Hong Kong,Halle 5.1,D121,,,
Crystal Clarity Publishers,crystal-clarity-publishers-6ef026fe,United States,Halle 5.1,C24,,,
Crystal Window Books,crystal-window-books,Hong Kong,Halle 5.1,D121,,,
Csimota Kiadó,csimota-kiad,Hungary,Halle 3.1,C34,,,
Cuentos Artesana SAS de CV,cuentos-artesana-sas-de-cv,Mexico,Halle 3.1,E96,Paulina Seguí,Cuentos Artesana SAS de CV,Anesthesiologist/editor
Cuentos con Valores S.L.,cuentos-con-valores-sl,Spain,Halle 3.1,D130,,,
Cultura Editora,cultura-editora,Portugal,Halle 3.1,F139,,,
Cultural Relics Press,cultural-relics-press,China,Halle 5.1,D147,,,
CulturBooks Verlag,culturbooks-1a0e0618,Germany,Halle 3.0,C74,,,
Curious Universe UK Ltd.,curious-universe-uk-ltd-3c5dbab7,United Kingdom,Halle 4.2,A14,,,
Curtis Brown Group Ltd.,curtis-brown-group-ltd-804b3990,United Kingdom,Halle 1.2,LitAg,,,
Curtis Brown Ltd.,curtis-brown-ltd-f292013b,United States,Halle 1.2,LitAg,,,
CYP International Ltd.,cyp-international-ltd,United Kingdom,Halle 3.1,A86,,,
Cyprus Publishers Association,cyprus-publishers-association,Cyprus,Halle 3.1,C83,,,
Czarne Publishers,czarne-publishers,Poland,Halle 3.1,B54,,,
Czech Cultural Institute,czech-cultural-institute,Czechia,Halle 3.1,C65,,,
Czernin Verlags GmbH,czernin-verlags-gmbh-b7e8af48,Austria,Halle 3.0,D129,,,
[dabbeljuti] Media  Imprint der SystemConsult Theis & Partner GmbH,dabbeljuti-media--imprint-der-systemconsult-theis--partner-gmbh,Germany,Halle 3.0,G93,,,
Dabovi lista,dabovi-lista,Bulgaria,Halle 3.1,B19,,,
DACH Magazine,dach-magazine,Germany,Halle 3.1,C13,,,
Daco srl,daco,Italy,Halle 4.2,B92,,,
Dada - Éditions Arola,dada---ditions-arola,France,Halle 3.1,J131,,,
DADO Editorial Sensorial,dado,Colombia,Halle 3.1,E83,,,
"Daiwashobo Publishing Co., Ltd.",daiwashobo-publishing-co-ltd,Japan,Halle 4.2,F34,Yuko Ogino,"Daiwashobo Publishing Co., Ltd.","Lead Coordinator, Licensing & Rights"
Dalcò Edizioni S.r.l.,dalc-edizioni-srl,Italy,Halle 3.1,B134,,,
Dalila Raffeel,dalila-raffeel-c2913952,Austria,Halle 4.0,H80,,,
Dana Blatná Literary Agency,dana-blatn-literary-agency,Czechia,Halle 3.1,C65,,,
Danann Media Publishing Ltd.,danann-media-publishing-ltd,United Kingdom,Halle 4.2,J84,Mathilde Pineau-Valencienne,Danann Media Publishing Ltd.,Sales agent
Daniela Bonerba Agency,daniela-bonerba-agency-8fb0db2d,France,Halle 3.1,H66,,,
Daniela Schlingmann Literary Scouting Ltd.,daniela-schlingmann-literary-scouting-ltd-fd414169,United Kingdom,Halle 1.2,LitAg,,,
Daniella J. Sommers,daniella-j-sommers---daniela-fokken,Germany,Halle 4.0,J69,,,
Danish Arts Foundation,danish-arts-foundation-121b0ca9,Denmark,Halle 3.1,B70,,,
DANISH COMICS,danske-tegneserieskabere,Denmark,Halle 3.1,H23 / Comics Business Centre,Thomas Schrøder,DANISH COMICS,Writer
Danny Hong Agency,danny-hong-agency-61fb804c,Republic of Korea,Halle 1.2,LitAg,,,
danube books Verlag,danube-books-verlag,Germany,Halle 3.0,B68,,,
Danuih Verlag,danuih-verlag,United Kingdom,Halle 3.0,G47,,,
Daphne nv,daphne-nv-9ebfae77,Belgium,Halle 3.1,H62,,,
Dar Al Thani,dar-al-thani,United Kingdom,Halle 5.1,B23,,,
Darby Literary Rights Agency Ltd.,darby-literary-rights-agency-ltd,United Kingdom,Halle 1.2,LitAg,,,
Dargaud (part of Media Participations),sa-dargaud,France,Halle 3.1,G125,,,
"Dark Horse Comics, LLC",dark-horse-comics-llc-f141235a,United States,Halle 3.1,H23 / Comics Business Centre,,,
Darley Anderson & Associates Ltd.,darley-anderson--associates-ltd,United Kingdom,Halle 1.2,LitAg,,,
Darley Anderson Children's Book Agency Ltd.,darley-anderson-childrens-book-agency-ltd-daa42482,United Kingdom,Halle 1.2,LitAg,,,
"Dasan Books Co., Ltd.",dasan-books-co-ltd,Republic of Korea,Halle 5.1,A143,,,
Das vergessene Buch DVB Verlag GmbH,das-vergessene-buch--dvb-verlag,Austria,Halle 5.0,D15,,,
David and Charles Ltd,david-and-charles-ltd-04450eac,United Kingdom,Halle 4.2,E61,,,
David Black Literary Agency,david-black-literary-agency,United States,Halle 1.2,LitAg,,,
David C. Cook,david-c-cook-5c5db843,United States,Halle 4.2,C94,,,
David Fickling Books Ltd,david-fickling-books-ltd,United Kingdom,Halle 3.1,H1 / Comics Business Centre,,,
David Higham Associates Ltd.,david-higham-associates-ltd-00d4411e,United Kingdom,Halle 1.2,LitAg,,,
David Howell & Co.,david-howell--co,United States,Halle 5.0,E118,,,
David Luxton Associates Ltd,david-luxton-associates-ltd-6fc3e8ee,United Kingdom,Halle 1.2,LitAg,,,
Daylight Publishing House,daylight-publishing-house,China,Halle 5.1,D147,,,
dbb verlag gmbh,dbb-verlag-gmbh-733133a1,Germany,Halle 3.0,B133,,,
DC Canada Education Publishing,dc-canada-education-publishing-32db8c5c,,Halle 4.2,J13,,,
dead soft verlag e.K.,dead-soft-verlag-ek,Germany,Festhalle,C43,,,
De Correspondent Uitgevers,de-correspondent-uitgevers,Netherlands,Halle 3.1,E21,,,
Deep Vellum Publishing,deep-vellum-publishing,United States,Halle 4.2,K14,,,
DeFiore and Company Literary Management Inc.,defiore-and-company-literary-management-inc-73b06bc9,United States,Halle 1.2,LitAg,,,
De Gruyter Brill,walter-de-gruyter-gmbh-2b554dd1,Germany,Halle 4.1,E92,,,
Delachaux & Niestlé (part of Media Participations),delachaux--niestl,France,Halle 3.1,H145,,,
Del Commune Enterprises,del-commune-enterprises-295beea4,United States,Halle 1.2,LitAg,,,
Delcourt (part of Editis),ditions-delcourt,France,Halle 3.1,H96,,,
Delius Klasing Verlag GmbH,delius-klasing-verlag-gmbh-86bf7f27,Germany,Halle 3.0,F61,,,
DemandSens,bearingpoint,Germany,Halle 4.1,G1,Frank Duscheck,DemandSens,Partner
DemandSens,bearingpoint,Germany,Halle 4.1,G1,Flavia Natea,DemandSens,Sales Manager
De Mediafederatie - Groep Algemene Uitgevers,de-mediafederatie---groep-algemene-uitgevers,Netherlands,Halle 3.1,E21,,,
Deník N,denk-n,Czechia,Halle 3.1,C65,,,
Denoël (part of Madrigall),editions-denol-editions-gallimard,France,Halle 3.1,H97,,,
Department Culture and Sport Ho Chi Minh City,department-culture-and-sport-ho-chi-minh-city,Viet Nam,Halle 5.1,B41,,,
Department of Culture and Tourism - Abu Dhabi Arabic Language Center,abu-dhabi-arabic-language-center,United Arab Emirates,Halle 5.1,B13,,,
"Der Apfel, Ihr Kulturverlag für das Besondere",der-apfel-ihr-kulturverlag-fr-das-besondere,Austria,Halle 5.0,C75,,,
Der Audio Verlag GmbH,der-audio-verlag-gmbh-a80286c7,Germany,Halle 5.0,C87,Maureen Wurm,Der Audio Verlag GmbH,Pressereferentin/Veranstaltungen
Der Audio Verlag GmbH,der-audio-verlag-gmbh-ace7a89f,Germany,Halle 3.0,E47,,,
der Freitag Mediengesellschaft mbH & Co. KG,der-freitag-mediengesellschaft-mbh--co-kg,Germany,,,,,
Desclée De Brouwer (part of Elidia Group),descle-de-brouwer,France,Halle 3.1,G145,,,
Desen (Tudem Publishing Group),tudem-publishing-group-0d341ca5,Türkiye,Halle 3.1,E53,,,
Design FRM gGmbH,design-frm-ggmbh-ca0b326e,Germany,,,Kai Rosenstein,Design FRM gGmbH,
Desrotina Editora,desrotina-editora,Portugal,Halle 3.1,F139,,,
De Stefano Cristina,sarl-de-stefano-literary-scouting-affbdf82,Italy,Halle 1.2,LitAg,,,
Deusto Imprint of Planeta Corporación S.R.L,deusto-imprint-of-planeta-corporacin-srl,Spain,Halle 3.1,D98,,,
Deutsche Akademie für Kinder- und Jugendliteratur e.V.,deutsche-akademie-fr-kinder--und-jugendliteratur-ev,Germany,Halle 4.0,G65,,,
Deutsche Bibelgesellschaft,deutsche-bibelgesellschaft,Germany,Halle 3.0,G65,,,
Deutsche Bundesbank,deutsche-bundesbank-de782dbf,Germany,Halle 3.0,G11,Laura Ferfort,Deutsche Bundesbank,Redakteurin
Deutsche Bundesbank,deutsche-bundesbank-de782dbf,Germany,Halle 3.0,G11,Laura Stauf,Deutsche Bundesbank,
Deutsche Bundesbank,deutsche-bundesbank-de782dbf,Germany,Halle 3.0,G11,Hannah Klose,Deutsche Bundesbank,Team Bürgerkommunikation
Deutsche Hochschule für Gesundheit und Sport,deutsche-hochschule-fr-gesundheit-und-sport,Germany,Halle 4.1,J79 / Campus Weekend,,,
Deutsche Nationalbibliothek,deutsche-nationalbibliothek-57781610,Germany,,,,,
Deutscher Buchpreis -  Frankfurter Buchmesse,deutscher-buchpreis----frankfurter-buchmesse,Germany,Halle 4.1,H21,Charlotte Wenk,Deutscher Buchpreis - Frankfurter Buchmesse,Referentin Buchpreise
Deutscher Drehbuchverband e.V.,deutscher-drehbuchverband-ev,Germany,,,Gerrit Hermans,Deutscher Drehbuchverband e.V.,
Deutscher Fachverlag GmbH,deutscher-fachverlag-gmbh,,,,Maria Belz,Deutscher Fachverlag GmbH,
Deutscher Literaturfonds e.V.,deutscher-literaturfonds-ev,Germany,Halle 5.0,C115,Lars Birken-Bertsch,Deutscher Literaturfonds e.V.,
Deutscher Sachbuchpreis - Frankfurter Buchmesse,deutscher-sachbuchpreis---frankfurter-buchmesse,Germany,Halle 4.1,H21,Birgit Grundler,Deutscher Sachbuchpreis - Frankfurter Buchmesse,Referentin Deutscher Sachbuchpreis
Deutscher Übersetzerfonds e.V.,deutscher-bersetzerfonds-ev,Germany,Halle 5.0,C115,,,
Deutsches Architekturmuseum,deutsches-architekturmuseum-a8979c80,Germany,Halle 3.0,H110,,,
Deutsches Filminstitut-DIF  e.V. Deutsches Filmmuseum,deutsches-filminstitut-dif--ev-deutsches-filmmuseum,Germany,,,,,
Deutsches Kulturforum östliches Europa e.V.,deutsches-kulturforum-stliches-europa-ev-4ec17144,Germany,Halle 3.1,C64,,,
Deutsche Stiftung Denkmalschutz. Monumente Publikationen,deutsche-stiftung-denkmalschutz-monumente-publikationen,Germany,Halle 3.0,F61,,,
Deutschlandradio K.d.ö.R.,deutschlandradio-kdr,Germany,Halle 3.0,H105,,,
Deutsch-Tschechischer Zukunftsfonds,deutsch-tschechischer-zukunftsfonds,Czechia,Halle 3.1,C74,Adela Chadziantonidis,Deutsch-Tschechischer Zukunftsfonds,
Deutsch-Tschechischer Zukunftsfonds,deutsch-tschechischer-zukunftsfonds,Czechia,Halle 3.1,C74,Sabine Borovanská,Deutsch-Tschechischer Zukunftsfonds,
Deutsch-Tschechischer Zukunftsfonds,deutsch-tschechischer-zukunftsfonds,Czechia,Halle 3.1,C74,Martin Hudec,Deutsch-Tschechischer Zukunftsfonds,
Deutsch-Tschechischer Zukunftsfonds,deutsch-tschechischer-zukunftsfonds,Czechia,Halle 3.1,C74,Ilona Rožková,Deutsch-Tschechischer Zukunftsfonds,
Deutsch-Tschechischer Zukunftsfonds,deutsch-tschechischer-zukunftsfonds,Czechia,Halle 3.1,C74,Silja Schultheis,Deutsch-Tschechischer Zukunftsfonds,
Deutsch-Tschechischer Zukunftsfonds,deutsch-tschechischer-zukunftsfonds,Czechia,Halle 3.1,C74,Maximilian Schmidt,Deutsch-Tschechischer Zukunftsfonds,
Deutsch-Tschechischer Zukunftsfonds,deutsch-tschechischer-zukunftsfonds,Czechia,Halle 3.1,C74,Susanne Sehlbach,Deutsch-Tschechischer Zukunftsfonds,
Deutsch-Tschechischer Zukunftsfonds,deutsch-tschechischer-zukunftsfonds,Czechia,Halle 3.1,C74,Veronika Thor,Deutsch-Tschechischer Zukunftsfonds,
De Vier Windstreken,de-vier-windstreken,Netherlands,Halle 3.1,E21,,,
Devir Publicações,devir-livraria,Brazil,Halle 3.1,E53,Paulo Silva Junior,Devir Publicações,Publishing manager
"DEXPRESS CO., LTD.",dexpress-co-ltd,Thailand,Halle 5.1,A113,,,
dfp Design UG,dfp-design-ug,Germany,Halle 5.0,B110,,,
DG Nexolution,dg-nexolution-eg,Germany,Halle 3.0,G93,,,
DGVT-Verlag,dgvt-verlag-deutsche-gesellschaft-fr-verhaltenstherapie,Germany,Halle 3.0,G93,,,
DHH Literary Agency,dhh-literary-agency-e1b45234,United Kingdom,Halle 1.2,LitAg,,,
DIALOGMUSEUM gGmbH,dialogmuseum-ggmbh,Germany,,,Noah Handschuh,DIALOGMUSEUM gGmbH,
DIALOGMUSEUM gGmbH,dialogmuseum-ggmbh,Germany,,,Lizzy Jäkel,DIALOGMUSEUM gGmbH,Kommunikationsdesignerin
DIALOGMUSEUM gGmbH,dialogmuseum-ggmbh,Germany,,,Laura Margielsky,DIALOGMUSEUM gGmbH,
DIALOGMUSEUM gGmbH,dialogmuseum-ggmbh,Germany,,,Anne Petrine Waagö,DIALOGMUSEUM gGmbH,Teamlead Guides Team
Dialogue Stage -  Frankfurter Buchmesse,dialogue-stage----frankfurter-buchmesse,Germany,Halle 4.0 Foyer,A1,,,
Diamond Comic Distributors UK,diamond-comic-distributors-uk,United Kingdom,Halle 3.1,H32,Tammy Intrasena,Diamond Comic Distributors UK,
"Diamond Magazine Pvt. Ltd,",diamond-pocket-books-pvt-ltd,,Halle 3.1,H23 / Comics Business Centre,,,
Diana Imprint of Planeta Corporacion S.R.L,diana-imprint-of-planeta-corporacion-srl,Spain,Halle 3.1,D98,,,
Didier FLE (part of Hachette Livre),editions-didier-trademark-of-hachette-livre-sa,France,Halle 3.1,H59,,,
Didier Jeunesse (part of Hachette Livre SA),didier-jeunesse-hachette-livre,France,Halle 3.1,H59,,,
Die Geschenkverlage,verlagsgruppe-droemer-knaur-gmbh--co-kg--die-geschenkverlage-845402c4,Germany,Halle 5.0,B35,Caroline Klein,Verlagsgruppe Droemer Knaur,Leitung Marketing Geschenkverlage
Die Geschenkverlage,die-geschenkverlage,Germany,Festhalle,B93,,,
Die Gestalten Verlag GmbH & Co. KG,die-gestalten-verlag-gmbh--co-kg-46ff8d8f,Germany,Halle 4.2,E47,Paul Anrather,Die Gestalten Verlag GmbH & Co. KG,Senior Sales Manager
Die Gestalten Verlag GmbH & Co. KG,die-gestalten-verlag-gmbh--co-kg-46ff8d8f,Germany,Halle 4.2,E47,Paola Varotto,Die Gestalten Verlag GmbH & Co. KG,Head of International Sales
die horen,die-horen-4bc9253f,Germany,Halle 3.0,C141,,,
Die kleine Rakete Piu-Piu,die-kleine-rakete-piu-piu,Germany,,,Natalia Giese,Die kleine Rakete Piu-Piu,Publisher
Die Schwarze Kinderbibliothek Deutschland,die-schwarze-kinderbibliothek-deutschland,Germany,Halle 4.0,F92,,,
Die Spiegelburg,edition-die-spiegelburg-1375705c,Germany,Halle 4.0,B52,,,
Dieterich'sche Verlagsbuchhandlung,dieterichsche-verlagsbuchhandlung-f62c08ce,Germany,Halle 3.0,C93,,,
Dietmar Dreier Wissenschaftliche Versandbuchhandlung GmbH,dietmar-dreier-wissenschaftliche-versandbuchhandlung-gmbh-24e09860,Germany,Halle 4.1,J79 / Workstation,Meng Kit,Dietmar Dreier Wissenschaftliche Versandbuchhandlung GmbH,Open Access & Publisher Relations Manager
Dietmar Dreier Wissenschaftliche Versandbuchhandlung GmbH,dietmar-dreier-wissenschaftliche-versandbuchhandlung-gmbh-24e09860,Germany,Halle 4.1,J79 / Workstation,Annika Tebart,Dietmar Dreier Wissenschaftliche Versandbuchhandlung GmbH,Betriebsleiterin ppa
Die Werkstatt Verlagsauslieferung GmbH,die-werkstatt-verlagsauslieferung-gmbh-80253b67,Germany,Halle 3.0,C22,,,
Difference Engine Pte Ltd,difference-engine-pte-ltd,Singapore,Halle 5.1,B67,Hairul Amar,Difference Engine Pte Ltd,Sales & Publishing Manager
Difusión S.L.,difusin-sl,Spain,Halle 3.0,F33,,,
Digital Catapult Inc.,digital-catapult-inc,Japan,Halle 3.1,H23 / Comics Business Centre,,,
Digital Publishing Report GmbH,digital-publishing-report-d690619a,Germany,Halle 4.1,H102,Daniel Lenz,Digital Publishing Report GmbH,CEO
Digital Publishing Report GmbH,digital-publishing-report-d690619a,Germany,Halle 4.1,H102,Steffen Meier,DIGITAL PUBLISHING REPORT GmbH,Founder
Digital Science & Research Solutions Limited,digital-science-research-and-solutions-limited-3bc9159f,United Kingdom,Halle 4.1,F103,Nigel Thompson,Digital Science & Research Solutions Limited,"Business Development Director, Publisher Sales"
"DILIA - Theatrical, Literary and Audiovisual Agency",dilia---theatrical-literary-and-audiovisual-agency,Czechia,Halle 3.1,C65,,,
DIN Media GmbH,din-media-gmbh,Germany,Halle 4.1,J79 / Workstation,,,
Dinomini Publishing and Games LLC,dinomini-publishing-and-games-llc,United States,Halle 4.2,B66,,,
Diogenes Verlag AG,diogenes-verlag-ag,Switzerland,Halle 3.0,C15,Patrizia Hasler,Diogenes Verlag AG,Film Rights Manager
Diogenes Verlag AG,diogenes-verlag-ag,Switzerland,Halle 3.0,C15,Stephanie Uhlig,Diogenes Verlag AG,Presse
DIPLOMA Hochschule,diploma-hochschule,Germany,Halle 4.1,J79 / Campus Weekend,Maria Tonkunaite,DIPLOMA Hochschule,
"Direção-Geral do Livro, dos Arquivos e das Bibliotecas / Ministério da Cultura",direo-geral-do-livro-dos-arquivos-e-das-bibliotecas--ministrio-da-cultura,Portugal,Halle 3.1,F139,,,
"Discover 21, Inc.",discover-21-inc,Japan,Halle 4.2,F34,,,
Discovery Stage - Frankfurter Buchmesse,discovery-stage---frankfurter-buchmesse,Germany,Halle 5.0,C147,,,
Disk Ad Publishing and Communication bv,disk-ad-publishing-and-communication-bv,Netherlands,Halle 4.1,H96,Robert Janoska,SNAP Innovation GmbH,Technical Sales & Project Manager
Disney Lorcana by Ravensburger,disney-lorcana-by-ravensburger,Germany,Festhalle,D67,,,
Distribution HMH Inc.,groupe-hmh,Canada,Halle 3.1,F85,,,
Divadelný Ústav,divadeln-stav,Slovakia,Halle 3.1,C50,,,
Dobrovský Publishing,our-publishing-house,Czechia,Halle 3.1,C65,,,
doctronic GmbH & Co. KG,doctronic-gmbh--co-kg,Germany,Halle 4.1,H69,Holger Flörke,doctronic GmbH & Co. KG,
doctronic GmbH & Co. KG,doctronic-gmbh--co-kg,Germany,Halle 4.1,H69,Sebastian Link,doctronic GmbH & Co. KG,Marketing Manager
doctronic GmbH & Co. KG,doctronic-gmbh--co-kg,Germany,Halle 4.1,H69,Carsten Oberscheid,doctronic GmbH & Co. KG,Geschäftsführer
doctronic GmbH & Co. KG,doctronic-gmbh--co-kg,Germany,Halle 4.1,H69,Olaf Kortenhoff,doctronic GmbH & Co. KG,Sales Manager
Dokoran,dokoran,Czechia,Halle 3.1,C65,,,
Dolphin Books,dolphin-books,China,Halle 5.1,D152,,,
DOMIREA GROUP SP. Z O.O.,domirea-group-sp-z-oo,Poland,Halle 3.1,B54,,,
Dom Quixote,dom-quixote,Portugal,Halle 3.1,F139,,,
Dom Wydawniczy REBIS Sp. z.o.o.,dom-wydawniczy-rebis-sp-zoo,Poland,Halle 3.1,B54,,,
Don Bosco Medien GmbH,don-bosco-medien-gmbh-marketing--vertrieb-714ebc19,Germany,Halle 4.0,G75,,,
Dongguan Humen Yadian Binding Material Factory,dongguan-humen-yadian-binding-material-factory,China,Halle 4.2,A100,Fiona Liu,Dongguan Humen Yadian Binding Material Factory,Sales Manager
Dongguan Humen Yadian Binding Material Factory,dongguan-humen-yadian-binding-material-factory,China,Halle 4.2,A100,Jessica Lee,Dongguan Humen Yadian Binding Material Factory,Group Manager
"Dongguan Xianglu Packaging Co., Ltd.",dongguan-xianglu-packaging-co-ltd,China,Halle 5.1,C146,,,
Donzelli Editore s.r.l.,donzelli-editore-srl,Italy,Halle 3.1,B102,,,
Dorling Kindersley Ltd.,dorling-kindersley-ltd,United Kingdom,Halle 5.1,D1,,,
Dorling Kindersley Verlag GmbH,dorling-kindersley-verlag-gmbh,Germany,Halle 3.0,D16,Kathrin Dettmann,Dorling Kindersley Verlag GmbH,Innendienst Vertrieb
Dorling Kindersley Verlag GmbH,dorling-kindersley-verlag-gmbh,Germany,Halle 3.0,D16,Jenifer Witte,Dorling Kindersley Verlag GmbH,Leitung Presse & Kommunikation
D'ORO Collection Srl,doro-collection-srl,Italy,Halle 3.1,B134,,,
Double 9 Books,bw-ecommerce-pvt-ltd,India,Halle 4.2,D10,,,
dp Digital Publishers,dp-digital-publishers-limited,United Kingdom,Halle 4.2,J1,,,
Draakon&Kuu,draakonkuu,Estonia,Halle 3.1,B34,,,
Drachenmond Verlag GmbH,drachenmond-verlag-gmbh,Germany,Halle 4.0,H89,,,
Dragon Press (imprint of Rily Publications),dragon-press-imprint-of-rily-publications,United Kingdom,Halle 3.1,B22,,,
Drakoo (part of Bamboo group),drakoo,France,Halle 3.1,H96,,,
Drava Verlag - Založba Drava GmbH,drava-verlag---zaloba-drava-gmbh-670d7edd,Austria,Halle 3.0,C36,,,
Dr. Bircher GmbH Akademie,dr-bircher-gmbh-akademie-bircher-brenner,Switzerland,Halle 5.0,C75,,,
Dr. Cantz'sche Verlagsgesellschaft mbH & Co. KG,dcv-dr-cantzsche-verlagsgesellschaft-mbh--co-kg,Germany,Halle 3.0,G93,,,
Dreamakers,dreamakers,Hong Kong,Halle 5.1,D121,,,
Dreamexe Limited,dreamexe-limited,Hong Kong,Halle 5.1,D121,,,
Dreamland Publications,dreamland-publications-5afa18a6,India,Halle 4.2,B33,,,
Dream Tree Creations,dt-labs--ta-dream-tree-creations,Ireland,Halle 4.1,A26,Catherine Ellison,Dream Tree Creations,International Sales & Partnerships
Dream Tree Creations,dt-labs--ta-dream-tree-creations,Ireland,Halle 4.1,A26,Fiona Holmes,Dream Tree Creations,CEO
"Drecom Co., Ltd.",drecom-co-ltd,Japan,Halle 3.1,G25 / Workstation,,,
Dressler Verlag GmbH,dressler-verlag-ein-imprint-der-verlagsgruppe-oetinger-5f163a9c,Germany,Halle 4.0,B32,,,
Dr. Glaw und Lubahn GbR,dr-glaw--lubahn-gbr--mediathoughts-verlag-a491d34c,Germany,Halle 3.0,B59,Thomas Glaw,Dr. Glaw und Lubahn GbR,Geschäftsführender Gesellschafter
Dr. Glaw und Lubahn GbR,dr-glaw--lubahn-gbr--mediathoughts-verlag-a491d34c,Germany,Halle 3.0,B59,Dorothea Lubahn,Dr. Glaw und Lubahn GbR,
DrillBit SoftTech India Private Limited,drillbit-softtech-india-private-limited-9bcada3a,India,Halle 4.1,H65,KOYIRA VENKATESH YATHEENDRA,DrillBit SoftTech India Private Limited,CTO
DropCap Inc.,dropcap-inc,United States,Halle 5.1,D55,,,
Druid Learning Ltd,druid-learning-ltd,Ireland,Halle 4.1,G23,Niamh Faller,Druid Learning Ltd,CEO
Drukarnia Dimograf Sp. z o.o.,drukarnia-dimograf-sp-z-oo-1bac2e8e,Poland,Halle 3.0,G109,,,
Drukatava,drukatava,Latvia,Halle 3.1,A33,Silva Lipane,Drukatava,Export Sales
Drukatava,drukatava,Latvia,Halle 3.1,A33,Gundega Skele,Drukatava,
DSV Fairs & Events GmbH,dsv-solutions-gmbh,Germany,Halle 4.0,J46,,,
DT Agency,dt-agency,Poland,Halle 3.1,B54,,,
dtv junior,dtv-junior,Germany,Halle 5.0,C87,,,
dtv Reihe Hanser,dtv-reihe-hanser,Germany,Halle 5.0,C87,,,
dtv Verlagsgesellschaft mbH & Co. KG,dtv-verlagsgesellschaft-mbh--co-kg,Germany,Halle 5.0,C87,Merle Hering,dtv Verlagsgesellschaft mbH & Co. KG,
dtv Verlagsgesellschaft mbH & Co. KG,dtv-verlagsgesellschaft-mbh--co-kg,Germany,Halle 5.0,C87,Julia Lang,dtv Verlagsgesellschaft mbH & Co. KG,
dtv Verlagsgesellschaft mbH & Co. KG,dtv-verlagsgesellschaft-mbh--co-kg,Germany,Halle 5.0,C87,Simmet Marlena,dtv Verlagsgesellschaft mbH & Co. KG,Veranstaltungsreferentin
dtv Verlagsgesellschaft mbH & Co. KG,dtv-verlagsgesellschaft-mbh--co-kg,Germany,Halle 5.0,C87,Johannes Schermaul,dtv Verlagsgesellschaft mbH & Co. KG,Veranstaltungsreferent
dtv Verlagsgesellschaft mbH & Co. KG,dtv-verlagsgesellschaft-mbh--co-kg,Germany,Halle 5.0,C87,Dominique Schikora,dtv Verlagsgesellschaft mbH & Co. KG,Veranstaltungsreferentin
dtv Verlagsgesellschaft mbH & Co. KG,dtv-verlagsgesellschaft-mbh--co-kg,Germany,Halle 5.0,C87,Andrea Maiwald,dtv Verlagsgesellschaft mbH & Co. KG,Assistenz der Geschäftsleitung Marketing
dtv Verlagsgesellschaft mbH & Co. KG,dtv-verlagsgesellschaft-mbh--co-kg-b7b3b906,Germany,Halle 1.2,PRC,,,
Du Bút Books,d-but-books,Viet Nam,Halle 3.1,E53,Quynh Than,Du Bút Books,"Co-founder, editor and rights manager"
Duck Learning,duck-learning,Singapore,Halle 4.1,A27,,,
Duke University Press,duke-university-press-ce6f2aeb,United States,Halle 4.1,E33,,,
DuMont Buchverlag GmbH & Co.KG,dumont-buchverlag-gmbh--cokg-c01d0ed7,Germany,Halle 3.0,D143,Pia Gilles,DuMont Buchverlag GmbH & Co.KG,
DuMont Buchverlag GmbH & Co.KG,dumont-buchverlag-gmbh--cokg-c01d0ed7,Germany,Halle 3.0,D143,Elke Wehinger,DuMont Buchverlag GmbH & Co.KG,Werbeleitung / Key Account
DuMont Buchverlag GmbH & Co.KG,dumont-buchverlag-gmbh--cokg-c01d0ed7,Germany,Halle 3.0,D143,Lukas Meyer,DuMont Buchverlag GmbH & Co.KG,
DuMont Buchverlag GmbH & Co.KG,dumont-buchverlag-gmbh--cokg-0cc69e71,Germany,Halle 1.2,PRC,,,
Duncker & Humblot GmbH,duncker--humblot-gmbh-9f13c888,Germany,Halle 3.0,A147,Kim Anika Vollrodt,Duncker & Humblot GmbH,Lektorin und Projektmanagerin
Dunkelstern Verlag,dunkelstern-verlag-d3042091,Germany,Halle 4.0,H88,,,
Dunod (part of Hachette Livre),sa-dunod-editeur,France,Halle 3.1,H59,,,
Dupuis (part of Media Participations),dupuis,Belgium,Halle 3.1,G125,,,
Durnell Marketing Ltd.,durnell-marketing-ltd,United Kingdom,Halle 4.2,J53,,,
DVCK e.V.,dvck-ev-29430d63,Germany,Halle 3.0,G57,,,
"DZS Grafik, d.o.o.",dzs-grafik-doo-bca77a7c,Slovenia,Halle 3.1,B35,,,
East China Normal University Press Ltd.,east-china-normal-university-press-ltd,China,Halle 5.1,D140,Liangying Shu,East China Normal University Press Ltd.,Rights editor
East China Normal University Press Ltd.,east-china-normal-university-press-ltd-3ed50938,China,Halle 5.1,D147,,,
"Eastern European and Asian Rights Agency, Ltd.",eastern-european-and-asian-rights-agency-ltd,Latvia,Halle 1.2,LitAg,,,
Eastern Panorama Offset,eastern-panorama-offset,India,Halle 4.2,F35,Wanhun Kharsati,Eastern Panorama Offset,
Eastern Panorama Offset,eastern-panorama-offset,India,Halle 4.2,F35,Fedora Khymdeit,Eastern Panorama Offset,
Eastern Panorama Offset,eastern-panorama-offset,India,Halle 4.2,F35,Monica Lyngdoh,Eastern Panorama Offset,
Eastern Panorama Offset,eastern-panorama-offset,India,Halle 4.2,F35,Mewankhraw Majaw,Eastern Panorama Offset,
Eastern Panorama Offset,eastern-panorama-offset,India,Halle 4.2,F35,Cordelia Rajee,Eastern Panorama Offset,
Eastern Panorama Offset,eastern-panorama-offset,India,Halle 4.2,F35,Dilip Mukerjea,Eastern Panorama Offset,
"East View Information Services, Inc.",east-view-companies,United States,Halle 4.1,F77,,,
East-West Verlag und Buchhandel,vougar-aslanov,Germany,Halle 3.0,G93,,,
EBCONT group GmbH,ebcont-group-gmbh-fedffbad,Austria,Halle 4.1,H86,Katharina Nobereit,EBCONT group GmbH,Commercial Marketing Lead
EBCONT group GmbH,ebcont-group-gmbh-fedffbad,Austria,Halle 4.1,H86,Lars Schlatermund,EBCONT group GmbH,Head of Business Development
ebersbach & simon,ebersbach--simon-fd5ced02,Germany,Halle 3.0,G93,,,
EBLA,ebla,France,Halle 3.1,J131,,,
eBooks Patagonia,ebooks-patagonia,Chile,Halle 3.1,F102,,,
EBSCO Information Services GmbH,ebsco-information-services-gmbh-53acc9be,Germany,Halle 4.1,F72,Wendy Blanken,EBSCO Information Services GmbH,
eBuch eG,ebuch-eg,Germany,Halle 4.1,J33,,,
Eccles Fisher Associates,eccles-fisher-associates-4cfa6a14,United Kingdom,Halle 1.2,LitAg,,,
echomedia buchverlag,echomedia-buchverlag,Austria,Halle 5.0,E13,,,
Echter Verlag in der Bonifatius GmbH,echter-verlag-gmbh,Germany,Halle 3.0,G65,,,
"Ecological Fibers, Inc.",ecological-fibers-inc,United States,Halle 4.1,K35,,,
Economic Science Press,economic-science-press,China,Halle 5.1,D147,,,
Econ / Ullstein Buchverlage GmbH,econ-verlag-ein-unternehmen-der-ullstein-buchverlage-gmbh,Germany,Halle 3.0,A90,,,
ECPA Christian Collective,ecpa-christian-collective-bbd8dea8,United States,Halle 4.2,C90,,,
EC Publishing LLC,ec-publishing-llc-c2056991,United States,Halle 4.2,M19,,,
ECW Press,ecw-press-af6293cf,Canada,Halle 4.2,H5,Emily Ferko,ECW Press,
Edebiyatist Deutschland GmbH,edebiyatist-deutschland-gmbh,Germany,Halle 3.1,G65,Fatih Ayan,Edebiyatist Deutschland GmbH,editor-in-chief
Edebiyatist Deutschland GmbH,edebiyatist-deutschland-gmbh,Germany,Halle 3.1,G65,Bahar Beyaz,Edebiyatist Deutschland GmbH,
Edel Music & Entertainment GmbH  JUMBO/GOYA,jumbo-neue-medien--verlag-gmbh-goyalit-1e731f89,Germany,Halle 4.0,H17,Pauline Thyen,Edel Music & Entertainment GmbH JUMBO/GOYA,
"Edelsa Grupo Didascalia, S.A.",edelsa-grupo-didascalia-sa,Spain,Halle 3.1,D85,,,
Edel Verlagsgruppe GmbH,edel-verlagsgruppe-gmbh,,Halle 4.1,K9 / Audio Business Centre,Laura Förstl,Edel Verlagsgruppe GmbH,
Edel Verlagsgruppe GmbH,edel-verlagsgruppe-gmbh,,Halle 4.1,K9 / Audio Business Centre,Nina Hack,Edel Verlagsgruppe GmbH,
Edelvives Editorial Luis Vives Martistas Hermanos Prov Norte,edelvives-editorial-luis-vives-martistas-hermanos-prov-norte-e8197d23,Spain,Halle 3.1,D135,,,
Eden Ecommerce Ltd,eden-ecommerce-ltd,United Kingdom,Halle 4.2,D5,Samantha Cooper,Eden Ecommerce Ltd,Head of Business
Eden Ecommerce Ltd,eden-ecommerce-ltd,United Kingdom,Halle 4.2,D5,Gareth Mulholland,Publish360 from Eden Interactive Ltd,"Founder, CEO"
Eden Ecommerce Ltd,eden-ecommerce-ltd,United Kingdom,Halle 4.2,D5,Simon Nutt,Eden Ecommerce Ltd,Group Marketing Director
Edgard Mariusz Jachimczuk,edgard-mariusz-jachimczuk,Poland,Halle 3.1,B54,,,
EDGE Publishing House,edge-publishing-house,Armenia,Halle 3.1,B11,,,
Edicart Style Srl,edicart-style-srl,Italy,Halle 3.1,B134,,,
Ediciones Akal México,ediciones-akal-mxico,Mexico,Halle 3.1,E96,Mónica Romero,Ediciones Akal México,
Ediciones Antílope S. de R.L. de C.V.,ediciones-antlope-s-de-rl-de-cv,Mexico,Halle 3.1,E96,Fernanda Gallegos,Ediciones Antílope S. de R.L. de C.V.,Content and International Partnerships Manager
Ediciones del Lirio S.A. DE C.V.,ediciones-del-lirio,Mexico,Halle 3.1,E96,Biswadip Chakraborty,Ediciones del Lirio S.A. DE C.V.,Managing Director
Ediciones del Lirio S.A. DE C.V.,ediciones-del-lirio,Mexico,Halle 3.1,E96,Rubén Mendieta Benavidez,Ediciones del Lirio S.A. DE C.V.,Owner
Ediciones Destino S.A. Imprint of Planeta Corporación S.R.L.,ediciones-destino-sa-imprint-of-planeta-corporacin-srl,Spain,Halle 3.1,D98,,,
Ediciones Ekaré Sur,ediciones-ekar-sur,Chile,Halle 3.1,F102,,,
"Ediciones El Naranjo, S.A. de C.V.",ediciones-el-naranjo-sa-de-cv,Mexico,Halle 3.1,E96,,,
Ediciones El Viso S.A.,ediciones-el-viso-sa,Spain,Halle 3.1,D135,,,
"Ediciones Granica, S. A.",ediciones-granica-s-a,Argentina,Halle 3.1,F86,,,
Ediciones Larousse S.A. de C.V.,ediciones-larousse-sa-de-cv,Mexico,Halle 3.1,D85,,,
Ediciones Metales Pesados,ediciones-metales-pesados,Chile,Halle 3.1,F102,,,
Ediciones Minilupa,ediciones-minilupa,Chile,Halle 3.1,F102,,,
Ediciones Minotauro Imprint of Planeta Corporación S.R.L.,ediciones-minotauro-imprint-of-planeta-corporacin-srl,Spain,Halle 3.1,D98,,,
Ediciones Mis Raíces,ediciones-mis-races,Chile,Halle 3.1,F102,,,
Ediciones Paidós Imprint of Planeta Corporación S.R.L.,ediciones-paids-imprint-of-planeta-corporacin-srl,Spain,Halle 3.1,D98,,,
Ediciones Península Imprint of Planeta Corporación S.R.L.,ediciones-pennsula-imprint-of-planeta-corporacin-srl,Spain,Halle 3.1,D98,,,
"Ediciones Rialp, S.A.",ediciones-rialp-sa,Spain,Halle 3.1,D135,,,
"Ediciones Saldaña, S.A.",ediciones-saldaa-sa,Spain,Halle 3.1,E104,,,
Ediciones T&T,ediciones-tt,Spain,Halle 3.1,D135,,,
"Ediciones Tutor, S.A.",ediciones-tutor-sa,Spain,Halle 3.1,D135,,,
Ediciones Universidad de Navarra (EUNSA),ediciones-universidad-de-navarra-eunsa,Spain,Halle 3.1,D135,,,
Edicions 62 SA - Grup62,grup62,Spain,Halle 3.1,E131,,,
Edicions Bromera Empresa Editorial sl,edicions-bromera-slu,Spain,Halle 3.1,E131,,,
Edicions do Cumio S.A.U.,edicions-do-cumio-sau,Spain,Halle 3.1,D135,,,
Edições ASA,edies-asa,Portugal,Halle 3.1,F139,,,
Edições Toth,edies-toth,Portugal,Halle 3.1,F139,Nuno Oliveira,Rota do Livro - Edições Toth,Editorial Coordinator
Edilingua Edizioni SRLU,edilingua-edizioni-srlu-98a6ebbe,Italy,Halle 3.1,A132,,,
Edinburgh University Press,edinburgh-university-press,United Kingdom,Halle 4.2,J7,,,
"Edit-enclave, S.A.",edit-enclave-sa,Spain,Halle 3.1,D135,,,
Editeurs du Sud,editeurs-du-sud-657cf540,France,Halle 3.1,H60,,,
Editio Dialog Literary Agency,editio-dialog-literary-agency,France,Halle 1.2,LitAg,,,
Edition 5Haus,edition-5haus,Austria,Halle 5.0,E13,,,
edition 8 Genossenschaft,edition-8-879aec03,Switzerland,Halle 3.0,C65,Brigitte Walz-Richter,"edition 8 Verlags-Genossenschaft, Zürich, Schweiz","Verlegerin,Lektorin, Lehrerin, Stiftungsrätin"
edition a,edition-a,Austria,Halle 5.0,D15,Anja Doppler,edition a,Marketing und Eventmanagement
Edition Aramo,edition-aramo,Austria,Halle 5.0,E13,,,
Edition Arthof,edition-arthof,Austria,Halle 5.0,E13,,,
Edition Atelier,edition-atelier,Austria,Halle 5.0,E13,,,
Edition AV,edition-av-27fa978b,Germany,Halle 3.0,C60,,,
Edition BAES,edition-baes,Austria,Halle 5.0,E13,,,
Edition Bracklo - Gabriela Bracklo,edition-bracklo---gabriela-bracklo-b6624921,Germany,Halle 4.0,C38,,,
edition bücherlese GmbH,edition-bcherlese-gmbh,Switzerland,Halle 3.0,F97,,,
edition ch,edition-ch,Austria,Halle 5.0,E13,,,
Edition Das Fröhliche Wohnzimmer,edition-das-frhliche-wohnzimmer,Austria,Halle 5.0,E13,,,
Edition Eremitage am Kamp,edition-eremitage-am-kamp,Austria,Halle 5.0,E13,,,
edition exil,edition-exil,Austria,Halle 5.0,E13,,,
Edition fabrik.transit,edition-fabriktransit,Austria,Halle 5.0,E13,,,
Edition Faust Verlag in der Faust-Kultur GmbH,edition-faust-verlag-in-der-faust-kultur-gmbh-4cdc0fca,Germany,Halle 3.0,B94,Jimi Tammelleo,Edition Faust Verlag in der Faust-Kultur GmbH,
Edition Faust Verlag in der Faust-Kultur GmbH,edition-faust-verlag-in-der-faust-kultur-gmbh-f6a26317,Germany,Halle 3.0,D87,,,
edition federleicht,edition-federleicht,Germany,Halle 3.0,D87,Barbara Imgrund,edition federleicht,freie Schriftstellerin und Literaturübersetzerin
edition federleicht,edition-federleicht,Germany,Halle 3.0,D87,Salih Jamal,edition federleicht,Autor
edition.fotoTAPETA Engel & Rostek GbR,editionfototapeta-engel--rostek-gbr,Germany,Halle 3.0,B68,Andreas Rostek,edition.fotoTAPETA Engel & Rostek GbR,Verleger
edition frölich Regelindis Westphal,edition-frlich-regelindis-westphal,Germany,Halle 3.0,B68,Regelindis Westphal,edition frölich Regelindis Westphal,
"edition gai saber AG, Michael Frick",edition-gai-saber-ag-michael-frick,Switzerland,Halle 3.0,F97,,,
Edition Helden,edition-helden,Germany,Halle 4.0,A76,,,
edition himmel,edition-himmel,Austria,Halle 5.0,E13,,,
edition keiper,edition-keiper,Austria,Halle 5.0,E13,,,
Edition Korrespondenzen,edition-korrespondenzen-06b4df61,Austria,Halle 5.0,E13,,,
Edition kürbis,edition-krbis,Austria,Halle 5.0,E13,,,
edition laurin,edition-laurin,Austria,Halle 5.0,E13,,,
Edition Lempertz,edition-lempertz,Germany,Halle 3.0,F61,,,
edition lex liszt 12,edition-lex-liszt-12,Austria,Halle 5.0,E13,,,
edition libica,edition-libica,Austria,Halle 5.0,E13,,,
Edition Melos,edition-melos,Austria,Halle 5.0,E13,,,
Edition Michael Fischer GmbH,edition-michael-fischer-gmbh-09350b09,Germany,Halle 4.1,J79 / Workstation,,,
Edition Moderne,edition-moderne,Switzerland,Halle 3.0,F97,,,
edition mono,edition-mono,Austria,Halle 5.0,E13,,,
edition mosaik,edition-mosaik,Austria,Halle 5.0,E13,,,
Edition Nautilus GmbH,edition-nautilus-gmbh-e22ea738,Germany,Halle 3.0,C68,,,
Edition Olms AG,edition-olms-ag,Switzerland,Halle 3.0,F97,,,
edition panoptikum,edition-panoptikum,Austria,Halle 5.0,E13,,,
EDITION PASTORPLATZ Brink & Held GbR,edition-pastorplatz-brink--held-gbr,Germany,Halle 4.0,B17,,,
Edition Raetia GmbH,edition-raetia-gmbh-bd5709a8,Italy,Halle 3.0,C57,,,
Edition Rapial Edicija,edition-rapial-edicija,Austria,Halle 5.0,E13,,,
Edition Rayo / rayokinderbuch - Verlag,rayokinderbuch-verlag,Germany,Halle 3.0,D87,,,
Éditions Alto Inc.,alto,Canada,Halle 3.1,F85,,,
Éditions B42,ditions-b42,France,Halle 4.2,J131,,,
Éditions Casterman S.A.,editions-casterman-sa,Belgium,Halle 3.1,F97,,,
Éditions de la Maison des sciences de l'homme,editions-de-la-maison-des-sciences-de-lhomme,France,Halle 3.1,G145,,,
Éditions de l'EHESS,editions-de-lehess,France,Halle 3.1,G145,,,
Éditions de l'Observatoire (part of Terre neuve éditeurs),editions-de-lobservatoire-part-of-humensis,France,Halle 3.1,H145,,,
Éditions de L'Olivier,ditions-de-lolivier-sas,France,Halle 3.1,H125,,,
Éditions de l'Université de Bruxelles,editions-de-luniversit-de-bruxelles,Belgium,Halle 3.1,F97,,,
Éditions des Équateurs (part of Terre neuve éditeurs),ditions-des-quateurs-part-of-humensis,France,Halle 3.1,H145,,,
Éditions des Grandes Personnes,editions-des-grandes-personnes,France,Halle 3.1,J131,,,
Éditions du 123 (part of Miscellane Group),ditions-du-123-part-of-miscellane-group,France,Halle 3.1,J131,,,
Éditions du Canoé,ditions-du-cano,France,Halle 3.1,G145,,,
Éditions du Gros Caillou,ditions-du-gros-caillou,France,Halle 3.1,G145,,,
Éditions du Masque (part of Hachette Livre),editions-du-masque-trademark-of-hachette-livre-sa,France,Halle 3.1,H59,,,
Éditions du Patrimoine - Centre des monuments nationaux,editions-du-patrimoine---centre-des-monuments-nationaux,France,Halle 3.1,H125,,,
Éditions du Rocher (part of Elidia group),editions-du-rocher,Monaco,Halle 3.1,G145,,,
Editions Favre,editions-favre,Switzerland,Halle 3.0,F97,,,
Éditions F Deville,ditions-f-deville,Belgium,Halle 3.1,F97,,,
Editions Grenier SARL,editions-grenier-sarl,Burkina Faso,Halle 3.1,E53,Alfred Ananga,Editions Grenier SARL,Editorial Director
Editions Grenier SARL,editions-grenier-sarl,Burkina Faso,Halle 3.1,E53,Bourahima Zongo,Editions Grenier SARL,Creative Advisor and Mentor
Editions Guy Binsfeld,editions-guy-binsfeld,Luxembourg,Halle 3.0,F98,,,
Éditions La Veilleuse,ditions-la-veilleuse,Switzerland,Halle 3.0,F97,,,
Éditions les 400 coups Inc.,ditions-les-400-coups-inc,Canada,Halle 3.1,F85,,,
Éditions Liana Levi,editions-liana-levi,France,Halle 3.1,G145,,,
Éditions Marmottons SRL,ditions-marmottons-srl,Belgium,Halle 3.1,F97,,,
Éditions Michel Quintin,ditions-michel-quintin-fec56ff8,Canada,Halle 4.2,H16,Charlotte Delwaide,Éditions Michel Quintin,Rights and Marketing Director
Edition Sonnberg,edition-sonnberg,Austria,Halle 5.0,E13,,,
edition sonne und mond,edition-sonne-und-mond,Austria,Halle 5.0,E13,,,
Éditions Panthère,ditions-panthre,Belgium,Halle 3.1,F97,,,
Éditions Perséphone (part of Miscellane Group),ditions-persphone-part-of-miscellane-group,France,Halle 3.1,J131,,,
Editions Phi S.A.,editions-phi-sa,Luxembourg,Halle 3.0,F98,,,
Edition SPLITTER,edition-splitter,Austria,Halle 5.0,E13,,,
Éditions Robert Laffont (part of Editis),sas-editions-robert-laffont,France,Halle 3.1,H97,,,
Editions Schortgen,editions-schortgen,Luxembourg,Halle 3.0,F98,,,
Éditions Thierry Magnier (part of Actes Sud),editions-thierry-magnier,France,Halle 3.1,G145,,,
Éditions Viviane Hamy (part of Flammarion),editions-viviane-hamy,France,Halle 3.1,H97,,,
edition taberna kritika,edition-taberna-kritika-6160a9e9,Switzerland,Halle 3.0,C67,,,
edition tagediebin,edition-tagediebin,Austria,Halle 5.0,E13,,,
Edition Tandem,edition-tandem,Austria,Halle 5.0,E34,,,
edition text + kritik im Richard Boorberg Verlag GmbH & Co. KG,edition-text--kritik-im-richard-boorberg-verlag-gmbh--co-kg-c63e5f2e,Germany,Halle 3.0,D60,,,
Edition Thurnhof KG Anton Kurz u. Mitgesellschafter,edition-thurnhof-kg-anton-kurz-u-mitgesellschafter-e9aeafea,Austria,Halle 5.0,E37,,,
Edition Tiamat,edition-tiamat-ec8e00e2,Germany,Halle 3.0,D66,,,
Edition Tintenfass,edition-tintenfa,Germany,Halle 5.0,C75,,,
Edition Valnød / Bureau Dillier,edition-valnd--bureau-dillier,Switzerland,Halle 3.0,F97,,,
Edition Wannenbuch & Paperento Verlag Jens Korch,edition-wannenbuch--paperento-verlag-jens-korch,Germany,Halle 3.0,B57,Korch Jens,Edition Wannenbuch & Paperento Verlag Jens Korch,Verleger
Edition W GmbH,edition-w-gmbh-c45bfe6a,Germany,Halle 3.0,C105,Robin Schmerer,Edition W GmbH,Programm/ Lektorat
Edition Winkler-Hermaden,edition-winkler-hermaden,Austria,Halle 5.0,E13,,,
Edition Wissenschaft und Praxis,edition-wissenschaft-und-praxis,Germany,Halle 3.0,A147,,,
edition wort werk. Imprint der Edition Tandem,edition-wort-werk-imprint-der-edition-tandem,Austria,Halle 5.0,E32,,,
edition ZZOO,edition-zzoo,Austria,Halle 5.0,E13,,,
Editis,editis---sas-sogedif,France,Halle 3.1,H97,,,
Editora Gente,editora-gente,Brazil,,,,,
Editora Livros do Brasil,editora-livros-do-brasil,Portugal,Halle 3.1,F139,,,
"Editora Pergaminho, Lda.",editora-pergaminho,Portugal,Halle 3.1,F139,,,
Editorial Almuzara SL,editorial-almuzara-sl,Spain,Halle 3.1,D135,,,
Editorial Amanuta,editorial-amanuta,Chile,Halle 3.1,F102,Philippe Petitpas,Editorial Amanuta,Art Director
Editorial Anagrama S.A.U.,editorial-anagrama-sa-5ed931e0,Spain,Halle 3.1,B107,,,
Editorial Ariel Imprint of Grupo Planeta Corporación S.R.L.,editorial-ariel-imprint-of-grupo-planeta-corporacin-srl,Spain,Halle 3.1,D98,,,
Editorial Base - Flor Edicions SL,editorial-base,Spain,Halle 3.1,E131,,,
Editorial Caminho,editorial-caminho,Portugal,Halle 3.1,F139,,,
"Editorial Casals, S.A.",editorial-casals-sa-2d576c43,Spain,Halle 3.1,D121,,,
Editorial Cayuco,editorial-cayuco,Mexico,Halle 3.1,E96,Andrea Garza Ponce de León,Editorial Cayuco,"Founder and Director, Editorial Cayuco"
Editorial Cidcli,editorial-cidcli,Mexico,Halle 3.1,E96,Elisa Castellanos,Editorial Cidcli,Publisher
Editorial Cultura - Ministerio de Cultura y Deportes,editorial-cultura---ministerio-de-cultura-y-deportes,Guatemala,Halle 3.1,E62,,,
Editorial Desclée De Brouwer S.A.,editorial-descle-de-brouwer-sa,Spain,Halle 3.1,E104,,,
"Editorial el Drac, S.L.",editorial-el-drac-sl,Spain,Halle 3.1,D135,,,
Editoriale Scienza part of GIUNTI EDITORE SPA,editoriale-scienza-srl-5559baa0,Italy,Halle 3.1,D122,,,
Editoriales de Chile - Publishers of Chile,editoriales-de-chile---publishers-of-chile,Chile,Halle 3.1,F102,,,
"Editorial Flamboyant, S.L.",editorial-flamboyant-sl,Spain,Halle 3.1,E131,,,
Editorial GG SL,editorial-gg-sl,Spain,Halle 3.1,E131,,,
Editorial Guadal S.A.,editorial-guadal-sa-062c91ca,Argentina,Halle 4.2,G82,,,
Editorial Inefable,editorial-inefable,Mexico,Halle 3.1,E96,Jose Luis Torres,Editorial Inefable,
Editorial Inefable,editorial-inefable,Mexico,Halle 3.1,E96,Lidia Uribe,Editorial Inefable,
"Editorial La Pepita, S.A.",editorial-la-pepita-sa,Guatemala,Halle 3.1,E62,,,
Editorial Libsa S.A.,editorial-libsa-sa-b9be4dd0,Spain,Halle 3.1,E110,,,
Editorial Médica Panamericana SAU,editorial-mdica-panamericana-sa,Spain,Halle 3.1,D135,,,
Editorial Navaja,editorial-navaja,Chile,Halle 3.1,F102,,,
Editorial Piedrasanta,editorial-piedrasanta,Guatemala,Halle 3.1,E62,,,
"Editorial Planeta, S.A. Imprint of Planeta Corporación S.R.L.",editorial-planeta-sa-imprint-of-planeta-corporacin-srl,Spain,Halle 3.1,D98,,,
Editorial Presença,editorial-presena,Portugal,Halle 3.1,F139,,,
Editorial Pre-Textos,silvia-pratdesaba-lafuente--editorial-pre-textos,Spain,Halle 3.1,E120,,,
Editorial Sat Nam - Joan Adell Lavé,editorial-sat-nam---joan-adell-lav,Spain,Halle 3.1,E131,,,
Editorial Seix Barral Imprint of Planeta Corporación S.R.L.,editorial-seix-barral-imprint-of-planeta-corporacin-srl,Spain,Halle 3.1,D98,,,
"Editorial SEKAI, S.L.",editorial-sekai-sl,Spain,Halle 3.1,E120,Ramón Liste Moreno,"Editorial SEKAI, S.L.",Director
Editorial Sentir,sentir,Spain,Halle 3.1,E131,,,
Editorial Stenella,editorial-stenella,Spain,Halle 3.1,E131,,,
Editorial Trillas,editorial-trillas-sa-de-cv,Mexico,Halle 3.1,E96,Jorge Durán,Editorial Trillas,Foreign Rights
Editorial Trillas,editorial-trillas-sa-de-cv,Mexico,Halle 3.1,E96,Edgar Krauss,Editorial Trillas,Editorial Director
"Editorial Txalaparta, S.L.L.",editorial-txalaparta-sll,Spain,Halle 3.1,E104,,,
Editorial Uninorte,editorial-uninorte,Colombia,Halle 3.1,E83,,,
Editorial Universidad de Granada,editorial-universidad-de-granada,Spain,Halle 3.1,D135,,,
Editorial Universidad de Guadalajara,universidad-de-guadalajara,Mexico,Halle 3.1,E96,,,
Editorial Vicens Vives,editorial-vicens-vives,Spain,Halle 3.1,E131,,,
Editorial Zig-Zag,editorial-zig-zag,Chile,Halle 3.1,F102,,,
Editori Laterza  Gius. Laterza & Figli S.p.A.,editori-laterza--gius-laterza--figli-spa-77796de6,Italy,Halle 3.1,A144,,,
EDITORS.CAT - Associacio d'Editors en Llengua Catalana,editorscat---associacio-deditors-en-llengua-catalana,Spain,Halle 3.1,E131,,,
Edit Print Publishing House,edit-print-publishing-house,Armenia,Halle 3.1,B11,,,
Editrice Bibliografica srl,editrice-bibliografica-srl,Italy,Halle 3.1,B102,,,
Editrice Il Castoro S.r.l.,editrice-il-castoro-srl-9c89e336,Italy,Halle 3.1,A136,,,
Editrice Morcelliana srl,editrice-morcelliana-srl,Italy,Halle 3.1,B134,,,
Editrice Queriniana Congregazione Sacra Famiglia di Nazareth,editrice-queriniana-congregazione-sacra-famiglia-di-nazareth,Italy,Halle 3.1,B102,,,
Edizioni Casagrande SA,edizioni-casagrande-sa,Switzerland,Halle 3.0,F97,,,
Edizioni Centro Studi Erickson,edizioni-centro-studi-erickson-d15964cf,Italy,Halle 3.1,A120,,,
Edizioni del Borgo S.r.l.,edizioni-del-borgo-srl-b9d0db0b,Italy,Halle 3.1,D122,,,
Edizioni di Atlantide S.r.l.,edizioni-di-atlantide-srl,Italy,Halle 3.1,B102,,,
Edizioni EL s.r.l.,edizioni-el-srl-4b52c3d1,Italy,Halle 3.1,C135,,,
Edizioni E/O s.r.l.,edizioni-eo-srl-7e952e65,Italy,Halle 3.1,A128,,,
Edizioni Mediterranee srl,edizioni-mediterranee-srl,Italy,Halle 3.1,B102,,,
Edizioni Nulla Die,nulla-die-di-giordano-massimiliano,Italy,Halle 3.1,B102,,,
Edizioni San Paolo s.r.l.,edizioni-san-paolo-srl-13c2e24d,Italy,Halle 3.1,C119,Simona Scuri,Edizioni San Paolo s.r.l.,Foreign Rights Manager
Edmison/Harper Literary Scouting,edmisonharper-literary-scouting-2b5f8250,United States,Halle 1.2,LitAg,,,
EDP Sciences,edp-sciences,France,Halle 4.1,F90,,,
Edra Publishing US LLC,edra-publishing-us-llc,United States,Halle 4.1,D71,,,
Educational Publishing House Pte. Ltd.,educational-publishing-house-pte-ltd,Singapore,Halle 4.1,A17,,,
Education Solutions Viet Nam Company Limited,education-solutions-viet-nam-company-limited,Viet Nam,Halle 4.1,B27,,,
EduHint B.V.  Edu-Suite™,edu-suite,Netherlands,Halle 4.1,C68,Jennifer Hinam,Edu-Suite™,International Sales Manager
EduHint B.V.  Edu-Suite™,edu-suite,Netherlands,Halle 4.1,C68,Alice Micheli,EduHint B.V. Edu-Suite™,Success & Support Engineer
EduHint B.V.  Edu-Suite™,edu-suite,Netherlands,Halle 4.1,C68,Aernout Van Heusden,EduHint B.V. Edu-Suite™,
Edukid Distributors Sdn Bhd,edukid-distributors-sdn-bhd,Malaysia,Halle 4.2,A64,Rasul Mohd Bin Kader Maidin,Edukid Distributors Sdn Bhd,Director
Edukid Distributors Sdn Bhd,edukid-distributors-sdn-bhd,Malaysia,Halle 4.2,A64,Navin Dorasamy,Edukid Distributors Sdn Bhd,Executive Director
Edukid Distributors Sdn Bhd,edukid-distributors-sdn-bhd,Malaysia,Halle 4.2,A64,Dorasamy Karuppannah Udayar,Edukid Distributors Sdn Bhd,Director
Edward Elgar Publishing Ltd,edward-elgar-publishing-ltd-2aee7fe9,United Kingdom,Halle 4.1,D23,,,
Edwards Fuglewicz Literary Agency,edwards-fuglewicz-literary-agency-25eba16e,United Kingdom,Halle 1.2,LitAg,,,
Eesti Raamat,eesti-raamat,Estonia,Halle 3.1,B34,,,
Effatà Editrice di P. Pellegrino SAS,effat-editrice-di-pellegrino-e-segarelli-snc,Italy,Halle 3.1,B134,,,
"e-future Co., Ltd.",e-future-co-ltd,Republic of Korea,Halle 4.1,C54,,,
Egmont Verlagsgesellschaften mbH,egmont-verlagsgesellschaften-mbh,Germany,Halle 4.0,C70,Ronja Kapke,Egmont Verlagsgesellschaften mbH,Marketingmanager
Eichborn Verlag in der Bastei Lübbe AG,eichborn-verlag-in-der-bastei-lbbe-ag-df63e57f,Germany,Halle 5.0,C65,,,
Eifeler Literaturverlag Verlagsgruppe Mainz,gnter-mainz-verlag--imprint-eifeler-literaturverlag-fa2db854,Germany,Halle 3.0,E163,,,
Eikon Editores SL,eikon-editores,Spain,Halle 4.2,D57,,,
E. J. Publishing,e-j-publishing,Slovakia,Halle 3.1,C50,,,
EKSA,estonian-language-foundation,Estonia,Halle 3.1,B34,,,
élami agency,lami-agency-0b2f5a01,Netherlands,Halle 1.2,LitAg,,,
"El Buey Liberal, S.L.",el-buey-liberal-sl,Spain,Halle 3.1,D135,,,
El Colegio de la Frontera Norte,el-colegio-de-la-frontera-norte,Mexico,Halle 3.1,E96,Néstor de J. Robles Gutiérrez,El Colegio de la Frontera Norte,
El Croquis Publicación de Arquitectura Construcción y Diseno S.L.,el-croquis-publicacin-de-arquitectura-construccin-y-diseno-sl-0e40ad2e,Spain,Halle 3.0,G126,,,
"Elefanta Editorial (Elefanta del Sur, S.A. de C.V.)",elefanta-editorial-elefanta-del-sur-sa-de-cv,Mexico,Halle 3.1,E96,Karla Esparza,"Elefanta Editorial (Elefanta del Sur, S.A. de C.V.)",
Elephant Books Agency,cartem-cmics-sl,Spain,Halle 3.1,H23 / Comics Business Centre,,,
ElevenLabs,elevenlabs,,Halle 4.1,J5,,,
Elfenbein Verlag,elfenbein-verlag-2136ea5b,Germany,Halle 3.0,B107,,,
Elfenbein Zeitschriften Verlag,elfenbein-zeitschriften-verlag-e1ff58d7,Germany,Halle 3.0,B109,,,
Elisabeth Ruge Agentur GmbH,elisabeth-ruge-agentur-gmbh-340ed089,Germany,Halle 1.2,LitAg,,,
Elisabeth Sandmann Verlag GmbH,elisabeth-sandmann-verlag-gmbh-6c15e483,Germany,Halle 3.0,E90,,,
ELI Srl,eli-srl-166ad64b,Italy,Halle 4.1,C34,,,
Elkar Argitaletxea S.L.,elkar-argitaletxea-sl,Spain,Halle 3.1,E104,,,
ELKOST International Literary Agency,elkost-international-literary-agency-2fd91bd1,Spain,Halle 1.2,LitAg,Yulia Dobrovolskaya,ELKOST International Literary Agency,CEO
ELKOST International Literary Agency,elkost-international-literary-agency-2fd91bd1,Spain,Halle 1.2,LitAg,Alexander Klimin,ELKOST International Literary Agency,agent
Ella Sher Literary Agency Unipessoal Lda,ella-sher-literary-agency-unipessoal-lda-91f2c563,Portugal,Halle 1.2,LitAg,,,
Elliot GmbH,elliot-gmbh,Germany,Halle 5.0,C136,,,
ELM Scholarly Press,elm-scholarly-press,Estonia,Halle 3.1,B34,,,
Elredo Voice,elredo-sro,Czechia,Halle 4.1,K9 / Audio Business Centre,Milan Kolcun,Elredo Voice,Partner & Head of Partnerships
Elredo Voice,elredo-sro,Czechia,Halle 4.1,K9 / Audio Business Centre,Ladd Nosakovec,Elredo Voice,Strategic partnerships
Elredo Voice,elredo-sro,Czechia,Halle 4.1,K9 / Audio Business Centre,Matěj Schmalz,Elredo Voice,Founder&CEO at Elredo & ElredoVoice
Elsevier B.V.,elsevier-bv,Netherlands,Halle 4.1,D100,Samadhi De Silva,Elsevier B.V.,"Coordinator, Events & Webinars"
Elsevier B.V.,elsevier-bv,Netherlands,Halle 4.1,D100,Kinga Rietveld,Elsevier B.V.,Events and Webinars Manager
El Tapiz del Unicornio,el-tapiz-del-unicornio,Mexico,Halle 3.1,E96,,,
Elwin Street Agency,elwin-street-agency-7a79bb53,United Kingdom,Halle 1.2,LitAg,,,
Elyse Cheney Literary Associates,elyse-cheney-literary-associates-f6b27d0e,United States,Halle 1.2,LitAg,,,
Elyzad,elyzad,France,Halle 3.1,G145,,,
Emerald Publishing,emerald-publishing-ltd-c246e41a,United Kingdom,Halle 4.1,E56,,,
Emil Fink Verlag,emil-fink-verlag,Germany,Halle 3.0,F61,,,
Emily Books Agency Ltd.,emily-books-agency-ltd,Taiwan,Halle 1.2,LitAg,,,
"Emily Key, Freya Miles, Rose Bloom",emily-key-und-freya-miles,Germany,Festhalle,A61,,,
Emirates Publishers Association,emirates-publishers-association-a0f669dd,United Arab Emirates,Halle 5.1,A25,,,
Emons Italia s.r.l.,emons-italia-srl,Italy,Halle 3.1,B102,,,
emons Verlag GmbH,emons-verlag-gmbh-e7da8bab,Germany,Halle 3.0,A36,Nora Dutz,emons Verlag GmbH,Veranstalterin
emons Verlag GmbH,emons-verlag-gmbh-e7da8bab,Germany,Halle 3.0,A36,Ulrike Emons,emons Verlag GmbH,
emons Verlag GmbH,emons-verlag-gmbh-e7da8bab,Germany,Halle 3.0,A36,Meinert Karolin,emons Verlag GmbH,
Empaj éditions,empaj-ditions,Belgium,Halle 3.1,F97,,,
Empire-Verlags OG,empire-verlags-og,Austria,Halle 3.0,B23,,,
"Encyclopedia of China Publishing House Co., Ltd.",encyclopedia-of-china-publishing-house-co-ltd,China,Halle 5.1,D147,,,
English Books GmbH,english-books-gmbh,Austria,Halle 4.2,K93,,,
Enhacore Books,enhacore-books,Colombia,Halle 3.1,E83,Alejandro Herrera Prada,Enhacore Books,Director of Business Development
Ensemble Modern GbR,ensemble-modern-gbr,Germany,,,,,
Enthusiast Publishing House,enthusiast-publishing-house,Bulgaria,Halle 3.1,B19,,,
Epigram Books,epigram-books-pte-ltd,Singapore,Halle 5.1,B67,Yuka Kamamoto,Epigram Books,Assistant Editor
E-planet Educational Services Ltd.,e-planet-educational-services-ltd-2ac7d0cb,United Kingdom,Halle 4.1,B18,,,
Epsilon Publishing Group,epsilon-yayinevi-ticaret-ve-sanayi-as,Türkiye,Halle 5.1,C20,Merve SARIHAN,Epsilon Publishing Group,Foreign Rights Coordinator
EPUBLIC,epublic,Republic of Korea,Halle 4.1,B85,,,
EPUBLIC,epublic-814eaa12,Republic of Korea,Halle 5.1,A143,,,
Erasmus Antiquariaat en Boekhandel,erasmus-antiquariaat-en-boekhandel-bv,Netherlands,Halle 4.1,J64,,,
Erein Argitaletxea S.A.,erein-argitaletxea-sa,Spain,Halle 3.1,E104,,,
Erich Schmidt Verlag GmbH & Co. KG,erich-schmidt-verlag-gmbh--co-kg-48932d1a,Germany,Halle 3.0,G93,Sibylle Boehler,Erich Schmidt Verlag GmbH & Co. KG,Vertriebsleitung
Ernster éditions,ernster-ditions,Luxembourg,Halle 3.0,F98,,,
"Ernst Klett AG, Klett Gruppe",ernst-klett-ag-klett-gruppe,Germany,Halle 3.0,F33,,,
Ernst Klett Sprachen GmbH,ernst-klett-sprachen-gmbh,Germany,Halle 3.0,F33,,,
Errekappa di Monica Fava,errekappa-di-monica-fava,Italy,Halle 3.1,B102,,,
Ersen Publishing House,ersen-publishing-house,Estonia,Halle 3.1,B34,,,
erzähl:perspektive Literaturagentur Michaela Gröner & Klaus Gröner GbR,erzhlperspektive-literaturagentur-michaela-grner--klaus-grner-gbr-f2be5ff5,Germany,Halle 1.2,LitAg,,,
Eschenbach Optik GmbH,eschenbach-optik-gmbh,Germany,Halle 5.0,E136,,,
Esencia Imprint of Planeta Corporación S.R.L.,esencia-imprint-of-planeta-corporacin-srl,Spain,Halle 3.1,D98,,,
Esono AG,esono-ag,,Halle 4.1,J29,Daniil Chepeliev,Esono AG,IT-Projektmanager (Azubi)
Esono AG,esono-ag,,Halle 4.1,J29,Ellen Beiker,Esono AG,Marketing Managerin
Esono AG,esono-ag,,Halle 4.1,J29,Jochen Bieler,Esono AG,
Esono AG,esono-ag,,Halle 4.1,J29,Sven Jansen,Esono AG,Vorstand
Espasa Libros Imprint of Planeta Corporación S.R.L.,espasa-libros-imprint-of-planeta-corporacin-srl,Spain,Halle 3.1,D98,,,
Esperanza-Verlag,esperanza-verlag,Germany,Halle 3.0,D87,Sylvia Pietzko,Esperanza-Verlag,"Gründerin, Inhaberin, Autorin"
"Espresso&CigaretteCo.,Ltd.",espressocigarettecoltd,Thailand,Halle 5.1,A113,Wanwisa (Mod) Debrunner,"Espresso&CigaretteCo.,Ltd.",Executive Editor
Estonian Academy Publishers,estonian-academy-publishers,Estonia,Halle 3.1,B34,,,
Estonian Children's Literature Centre,estonian-childrens-literature-centre,Estonia,Halle 3.1,B34,,,
Estonian Literature Centre,estonian-literature-centre,Estonia,Halle 3.1,B34,,,
Estonian Publishers Association,estonian-publishers-association-aeb47226,Estonia,Halle 3.1,B34,,,
ETEP,etep,Portugal,Halle 3.1,F139,,,
Etxepare Euskal Institutua / Etxepare Basque Institute,etxepare-euskal-institutua--etxepare-basque-institute,Spain,Halle 3.1,E104,,,
Eugen Ulmer KG,eugen-ulmer-kg-d281581f,Germany,Halle 1.2,PRC,Julia Waltke,Eugen Ulmer KG,PR und Kommunikation
Eugen Ulmer KG,eugen-ulmer-kg-d281581f,Germany,Halle 1.2,PRC,Felicitas Zysk,Eugen Ulmer KG,
Eugen Ulmer KG,eugen-ulmer-kg-a56e6619,Germany,Halle 5.0,B122,,,
euregioverlag,euregioverlag-inh-renate-matthei,Germany,Halle 3.0,D87,,,
"Euromedia Group, a.s.",euromedia-group-as,Czechia,Halle 3.1,C65,Eliška Fosse Sulc,"Euromedia Group, a.s.",
Europa Edizioni srl,europa-edizioni-srl-b36ff761,Italy,Halle 3.0,B15,,,
Europäische Verlagsgesellschaften,europische-verlagsgesellschaften,Switzerland,Halle 5.0,C75,,,
Europapier Austria GmbH,europapier-international-ag,Austria,Halle 3.0,H126,Henrieta Chvalova,Europapier Austria GmbH,
Europapier Austria GmbH,europapier-international-ag,Austria,Halle 3.0,H126,Johann Jendros,Europapier Austria GmbH,
Europapier Austria GmbH,europapier-international-ag,Austria,Halle 3.0,H126,Katja Milković,Europapier Austria GmbH,Sales and marketing manager
Europapier Austria GmbH,europapier-international-ag,Austria,Halle 3.0,H126,Sandra Schmidt,Europapier International AG,"Business Lead Design Papers, Europapier Group"
Europapier Austria GmbH,europapier-international-ag,Austria,Halle 3.0,H126,Jovana Stevkovic,Europapier Austria GmbH,Sales
Europapier Austria GmbH,europapier-international-ag,Austria,Halle 3.0,H126,Temenuga Gergova,Europapier Austria GmbH,Outdoor salesrep and Product manager Printing
Europapier Austria GmbH,europapier-international-ag,Austria,Halle 3.0,H126,Thomas Staiger,Europapier Austria GmbH,Vertriebsaußendienst
European Association of Science Editors,european-association-of-science-editors,United Kingdom,Halle 4.1,A75,Are Brean,European Association of Science Editors,Vice President
European Association of Science Editors,european-association-of-science-editors,United Kingdom,Halle 4.1,A75,Iva Grabaric Andonovski,European Association of Science Editors,Vice President
European Association of Science Editors,european-association-of-science-editors,United Kingdom,Halle 4.1,A75,Mary Hodgson,European Association of Science Editors,Secretary and Treasurer
European Association of Science Editors,european-association-of-science-editors,United Kingdom,Halle 4.1,A75,Iryna Izarova,European Association of Science Editors,Council Member
European Association of Science Editors,european-association-of-science-editors,United Kingdom,Halle 4.1,A75,Ali Şahin,European Association of Science Editors,
European Educational Publishers Group (EEPG) c/o advocat  Søren Locher,european-educational-publishers-group-eepg-co-advocat--sren-locher-38702f54,Denmark,Halle 4.1,A33,Udo Diekmann,European Educational Publishers Group (EEPG) c/o advocat Søren Locher,
European & International Booksellers Federation,european--international-booksellers-federation,Belgium,,,Miriam Fofana,European & International Booksellers Federation,Project & Research Assistant
European Union - Creative Europe Programme,european-union---creative-europe-programme,Belgium,Halle 3.1,D53,,,
European Union Prize for Literature (EUPL),eu-prize-for-literature-eupl-co-federation-of-european-publishers,Belgium,Halle 1.2,PRC,,,
Euskal Editoreen Elkartea / Basque Language Publisher's Association,euskal-editoreen-elkartea--basque-language-publishers-association-6c7b42ab,Spain,Halle 3.1,E104,,,
Euskal Irudigileak  Asociación Profesional de Ilustradores de Euskadi,euskal-irudigileak--asociacin-profesional-de-ilustradores-de-euskadi,Spain,Halle 3.1,E104,,,
Evangelische Verlagsanstalt GmbH,evangelische-verlagsanstalt-gmbh,Germany,Halle 3.0,G65,,,
EVENIO d.o.o.,evenio-doo,Croatia,Halle 3.1,D24,,,
Everbest Printing Investment Ltd.,everbest-printing-investment-ltd,Hong Kong,Halle 5.1,D121,,,
everlove in der Piper Verlag GmbH,everlove-in-der-piper-verlag-gmbh-495e0ac2,Germany,Halle 3.0,A58,,,
EVOKE INK AS,evoke-ink-as,Norway,Halle 4.0,A95,,,
Exeter Premedia Services Private Limited,exeter-premedia-services-private-limited,India,Halle 4.1,J79 / Workstation,,,
Exils,exils,France,Halle 3.1,G145,,,
Exil Verlag,exil-verlag-43890767,Germany,Halle 3.0,D71,,,
Exisle Publishing,exisle-publishing-f1ca967e,Australia,Halle 4.2,J73,,,
Expedition Frankfurt by MVB,mvb-brasil-ltda,Brazil,Halle 3.1,F120,Sofia Camargo,Expedition Frankfurt by MVB,Editorial producer
Expedition Frankfurt by MVB,mvb-brasil-ltda,Brazil,Halle 3.1,F120,Carolina Candido,Expedition Frankfurt by MVB,
Expedition Frankfurt by MVB,mvb-brasil-ltda,Brazil,Halle 3.1,F120,Cassia Carrenho,Expedition Frankfurt by MVB,Cultural Producer & Curator
Expedition Frankfurt by MVB,mvb-brasil-ltda,Brazil,Halle 3.1,F120,Ricardo Costa,Expedition Frankfurt by MVB,CEO
Expedition Frankfurt by MVB,mvb-brasil-ltda,Brazil,Halle 3.1,F120,Jonatas Eliakim,Expedition Frankfurt by MVB,Head of Customer Experience
Expedition Frankfurt by MVB,mvb-brasil-ltda,Brazil,Halle 3.1,F120,Ana Clara Albuquerque,Expedition Frankfurt by MVB,Editorial Assistant
Expedition Frankfurt by MVB,mvb-brasil-ltda,Brazil,Halle 3.1,F120,Talita Facchini,Expedition Frankfurt by MVB,Journalist
Expedition Frankfurt by MVB,mvb-brasil-ltda,Brazil,Halle 3.1,F120,Ana Carolina Fiori,Expedition Frankfurt by MVB,Editorial
Expedition Frankfurt by MVB,mvb-brasil-ltda,Brazil,Halle 3.1,F120,Lucas Fischer Zapelini,Expedition Frankfurt by MVB,
Expedition Frankfurt by MVB,mvb-brasil-ltda,Brazil,Halle 3.1,F120,Carina Matuda,Expedition Frankfurt by MVB,Marketing Manager
expert verlag  - Ein Unternehmen der Narr Francke Attempto Verlag GmbH + Co. KG,expert-verlag----ein-unternehmen-der-narr-francke-attempto-verlag-gmbh--co-kg-1e87ecdc,Germany,Halle 3.0,A120,,,
Explora Books Ltd.,explora-books-ltd-acc8f062,,Halle 4.2,M47,,,
Express Publishing,express-publishing-7db1c14e,United Kingdom,Halle 4.1,B10,Savas Savides,Express Publishing,Area Manager North & Latin America
Express Publishing,express-publishing-7db1c14e,United Kingdom,Halle 4.1,B10,George Vasileiou,Express Publishing,Area Manager
Express Publishing,express-publishing-7db1c14e,United Kingdom,Halle 4.1,B10,Mina Voudouri,Express Publishing,
Expresta,expresta-sro,Slovakia,Halle 4.1,K25,Vladislav Jazudek,Expresta,Chief Sales Officer
Expresta,expresta-sro,Slovakia,Halle 4.1,K25,Milan Motal,Expresta,Account Manager
Expresta,expresta-sro,Slovakia,Halle 4.1,K25,Peter Zeman,Expresta,Book Innovations Manager
Extraordinary Books,extraordinary-books,United Kingdom,Halle 4.2,J27,,,
Extraordinary Publishing Branch,extraordinary-publishing-branch,Hong Kong,Halle 5.1,D121,,,
EYA Eric Yang Agency,eya-eric-yang-agency-a749612a,Republic of Korea,Halle 1.2,LitAg,,,
Eyrolles,editions-eyrolles,France,Halle 3.1,G145,,,
Fabasoft Xpublisher GmbH,xpublisher-gmbh-f2947497,Germany,,,Raphael Baier,Fabasoft Xpublisher,Geschäftsführer
Fabasoft Xpublisher GmbH,xpublisher-gmbh-f2947497,Germany,,,Marcos André Silva Duarte,Fabasoft Xpublisher GmbH,Technical PreSales Consultant
Faber & Faber Ltd.,faber--faber-ltd-f83f40f0,United Kingdom,Halle 4.2,J108,,,
Fabryka Opowieści,monika-grska-fabryka-opowiesci,Poland,Halle 3.1,B54,Monika Górska,Fabryka Opowieści,"Author, CEO"
Fabryka Opowieści,monika-grska-fabryka-opowiesci,Poland,Halle 3.1,B54,Ania Sikorska,Fabryka Opowieści,Foreign Rights
Facultas Verlags- und Buchhandels AG,facultas-verlags--und-buchhandels-ag,Austria,Halle 5.0,D15,,,
Faksimile Verlag,faksimile-verlag,Germany,Halle 4.2,D57,,,
Falter VerlagsgesmbH,falter-verlagsgesmbh,Austria,Halle 5.0,D15,,,
Fandango Libri srl,fandango-libri-srl,Italy,Halle 3.1,B102,,,
Fandogamia Editorial OE,fandogamia-editorial-oe,Spain,Halle 3.1,E120,Pedro F. Medina,Fandogamia Editorial OE,
Fans Legacy B.V.,fans-legacy-bv,Netherlands,Halle 3.1,F25,Tomer Arzoan,Fans Legacy B.V.,Founder & CEO
Fans Legacy B.V.,fans-legacy-bv,Netherlands,Halle 3.1,F25,Ehud Eblagon,Fans Legacy B.V.,Chief Business Officer
FarLit - Faroese Literature Abroad,farlit---faroese-literature-abroad,Faroe Islands,Halle 3.1,B70,,,
"Farrar, Straus & Giroux",farrar-straus--giroux-3402ac85,United States,Halle 5.1,D53,Nalie Borihane,"Farrar, Straus & Giroux",Subsidiary Rights Assistant
Faust Kultur Stiftung,faust-kultur-stiftung,Germany,Halle 3.0,B94,,,
Fayard (part of Hachette Livre),fayard-subsidiary-of-hachette-livre-sa,France,Halle 3.1,H59,,,
FB Imray Laurie Norie & Wilson GmbH,fb-imray-laurie-norie--wilson-gmbh,Austria,Halle 5.0,A115,,,
FCA,fca,Portugal,Halle 3.1,F139,,,
FCAdesign,fcadesign,Portugal,Halle 3.1,F139,,,
Federação Portuguesa de Futebol,federao-portuguesa-de-futebol,Portugal,Halle 3.1,F139,,,
Federación de Asociaciones Nacionales de Distribuidores de Ediciones (FANDE),federacin-de-asociaciones-nacionales-de-distribuidores-de-ediciones-fande,Spain,Halle 3.1,D135,Juan Manuel Martínez Blanco,Federación de Asociaciones Nacionales de Distribuidores de Ediciones (FANDE),Managing Director
Federación de Gremios de Editores de España,federacin-de-gremios-de-editores-de-espaa-c8ad693a,Spain,Halle 3.1,D135,,,
Federation of European Publishers,federation-of-european-publishers-66e7f53f,Belgium,,,Enrico Turrin,Federation of European Publishers,Deputy Director
Federation of European Publishers,federation-of-european-publishers-66e7f53f,Belgium,,,Emma Vanderouderaa,Federation of European Publishers,
Federherz Verlag GmbH,federherz-verlag-gmbh,Germany,Festhalle,A64,,,
Felicity Bryan Associates Ltd.,felicity-bryan-associates-ltd-7ef7ff89,United Kingdom,Halle 1.2,LitAg,,,
Feria Internacional del Libro de Guadalajara,feria-internacional-del-libro-de-guadalajara,Mexico,Halle 3.1,E96,,,
Feria Internacional del Libro de Monterrey,feria-internacional-del-libro-de-monterrey,Mexico,Halle 3.1,E96,Diana López,Feria Internacional del Libro de Monterrey,
Festival Fotografischer Bilder e.V.  Deutscher Fotobuchpreis,festival-fotografischer-bilder-ev--deutscher-fotobuchpreis,Germany,Halle 3.0,J153,Fotobuch-Club Frankfurt,Festival Fotografischer Bilder e.V. Deutscher Fotobuchpreis,Vertreter des Fotobuch-Club Frankfurt am Main
Festival Fotografischer Bilder e.V.  Deutscher Fotobuchpreis,festival-fotografischer-bilder-ev--deutscher-fotobuchpreis,Germany,Halle 3.0,J153,Rüdiger Glatz,Festival Fotografischer Bilder e.V. Deutscher Fotobuchpreis,"Künstler, Verleger, Unternehmer und Vorsitzender der Deutschen Gesellschaft für Photographie (DGPh)"
Festival Fotografischer Bilder e.V.  Deutscher Fotobuchpreis,festival-fotografischer-bilder-ev--deutscher-fotobuchpreis,Germany,Halle 3.0,J153,Uta Kopp,Festival Fotografischer Bilder e.V. Deutscher Fotobuchpreis,Freischaffende Buchgestalterin
Festival Fotografischer Bilder e.V.  Deutscher Fotobuchpreis,festival-fotografischer-bilder-ev--deutscher-fotobuchpreis,Germany,Halle 3.0,J153,Birte Kreft,Festival Fotografischer Bilder e.V. Deutscher Fotobuchpreis,Geschäftsführerin der Stiftung Buchkunst
Festival Fotografischer Bilder e.V.  Deutscher Fotobuchpreis,festival-fotografischer-bilder-ev--deutscher-fotobuchpreis,Germany,Halle 3.0,J153,Martin Rosner,Festival Fotografischer Bilder e.V. Deutscher Fotobuchpreis,Organisationsleitung
Festival Fotografischer Bilder e.V.  Deutscher Fotobuchpreis,festival-fotografischer-bilder-ev--deutscher-fotobuchpreis,Germany,Halle 3.0,J153,Helene Roth,Festival Fotografischer Bilder e.V. Deutscher Fotobuchpreis,Foto- und Kunsthistorikerin
Festival Fotografischer Bilder e.V.  Deutscher Fotobuchpreis,festival-fotografischer-bilder-ev--deutscher-fotobuchpreis,Germany,Halle 3.0,J153,Markus Hartmann,Festival Fotografischer Bilder e.V. Deutscher Fotobuchpreis,Fotobuch-Verleger
Feuertanz-Verlag,feuertanz-verlag,Germany,Halle 4.0,J96,,,
F&G Editores de Guatemala S.A.,fg-editores-de-guatemala-sa,Guatemala,Halle 3.1,E62,,,
Fiabesco Verlag,fiabesco-verlag,Germany,Halle 4.0,J63,,,
FILI - Finnish Literature Exchange,fili---finnish-literature-exchange,Finland,Halle 3.1,B70,,,
"FINIDR, s.r.o - Druckerei und Buchbinderei",finidr-sro---druckerei-und-buchbinderei-3c946eb8,Czechia,Halle 3.0,H73,,,
Finitude,finitude,France,Halle 3.1,G145,,,
Finken-Verlag GmbH,finken-verlag-gmbh-abcb9a5f,Germany,Halle 4.0,G89,Sara Martinez,Finken-Verlag GmbH,Rechte/Lizenzen
"Firebrand Technologies, a Firebrand Group Company",firebrand-technologies,United States,Halle 4.2,H31,,,
Firefly Books Ltd.,firefly-books-ltd,Canada,Halle 4.2,H13,,,
Firefly Press,firefly-press,United Kingdom,Halle 3.1,B22,,,
Firenze University Press,firenze-university-press,Italy,Halle 3.1,B134,,,
First Edition Management AB,first-edition-management-ab,Sweden,Halle 1.2,LitAg,,,
First Edition Translations LTD,first-edition-translations-ltd,United Kingdom,Halle 4.2,E55,Kasia Bidston,First Edition Translations LTD,Head of Production
First Edition Translations LTD,first-edition-translations-ltd,United Kingdom,Halle 4.2,E55,Ana Grilo,First Edition Translations LTD,Director
First Literary Agency,first-literary-agency,Armenia,Halle 3.1,B11,,,
First (part of Editis),first---an-imprint-of-edi8,France,Halle 3.1,H59,,,
FISCHER,fischer,Germany,Halle 5.0,B16,,,
Fischer Krüger Verlag – ein Imprint der S. Fischer Verlag GmbH,fischer-krger-verlag,Germany,Halle 5.0,B16,,,
Fischer Sauerländer GmbH,fischer-sauerlnder-gmbh,Germany,Halle 4.0,D91,,,
Fischer Sauerländer GmbH,fischer-sauerlnder-gmbh-0e86879e,Germany,Festhalle,B93,,,
Fischer Scherz Verlag,fischer-scherz-verlag,Germany,Halle 5.0,B16,,,
Fischerstiege Verlag GmbH,bahoe-books-26a74493,Austria,Halle 3.0,C51,,,
Fischer Taschenbuch Verlag,fischer-taschenbuch-verlag,Germany,Halle 5.0,B16,,,
Fischer Tor,fischer-tor,Germany,Halle 5.0,B16,,,
"Fisfisa Media Co., Ltd.",fisfisa-media-co-ltd,Taiwan,Halle 4.2,F69,,,
Fiut Publishing,fiut-publishing,Bulgaria,Halle 3.1,B19,,,
Flame Tree Publishing Ltd.,flame-tree-publishing-ltd-25a8fef8,United Kingdom,Halle 5.1,D90,,,
Flame Tree Publishing Ltd.,flame-tree-publishing-ltd-f348ed4d,United Kingdom,Halle 5.0,E143,,,
Flammarion Jeunesse - Père Castor (part of Madrigall),flammarion-jeunesse---pre-castor,France,Halle 3.1,H125,,,
Flanders Literature,flanders-literature,Belgium,Halle 3.1,D23,,,
Flanders Publishers Association (vzw GAU),flanders-publishers-association-vzw-gau,Belgium,Halle 3.1,D23,,,
Fleurus Editions SA,fleurus-editions-sa,France,Halle 3.1,G91,,,
Florence Giry Agency,florence-giry-agency,France,Halle 3.1,G145,,,
Floris Books,floris-books,United Kingdom,Halle 4.2,H108,,,
Florjancic Tisk d.o.o.,florjancic-tisk-doo-0d5e70cf,Slovenia,Halle 3.0,G121,Zoran Koletic,Florjancic Tisk d.o.o.,
Fluide Glacial (part of Bomboo group),fluide-glacial,France,Halle 3.1,H96,,,
Flur Verlag,flur-verlag,Germany,Halle 3.0,G93,,,
FlutterBee Education Group,flutterbee-education-group-f4b1c613,United States,Halle 4.2,A41,,,
Flying Horse Publishing Co.,flying-horse-publishing-co,Hong Kong,Halle 5.1,D121,,,
Flying Start Books Ltd.,flying-start-books-ltd,New Zealand,Halle 4.2,G29,Grace Walker,Flying Start Books Ltd.,Publisher
Flying Start Books Ltd.,flying-start-books-ltd,New Zealand,Halle 4.2,G29,Rachel Walker,Flying Start Books Ltd.,Publishing Director
Foire du Livre de Bruxelles ASBL,foire-du-livre-de-bruxelles-asbl,Belgium,Halle 3.1,F97,,,
Folding Rock,folding-rock,United Kingdom,Halle 3.1,B22,,,
foliant Verlag,foliant-verlag,Germany,Halle 4.0,H73,,,
"Folio Literary Management, LLC",folio-literary-management-llc,United States,Halle 1.2,LitAg,,,
Folio Publishing House,folio-publishers,Ukraine,Halle 3.1,C13,,,
Folioscopio SL,folioscopio-sl,Spain,Halle 3.1,E131,,,
Folio Verlag GmbH / Folio Editore S.r.l.,folio-verlag-gmbh--folio-editore-srl-c927157b,Italy,Halle 3.0,B85,Nadja Mulser,Folio Verlag GmbH / Folio Editore S.r.l.,Vertrieb und Marketing
Folio Verlag GmbH / Folio Editore S.r.l.,folio-verlag-gmbh--folio-editore-srl-c927157b,Italy,Halle 3.0,B85,Lorena Pircher,Folio Verlag GmbH / Folio Editore S.r.l.,"Lektorin, Foreign Rights"
Folio Verlag GmbH / Folio Editore S.r.l.,folio-verlag-gmbh--folio-editore-srl-c927157b,Italy,Halle 3.0,B85,Marialuise Thurner,Folio Verlag GmbH / Folio Editore S.r.l.,Presse
Folio Verlagsgesellschaft m.b.H.,folio-verlagsgesellschaft-mbh,Austria,Halle 3.0,B81,,,
Folly Press Limited,wellington-writers-studio-ltd-trading-as-folly,New Zealand,Halle 4.2,K14,Emily Broadmore,Folly Press Limited,Founder & Publisher
FOM Kitap,fom-kitap,Türkiye,Halle 3.1,G58,,,
Fondazione LIA ETS,fondazione-lia,Italy,Halle 4.1,F15,Elisa Molinari,Fondazione LIA ETS,Project manager
Fondazione LIA ETS,fondazione-lia,Italy,Halle 4.1,F15,Cristina Mussinelli,Fondazione LIA ETS,Secretary General
Fondazione LIA ETS,fondazione-lia,Italy,Halle 4.1,F15,Gregorio Pellegrino,Fondazione LIA ETS,Chief Accessibility Officer
Fondo de Cultura Económica Chile,fondo-de-cultura-econmica-chile,Chile,Halle 3.1,F102,,,
Fondo de Cultura Económica de Guatemala,fondo-de-cultura-econmica-de-guatemala,Guatemala,Halle 3.1,E62,,,
"Fongyuan Electronic & Audiovisual Press Co., Ltd.",fongyuan-electronic--audiovisual-press-co-ltd,China,Halle 5.1,D147,,,
Fontaine Ô Livres,fontaine-o-livres,France,Halle 3.1,J131,,,
Förderkreis Literatur e.V.,frderkreis-literatur-ev,Germany,Halle 3.0,D87,,,
Förderverein Deutscher Kinderfilm e.V.  c/o Akademie für Kindermedien,frderverein-deutscher-kinderfilm-ev--co-akademie-fr-kindermedien,Germany,,,,,
Fordham University Press,fordham-university-press-c858e3a1,United States,Halle 4.1,E33,,,
Forefront Books,forefront-books,United States,Halle 4.2,D101,,,
"Foreign Languages Press co., Ltd.",foreign-languages-press-co-ltd,China,Halle 5.1,D152,,,
Foreign Rights Grupo Planeta División Librerías Imprint of Planeta Corporación S.R.L.,foreign-rights-grupo-planeta-divisin-libreras-imprint-of-planeta-corporacin-srl,Spain,Halle 3.1,D98,,,
Forever / Ullstein Buchverlage GmbH,forever-by-ullstein--ullstein-buchverlage-gmbh,Germany,Halle 3.0,A90,,,
"Foreword Magazine, Inc.",foreword-magazine-inc,United States,Halle 4.2,K5,Victoria Champagne-Sutherland,"Foreword Magazine, Inc.",Publisher
Forlaget Cobolt A/S,forlaget-cobolt-as,Denmark,Halle 3.1,E53,Rikke Stibinsky,Forlaget Cobolt A/S,Editor
Fortress Press (Publishing House of the Evangelical Lutheran Church in America dba Augsburg Fortress Publishers),fortress-press-publishing-house-of-the-evangelical-lutheran-church-in-america-dba-augsburg-fortress-publishers,United States,Halle 4.2,C81,,,
forum independent GmbH,forum-independent-gmbh-fd6384fe,Germany,Halle 3.0,C124,,,
Fotohof edition,fotohof-edition,Austria,Halle 5.0,E13,,,
Foundation for Development of Culture,foundation-for-development-of-culture,Armenia,Halle 3.1,B11,,,
Fourth Military Medical University Press,fourth-military-medical-university-press,China,Halle 5.1,D147,,,
Fox Chapel Publishing,fox-chapel-publishing-8ec38210,United States,Halle 4.2,H97,Christine Delaborde,Fox Chapel Publishing,Rights Manager
Foyer C3 (CMF) - Frankfurter Buchmesse GmbH,foyer-ebene-3-cmf---frankfurter-buchmesse-gmbh,Germany,CMF3,A1,,,
Fraktura d.o.o.,fraktura-doo-2f1be919,Croatia,Halle 3.1,D14,,,
France Livre - The French Publishing Network,bureau-international-de-ledition-franaise-bief,France,Halle 3.1,H125,Catherine Leprovost,France Livre - The French Publishing Network,Deputy Director
France Livre - The French Publishing Network,bureau-international-de-ledition-franaise-bief,France,Halle 3.1,H125,Anne Riottot,France Livre - The French Publishing Network,Project Manager
France Livre - The French Publishing Network,france-livre---the-french-publishing-network,France,Halle 3.1,H153,,,
France Livre - The French Publishing Network,france-livre---the-french-publishing-network-62ceebe8,France,Halle 3.1,H97,,,
France Livre - The French Publishing Network,france-livre---the-french-publishing-network-ba025ead,France,Halle 3.1,J131,,,
France Livre - The French Publishing Network,france-livre---the-french-publishing-network-8cbe6b54,France,Halle 3.1,H96,,,
France Livre - The French Publishing Network,france-livre---the-french-publishing-network-3af4fc84,France,Halle 3.1,H145,,,
France Livre - The French Publishing Network,france-livre---the-french-publishing-network-20b87280,France,Halle 3.1,G145,,,
France Livre - The French Publishing Network,france-livre---the-french-publishing-network-a4025bbe,France,Halle 3.1,H59,,,
France Livre - The French Publishing Network,france-livre---the-french-publishing-network-a338b5e1,France,Halle 3.1,G125,,,
Frances Goldin Literary Agency,frances-goldin-literary-agency,United States,Halle 1.2,LitAg,,,
Francke-Buch GmbH,francke-buch-gmbh,Germany,Halle 4.0,G67,,,
Franckh-Kosmos Verlags-GmbH & Co. KG,franckh-kosmos-verlags-gmbh--co-kg-497c6cb3,Germany,Halle 4.0,D71,Angelika Rieche,Franckh-Kosmos Verlags-GmbH & Co. KG,Event Manager
Franckh-Kosmos Verlags-GmbH & Co. KG,franckh-kosmos-verlags-gmbh--co-kg-497c6cb3,Germany,Halle 4.0,D71,Katharina Weinbrenner,Franckh-Kosmos Verlags-GmbH & Co. KG,Senior Project Managerin Corporate Communications & Events
Franckh-Kosmos Verlags-GmbH & Co. KG,franckh-kosmos-verlags-gmbh--co-kg,Germany,Halle 4.1,J79 / Workstation,,,
Franckh-Kosmos Verlags-GmbH & Co. KG,franckh-kosmos-verlags-gmbh--co-kg-0f9cb50e,Germany,Halle 5.0,B122,,,
Franckh-Kosmos Verlags-GmbH & Co. KG,franckh-kosmos-verlags-gmbh--co-kg-d819ab3b,Germany,Agora,C55,,,
Franckh-Kosmos Verlags-GmbH & Co. KG,franckh-kosmos-verlags-gmbh--co-kg-c84766d4,Germany,Agora,C54,,,
Frankfurter Allgemeine Zeitung GmbH,frankfurter-allgemeine-zeitung-gmbh-36ec9e81,Germany,Halle 3.0,C123,Merle Drutjons,Frankfurter Allgemeine Zeitung GmbH,
Frankfurter Allgemeine Zeitung GmbH,frankfurter-allgemeine-zeitung-gmbh-36ec9e81,Germany,Halle 3.0,C123,Stefan Hugenbusch,Frankfurter Allgemeine Zeitung GmbH,Senior Manager Media Planning & Partnerships
Frankfurter Buchmesse GmbH,frankfurter-buchmesse-gmbh,Germany,,,Charlotte Boschen,Frankfurter Buchmesse GmbH,Key Account Manager
Frankfurter Buchmesse GmbH,frankfurter-buchmesse-gmbh,Germany,,,Rebekka Buss,Frankfurter Buchmesse GmbH,Managerin Digital Experience
Frankfurter Buchmesse GmbH,frankfurter-buchmesse-gmbh,Germany,,,Katharina Crass,Frankfurter Buchmesse GmbH,Volontärin
Frankfurter Buchmesse GmbH,frankfurter-buchmesse-gmbh,Germany,,,Josefine Deusch,Frankfurter Buchmesse,
Frankfurter Buchmesse GmbH,frankfurter-buchmesse-gmbh,Germany,,,Eleonora Di Blasio,Frankfurter Buchmesse GmbH,Event & Content Manager
Frankfurter Buchmesse GmbH,frankfurter-buchmesse-gmbh,Germany,,,Peter Diemer,Frankfurter Buchmesse GmbH,Key Account Manager
Frankfurter Buchmesse GmbH,frankfurter-buchmesse-gmbh,Germany,,,Kathrin Ankermüller,Frankfurter Buchmesse GmbH,Manager Press Services
Frankfurter Buchmesse GmbH,frankfurter-buchmesse-gmbh,Germany,,,Martina Barth,Frankfurter Buchmesse GmbH,
Frankfurter Buchmesse GmbH,frankfurter-buchmesse-gmbh,Germany,,,Marife Boix Garcia,Frankfurter Buchmesse GmbH,"Vice President Southern Europe, Latin America"
Frankfurter Buchmesse GmbH,frankfurter-buchmesse-gmbh,Germany,,,Juergen Boos,Frankfurter Buchmesse GmbH,President/CEO
Frankfurter Rundschau GmbH,frankfurter-rundschau-gmbh-ef83a6f2,Germany,Halle 5.0,C60,,,
"Frankfurter Societäts-Medien GmbH, Societäts-Verlag",frankfurter-societts-medien-gmbh-societts-verlag-c5b2cc7b,Germany,Halle 5.0,C60,Mirco Becker,"Frankfurter Societäts-Medien GmbH, Societäts-Verlag",Autor
"Frankfurter Societäts-Medien GmbH, Societäts-Verlag",frankfurter-societts-medien-gmbh-societts-verlag-c5b2cc7b,Germany,Halle 5.0,C60,Michael Kibler,"Frankfurter Societäts-Medien GmbH, Societäts-Verlag",Autor
Frankfurter Verlagsanstalt GmbH,frankfurter-verlagsanstalt-7c4c0808,Germany,Halle 3.0,C132,,,
Frankfurter Verlagsanstalt GmbH,frankfurter-verlagsanstalt-gmbh,Germany,Halle 3.0,D87,,,
Frankfurt Global Network,invitation-programme,Germany,Halle 3.1,E53,,,
Frankfurt Illustrators Corner - Frankfurter Buchmesse,frankfurt-illustrators-corner-ccd8186b,Germany,Halle 4.0,F70,,,
Frankfurt Rights,frankfurt-rights,Germany,Halle 1.2,PRC,Meike Eckern,Frankfurt Rights,
Frankfurt School of Finance & Management gGmbH,frankfurt-school-of-finance--management-ggmbh,Germany,Halle 4.1,J79 / Campus Weekend,Tamay Kasap Ercanli,Frankfurt School of Finance & Management gGmbH,
Frankfurt School of Finance & Management gGmbH,frankfurt-school-of-finance--management-ggmbh,Germany,Halle 4.1,J79 / Campus Weekend,Maria Artemis Stafylas,Frankfurt School of Finance & Management gGmbH,Admissions & Recruitment Officer
FranklinCovey Co.,franklin-covey-co,United States,Halle 4.2,H84,,,
Franklin Siegal & Yanez,franklin--siegal-associates-inc-e57dabbe,United States,Halle 1.2,LitAg,,,
Franz Steiner Verlag GmbH,franz-steiner-verlag-gmbh-a313fbf1,Germany,Halle 3.0,B142,,,
Freipresse,freipresse,Austria,Halle 5.0,E13,,,
Fremantle Press,fremantle-press,Australia,Halle 4.2,J74,,,
FRESH Verlag  (Software und Verlag FR Liubov Machina Einzelunternehmen),fresh-verlag--software-und-verlag-fr-liubov-machina-einzelunternehmen,Germany,Halle 3.1,B31,,,
Freya Miles,freya-miles,Germany,Festhalle,A61,,,
Freytag-Berndt und Artaria KG,freytag-berndt-und-artaria-kg-df92ddd5,Austria,Halle 5.0,A115,,,
Friedenauer Presse Imprint von MSB Matthes & Seitz Berlin Verlagsgesellschaft mbH,friedenauer-presse-imprint-von-msb-matthes--seitz-berlin-verlagsgesellschaft-mbh-7ec7956b,Germany,Halle 3.0,C142,,,
Friedrich-Ebert-Stiftung,friedrich-ebert-stiftung-8be4849a,Germany,Halle 3.0,H18,Marcel Lewandowsky,Friedrich-Ebert-Stiftung,Professor
Friedrich-Ebert-Stiftung,friedrich-ebert-stiftung-8be4849a,Germany,Halle 3.0,H18,Fabian Mrongowius,Friedrich-Ebert-Stiftung,Host
Friedrich-Ebert-Stiftung,friedrich-ebert-stiftung-8be4849a,Germany,Halle 3.0,H18,Anna-Lisa Neuenfeld,Friedrich-Ebert-Stiftung,
Friedrich-Ebert-Stiftung,friedrich-ebert-stiftung-8be4849a,Germany,Halle 3.0,H18,Marc Saxer,Friedrich-Ebert-Stiftung,
Frieling & Huffmann GmbH & Co. KG,frieling--huffmann-gmbh--co-kg-a39539ea,Germany,Halle 3.0,G93,,,
Friesens Corporation,friesens-c99a3967,Canada,Halle 4.2,H21,Ryan Hildebrand,Friesens Corporation,Senior Vice President of Trade Books
Friesens Corporation,friesens-c99a3967,Canada,Halle 4.2,H21,Scott Sinnett,Friesens Corporation,U.S. Sales Manager
Frontiers Media SA,frontiers-media-sa,Switzerland,Halle 3.1,G25 / Workstation,,,
"Fujian Publishing Industry Trading Co., Ltd.",fujian-publishing-industry-trading-co-ltd,China,Halle 5.1,D147,,,
"Fujian Science And Technology Publishing House Co, Ltd",fujian-science-and-technology-publishing-house,China,Halle 5.1,D147,,,
"Fujian Strait Literature And Art Publishing House Co., Ltd.",fujian-straits-of-literature-and-art-publishing-house-co-ltd,China,Halle 5.1,D147,,,
Fulgencio Pimentel SL,fulgencio-pimentel-sl,Spain,Halle 3.1,E104,,,
Fundação Serralves,fundao-serralves,Portugal,Halle 3.1,F139,,,
Fundación Pública Andaluza Centro de Estudios Andaluces M.P.,fundacin-pblica-andaluza-centro-de-estudios-andaluces-mp,Spain,Halle 3.1,D135,,,
Fundación San Millan De La Cogolla - Cilengua,fundacin-san-millan-de-la-cogolla---cilengua,Spain,Halle 3.1,D135,,,
Fundación Universitaria San Pablo CEU Ediciones,fundacin-universitaria-san-pablo-ceu-ediciones,Spain,Halle 3.1,D135,,,
Fundacja Pogranicze,fundacja-pogranicze,Poland,Halle 3.1,B54,Krzysztof Czyżewski,Fundacja Pogranicze,
Furore Verlag,furore-verlag-inh-renate-matthei,Germany,Halle 3.0,D87,,,
Futabasha Publishers Ltd.,futabasha-publishers-ltd,Japan,Halle 3.1,G25 / Workstation,,,
Future for Advanced Research & Studies,future-for-advanced-research--studies-abu-dhabi-united-arab-emirates,United Arab Emirates,Halle 5.1,A16,Amgad Mohamed Garween,Future for Advanced Research & Studies,Publication & marketing Manager
Future Publishing Limited,future-publishing-limited-c36dbf84,United Kingdom,Halle 4.2,J21,Vivienne Albest,Future Publishing Limited,International Account Manager
Future Publishing Limited,future-publishing-limited-c36dbf84,United Kingdom,Halle 4.2,J21,Phoebe Castledine,Future Publishing Limited,International Account Director
Future Publishing Limited,future-publishing-limited-c36dbf84,United Kingdom,Halle 4.2,J21,Gemma Davis,Future Publishing Limited,International Account Manager
Future Publishing Limited,future-publishing-limited-c36dbf84,United Kingdom,Halle 4.2,J21,James Marchant,Future Publishing Limited,International Licensing Manager
Futuropolis (part of Madrigall),futuropolis-sarl-gallisol,France,Halle 3.1,H97,,,
Gabriella Ambrosioni S.r.l.,gabriella-ambrosioni-srl-08929d1f,Italy,Halle 1.2,LitAg,,,
"Gaea Books, Co., Ltd.",gaea-books-co-ltd,Taiwan,Halle 4.2,F69,,,
"Gakken Plus Co., Ltd.",gakken-plus-co-ltd,Japan,Halle 4.2,F34,,,
Galiani Berlin bei Kiepenheuer & Witsch GmbH & Co. KG,galiani-berlin-bei-kiepenheuer--witsch-gmbh--co-kg-f1e9a81c,Germany,Halle 5.0,C35,,,
Gallimard Jeunesse (part of Madrigall),gallimard-jeunesse-editions-gallimard,France,Halle 3.1,H97,,,
Gallimard Loisirs (part of Madrigall),gallimard-loisirs-editions-gallimard,France,Halle 3.1,H97,,,
Gallimard (part of Magrigall),editions-gallimard,France,Halle 3.1,H97,,,
Gans Verlag,gans-verlag,Germany,Halle 3.0,B66,,,
Garage51 GmbH,garage51-gmbh,Germany,Halle 4.1,G20,,,
Gardners Books Ltd.,gardners--gardners-eu,United Kingdom,Halle 4.2,D38,,,
Gate to the Games GmbH,gate-to-the-games-gmbh,Germany,Festhalle,D35,,,
Gazelle Book Services Ltd.,gazelle-book-services-ltd-b09913b3,United Kingdom,Halle 4.2,F60,Billy Howorth,Gazelle Book Services Ltd.,General Manager
Gazelle Book Services Ltd.,gazelle-book-services-ltd-b09913b3,United Kingdom,Halle 4.2,F60,Matthew Szczesniak,Gazelle Book Services Ltd.,Sales & Marketing Executive
GBI-Genios Deutsche Wirtschaftsdatenbank GmbH,gbi-genios-deutsche-wirtschaftsdatenbank-gmbh-3329e0cc,Germany,Halle 4.1,J79 / Workstation,Christian Seemann,GBI-Genios Deutsche Wirtschaftsdatenbank GmbH,Key Account Manager
GedankenReich Verlag,gedankenreich-verlag-42daa167,Germany,Halle 4.0,H64,,,
Geddes & Grosset / The Gresham Publishing Company Limited,gresham--gg-waverley,United Kingdom,Halle 4.2,G72,,,
"Gelblau, das deutsch-ukrainische Magazin",gelblau-das-deutsch-ukrainische-magazin,Germany,Halle 3.1,C13,Kseniya Fuchs,"Gelblau, das deutsch-ukrainische Magazin",Chefredakteurin
Gemeinschaftsausstellung IG Hörbuch - Frankfurter Buchmesse,gemeinschaftsausstellung-ig-hrbuch---frankfurter-buchmesse-d08639ee,Germany,Halle 4.0,H17,,,
Gemeinschaftsausstellung IG unabhängige Verlage - Frankfurter Buchmesse,gemeinschaftsausstellung-ig-unabhngige-verlage---frankfurter-buchmesse-f124636a,Germany,Halle 3.0,G93,,,
Gemeinschaftswerk der Evangelischen Publizistik gemeinnützige GmbH,gemeinschaftswerk-der-evangelischen-publizistik-gemeinntzige-gmbh,Germany,Halle 3.0,G65,,,
Gemini Books Services Limited,gemini-book-group-limited,United Kingdom,Halle 1.2,PRC,,,
Gemini Notebook,google-ireland-limited,United States,,,Ajay Arora,Gemini Notebook,
Gemini Notebook,google-ireland-limited,United States,,,Maddy Budd,Gemini Notebook,
Gemini Notebook,google-ireland-limited,United States,,,Laura Driussi,Gemini Notebook,Senior Program Manager
Gemini Notebook,google-ireland-limited,United States,,,Abhishek Ahluwalia,Gemini Notebook,
Gemini Notebook,google-ireland-limited,United States,,,Dennis Gingele,Gemini Notebook,
Gemini Notebook,google-ireland-limited,United States,,,Will Houghteling,Google,"Director of Product, Expert Intelligence"
Gemini Notebook,google-ireland-limited,United States,,,Steven Johnson,Gemini Notebook,"Author and Editorial Director, Google Labs"
Gemini Notebook,google-ireland-limited,United States,,,Laurence Kozera,Gemini Notebook,Strategic Partnerships Labs EMEA
"Gending Rights Agency (a division of Beijing Gending Culture Communication Co., Ltd.)",gending-rights-agency-a-division-of-beijing-gending-culture-communication-co-ltd-2fbc3c2f,China,Halle 1.2,LitAg,Gending FAN,"Gending Rights Agency (a division of Beijing Gending Culture Communication Co., Ltd.)",Agent
"Gending Rights Agency (a division of Beijing Gending Culture Communication Co., Ltd.)",gending-rights-agency-a-division-of-beijing-gending-culture-communication-co-ltd-2fbc3c2f,China,Halle 1.2,LitAg,Gending 163 FAN,"Gending Rights Agency (a division of Beijing Gending Culture Communication Co., Ltd.)",Agent
"Generalitat Valenciana. Conselleria de Educación, Cultura, Universidades y Empleo",generalitat-valenciana-conselleria-deducaci-cultura-universitats-i-ocupaci,Spain,Halle 3.1,E120,,,
Gentry Press,gentry-press-opc,Philippines,Halle 3.1,D84,,,
GEODIS Freight Forwarding UK Ltd,geodis-freight-forwarding-uk-ltd-6cd4441a,United Kingdom,Halle 5.1,C74,John March,GEODIS Freight Forwarding UK Ltd,
GeoPlaneta Imprint of Planeta Corporación S.R.L.,geoplaneta-imprint-of-planeta-corporacin-srl,Spain,Halle 3.1,D98,,,
Georgetown University Press,georgetown-university-press-9849cb84,United States,Halle 5.1,C111,,,
Georgian Book Association,georgian-book-association,Georgia,Halle 3.1,A52,Julieta Andguladze,The University of Georgia Publishing House,Head of Publishing House
Georgian Book Association,georgian-book-association,Georgia,Halle 3.1,A52,Nino Balanchivadze,Georgian Book Association,Executive Director
Georgian Book Association,georgian-book-association,Georgia,Halle 3.1,A52,Limeri Grigolia,Georgian Book Association,Publisher / Director
Georgian Book Association,georgian-book-association,Georgia,Halle 3.1,A52,Mikheil Tsikhelashvili,Georgian Book Association,Publisher
Georgian Book Association,georgian-book-association,Georgia,Halle 3.1,A52,Gvantsa Jobava,Georgian Book Association,President
Georgian Book Association,georgian-book-association,Georgia,Halle 3.1,A52,Meri Metreveli,Georgian Book Association,
Georgian Book Association,georgian-book-association,Georgia,Halle 3.1,A52,Zura Narozauli,Georgian Book Association,
Georgina Capel Associates Ltd,georgina-capel-associates-ltd-ba4ec153,United Kingdom,Halle 1.2,LitAg,,,
Georg Olms AG,georg-olms-ag,Germany,,,Markus Dohle,Georg Olms AG,Advisor
Georg Olms AG,georg-olms-ag,Germany,,,Ingrid Freifrau Droste zu Hülshoff,Georg Olms AG,
Georg Olms AG,georg-olms-ag,Germany,,,Dietrich Olms,Georg Olms AG,
Georg Thieme Verlag KG,georg-thieme-verlag-kg-4e9fe4b7,Germany,Halle 4.1,D49,,,
Geparden Verlag GmbH,geparden-verlag-gmbh,Switzerland,Halle 3.0,F97,,,
GeraNova Bruckmann Verlagshaus GmbH,geranova-bruckmann-verlagshaus-gmbh,Germany,Halle 5.0,B122,,,
GeraNova Bruckmann Verlagshaus GmbH,geranova-bruckmann-verlagshaus-gmbh-b1747215,Germany,Halle 3.1,G25 / Workstation,,,
Gerstenberg Verlag GmbH & Co. KG,gerstenberg-verlag-gmbh--co-kg-63e7974b,Germany,Halle 4.0,B51,,,
Gestión 2000 Imprint of Planeta Corporación S.R.L.,gestin-2000-imprint-of-planeta-corporacin-srl,Spain,Halle 3.1,D98,,,
Get More Brain AG,get-more-brain-ag,Switzerland,Halle 4.1,H57,Anna Esempio,Get More Brain AG,Communication and Partnerships Specialist
Get More Brain AG,get-more-brain-ag,Switzerland,Halle 4.1,H57,Thomas Gabathuler,Get More Brain AG,CEO
Get More Brain AG,get-more-brain-ag,Switzerland,Halle 4.1,H57,Lorenzo Garofano,Get More Brain AG,Head of International Sales
Getty Publications,getty-publications,United States,Halle 4.2,E59,Kimberley Westad,Getty Publications,Senior Marketing Coordinator
Giada Fiordaliso,giada-fiordaliso,Italy,,,,,
Giangiacomo Feltrinelli Editore S.r.l.,giangiacomo-feltrinelli-editore-srl-c6423b6a,Italy,Halle 3.1,B107,,,
Gibbs Smith Publishers,gibbs-smith-publishers,,Halle 4.2,H84,Brad Farmer,Gibbs Smith Publishers,President
Gibbs Smith Publishers,gibbs-smith-publishers,,Halle 4.2,H84,Moneka Hewlett,Gibbs Smith Publishers,Director of Sales
Gill Books,gill-books,Ireland,Halle 5.1,C50,,,
Ginger Clark Literary LLC,ginger-clark-literary-436d8ec5,United States,Halle 1.2,LitAg,,,
Gingko,gingko-50746c6b,United Kingdom,Halle 4.2,F97,,,
Giorgio Nada Editore S.r.l.,giorgio-nada-editore-srl-7bc58389,Italy,Halle 3.1,D122,,,
Giramondo Publishing,giramondo-publishing,Australia,Halle 4.2,J66,,,
Gita Publishing House,gita-publishing-house-332a439f,United States,Halle 5.1,B91,Gulshan Dudani,Gita Publishing House,Managing Director
Gita Publishing House,gita-publishing-house-332a439f,United States,Halle 5.1,B91,Dada J.P. Vaswani,Gita Publishing House,Author
Giulio Perrone Editore Srl,giulio-perrone-editore-srl,Italy,Halle 3.1,B102,,,
Giunti Editore S.p.A.,giunti-editore-spa-0bbef5f6,Italy,Halle 3.1,D122,,,
Glastonbury Publications,glastonbury-publications,United States,Halle 4.2,K13,,,
Glénat,editions-glnat,France,Halle 3.1,H96,,,
Global Brother SRL,global-brother-srl,Romania,Halle 4.2,M99,Ovidiu Miron,Global Brother SRL,
Global ELT Ltd.,global-elt-ltd-59ea9fb1,United Kingdom,Halle 4.1,B45,,,
"Global Media Printing Co., Ltd",global-media-printing-co-ltd-85bb7744,Hong Kong,Halle 4.2,C66,,,
Global Publishers Group,global-publishers-group-db220c49,United States,Halle 4.2,H84,,,
Global Stage - Frankfurter Buchmesse,global-stage---frankfurter-buchmesse,Germany,Übergang 5.1/6.1,A1,,,
Global Views-CommonWealth Publishing Group,global-views-commonwealth-publishing-group,Taiwan,Halle 4.2,F69,,,
Globe Pequot Publishing Group,globe-pequot-publishing-group,United States,Halle 1.2,PRC,,,
Glory Forever Public Company Limited,glory-forever-public-company-limited,Thailand,Halle 5.1,A113,,,
GLOSSA Digital Publishing Ltd.,glossa-digital-publishing-ltd-5cf918e5,Poland,Halle 3.1,B54,,,
GLU Distribuzione,glu-distribuzione,Italy,Halle 3.1,B102,,,
Gmeiner-Verlag GmbH,gmeiner-verlag-gmbh-334ad232,Germany,Halle 3.0,B35,,,
Goethe-Institut Georgien,goethe-institut-georgien,Georgia,,,,,
"Goethe-Universität Frankfurt, Institut für Romanische Sprachen und Literaturen",goethe-universitt-frankfurt-c72bd63e,Germany,Halle 3.0,A132,,,
Goldbuch Georg Brückner GmbH,goldbuch-georg-brckner-gmbh,Germany,Halle 5.0,E118,,,
"Golden C Creative Content Co., Ltd.",golden-c-creative-content-co-ltd,Thailand,Halle 5.1,A113,,,
"Golden Cup Printing Co., Ltd.",golden-cup-printing-co-ltd,Hong Kong,Halle 5.1,D121,,,
"Golden House Products Co., Ltd.",golden-house-products-co-ltd,Hong Kong,Halle 5.1,D78,Wendy Corrales,"Golden House Products Co., Ltd.",Sales Manager
"Golden House Products Co., Ltd.",golden-house-products-co-ltd,Hong Kong,Halle 5.1,D78,Lokko Cheng,"Golden House Products Co., Ltd.",
"Golden House Products Co., Ltd.",golden-house-products-co-ltd,Hong Kong,Halle 5.1,D78,Daniel Cristobal,"Golden House Products Co., Ltd.",Sales and Purchasing Manager
"Golden House Products Co., Ltd.",golden-house-products-co-ltd,Hong Kong,Halle 5.1,D78,Daniel Mariano,"Golden House Products Co., Ltd.",Sales and Marketing Assistant
"Golden House Products Co., Ltd.",golden-house-products-co-ltd,Hong Kong,Halle 5.1,D78,Joji Naito,"Golden House Products Co., Ltd.",Chief Sales & Marketing Officer
"Golden House Products Co., Ltd.",golden-house-products-co-ltd,Hong Kong,Halle 5.1,D78,Alex Yuen,"Golden House Products Co., Ltd.",
GOLD Verlag GmbH (ehemals Scherer GmbH & Co. KG),scherer-gmbh--co-kg,Germany,Halle 5.0,A149,GOLD Verlag,GOLD Verlag GmbH (ehemals Scherer GmbH & Co. KG),
GOLD Verlag GmbH (ehemals Scherer GmbH & Co. KG),gold-verlag-gmbh-ehemals-scherer-gmbh--co-kg,Germany,Halle 5.0,D93,,,
Goose Lane Editions,goose-lane-editions,Canada,Halle 4.2,G1,Susanne Alexander,Goose Lane Editions,
Goose Lane Editions,goose-lane-editions,Canada,Halle 4.2,G1,Paul Farlow-McAllister,Goose Lane Editions,Business Development Manager
Gospel Publishing Mission,gospel-publishing-mission,United States,Halle 3.0,J21,,,
Gottmer Publishing Group bv,gottmer-publishing-group-bv,Netherlands,Halle 3.1,E21,,,
GPS Internationale Handels Holding GmbH,gps-internationale-handels-holding-gmbh,Austria,Halle 5.0,D15,,,
Graal Sp. z o.o,graal-sp-z-oo-d2819613,Poland,Halle 1.2,LitAg,,,
GRÄFE UND UNZER VERLAG in der Verlagsgruppe HarperCollins Deutschland,grfe-und-unzer-verlag-gmbh--ein-unternehmen-der-verlagsgruppe-harper-collins-deutschland-5060937a,Germany,Halle 1.2,PRC,,,
Graffeg Ltd.,graffeg-ltd,United Kingdom,Halle 3.1,B22,Matthew Howard,Graffeg Ltd.,Publishing Director
Gráficas Estella S.L.,grficas-estella-sl-9292c648,Spain,Halle 3.1,D90,,,
Grafik (&) Design,grafik--design,Germany,,,,,
Granada Verlag,granada-verlag,Germany,Halle 3.0,J18,,,
Grandi & Associati SRL,grandi--associati-srl-f4278c04,Italy,Halle 1.2,LitAg,,,
Grand Nordic Agency AB,grand-nordic-agency-ab-f2fd3e2f,Sweden,Halle 1.2,LitAg,,,
Granta Publications,granta-books,United Kingdom,Halle 4.2,J15,,,
"Graphic-sha Publishing Co., Ltd.",graphic-sha-publishing-co-ltd,Japan,Halle 4.2,E101,,,
Graphofeel Srl,graphofeel-srl,Italy,Halle 3.1,B102,Laura Pacelli,Graphofeel Srl,
Grasset et Fasquelle (part of Hachette Livre),editions-grasset-et-fasquelle-subsidiary-of-hachette-livre-sa,France,Halle 3.1,H59,,,
graubünden Books - Verlegerverein Bücher aus Graubünden,graubnden-books---verlegerverein-bcher-aus-graubnden,Switzerland,Halle 3.0,F97,,,
Graue Edition,die-graue-edition-in-prof-dr-alfred-schmid-stiftung,Switzerland,Halle 3.0,F97,,,
Grau Verlag in der Bastei Lübbe AG,grau---community-editions-gmbh,Germany,Halle 5.0,C65,,,
Green Android Limited,green-android-limited-805c406d,United Kingdom,Halle 4.2,K100,,,
Greenbook Literary Agency,greenbook-literary-agency,Republic of Korea,Halle 1.2,LitAg,,,
Greene and Heaton Ltd.,greene-and-heaton-ltd-baafabf5,United Kingdom,Halle 1.2,LitAg,,,
Greenpeace e.V.,greenpeace-ev,Germany,Halle 3.0,J7,,,
GREENVALE (GRANGE) BOOKS LTD,greenvale-grange-books-ltd,United Kingdom,Halle 4.2,D20,,,
Gremese International srls,gremese-international-srls,Italy,Halle 3.1,B102,,,
Gremese Libreria Srl,gremese-libreria-srl,Italy,Halle 3.1,B102,,,
Gremi d'Editors de Catalunya,gremi-deditors-de-catalunya,Spain,Halle 3.1,E131,,,
Gremio de Editores de Castilla y León,gremio-de-editores-de-castilla-y-len,Spain,Halle 3.1,D135,,,
Gremio de Editores de Euskadi,gremio-de-editores-de-euskadi-21746ffb,Spain,Halle 3.1,E104,,,
Grenader Grupp,grenader-grupp,Estonia,Halle 3.1,B34,,,
gren art,gren-art-45790766,Germany,Halle 4.0,B86,,,
Greyhound Literary Agents,greyhound-literary-agents-5283f6b2,United Kingdom,Halle 1.2,LitAg,,,
Greystone Books Ltd,greystone-books,Canada,Halle 4.2,H24,Jen Gauthier,Greystone Books Ltd,
Greystone Books Ltd,greystone-books,Canada,Halle 4.2,H24,Susanne Rolf,Greystone Books Ltd,
Greystone Books Ltd,greystone-books,Canada,Halle 4.2,H24,Rob Sanders,Greystone Books Ltd,
Groupe d'édition la courte échelle Inc.,groupe-ddition-la-courte-chelle,Canada,Halle 3.1,F85,,,
Groupe Fides inc.,groupe-fides-inc,Canada,Halle 3.1,F85,,,
Groupe Homme - Groupe Sogides Inc.,groupe-homme,Canada,Halle 3.1,F85,,,
Groupe Lemaitre Publishing,groupe-lemaitre-publishing,Belgium,Halle 3.1,F97,,,
Groupe Librex Inc.,groupe-librex,Canada,Halle 3.1,F85,,,
"Grove Atlantic, Inc.",grove-atlantic-inc,United States,Halle 4.2,J40,,,
Grub Street Publishing Ltd.,grub-street-publishing-ltd-1326011b,United Kingdom,Halle 5.1,C75,,,
Gründ (part of Editis),editions-grnd-an-imprint-of-edi8,France,Halle 3.1,H59,,,
GRÜN Software Medien GmbH,grn-software-medien-gmbh,Germany,Halle 4.1,F32,,,
Grunwald Display Solutions GmbH,grunwald-display-solutions-gmbh,Germany,Halle 3.0,D155,,,
Grupa Wydawnicza Foksal sp. z o.o.,grupa-wydawnicza-foksal-sp-z-oo,Poland,Halle 3.1,B54,Marta Bartnicka,Grupa Wydawnicza Foksal sp. z o.o.,
Grupa Wydawnicza Foksal sp. z o.o.,grupa-wydawnicza-foksal-sp-z-oo,Poland,Halle 3.1,B54,Katarzyna Konopka,Grupa Wydawnicza Foksal sp. z o.o.,
Grupa Wydawnicza Foksal sp. z o.o.,grupa-wydawnicza-foksal-sp-z-oo,Poland,Halle 3.1,B54,Marta Anna Zabłocka,Grupa Wydawnicza Foksal sp. z o.o.,Foreign Rights Manager
Grupa Wydawnicza Relacja Sp. z o. o.,grupa-wydawnicza-relacja-sp-z-o-o,Poland,Halle 3.1,B54,,,
Grupa Zaczytani,grupa-zaczytani,Poland,Halle 3.1,B54,,,
"GRUPO ANAYA, S.A.",grupo-anaya-sa-38eadd39,Spain,Halle 3.1,D85,,,
"Grupo de Comunicación Loyola, S.L.U.",grupo-de-comunicacin-loyola-slu,Spain,Halle 3.1,E104,,,
GRUPO EDEBÉ,edeb-educacin-slu,Spain,Halle 3.1,D107,GEORGIA PICANYOL-BULLÓ,GRUPO EDEBÉ,RIGHTS MANAGER
Grupo Editorial Sargantana,grupo-editorial-sargantana,Spain,Halle 3.1,E120,Quique Olmos,Grupo Editorial Sargantana,Rights manager
"Grupo Editorial SM Internacional, S.L.",grupo-editorial-sm-internacional-sl,Spain,Halle 3.1,D135,Simon Robert Ferdinand Kenyon,"Grupo Editorial SM Internacional, S.L.",
Gruppo Editoriale Mauri Spagnol S.p.A.,gruppo-editoriale-mauri-spagnol-spa-b82f9ca1,Italy,Halle 3.1,B139,,,
G&S Electronic (ZhongShan) Co. LTD,gs-electronic-zhongshan-co-ltd,China,Halle 3.1,G95,,,
GSM Studio LLC,gsm-studio-llc,Armenia,Halle 3.1,B11,,,
gta Verlag  ETH Zürich,gta-verlag--eth-zrich-fb1d72e6,Switzerland,Halle 3.0,G146,,,
"Guangdong Flower City Publishing House Co., Ltd.",guangdong-flower-city-publishing-house-co-ltd,China,Halle 5.1,D147,,,
"Guangdong Lingnan Fine Arts Publishing House Co., Ltd.",guangdong-lingnan-fine-arts-publishing-house-co-ltd,China,Halle 5.1,D147,,,
"Guangdong Xinyuan Culture Technology Co., Ltd.",guangdong-xinyuan-culture-technology-co-ltd,China,Halle 3.1,E2,,,
"Guangxi Fine Arts Publishing House Co., Ltd.",guangxi-fine-arts-publishing-house-co-ltd,China,Halle 5.1,D140,,,
"Guangxi Guangda Education & Culture Co., Ltd.",guangxi-guangda-education-books--culture-co-ltd,China,Halle 5.1,D147,,,
Guangxi Normal University Press Group,guangxi-normal-university-press-group-co-ltd,China,Halle 5.1,D147,,,
"Guangxi Science & Technology Publishing House Co., Ltd",guangxi-publishing--media-group-co-ltd,China,Halle 5.1,D140,,,
"Guangxi Science & Technology Publishing House Co.,Ltd.",guangxi-science-and-technology-publishing-house-co-ltd,China,Halle 5.1,D140,,,
"Guangzhou City Jinguan Printing Co., Limited",guangzhou-city-jinguan-printing-co-limited,China,Halle 3.1,G30,,,
"GUANGZHOU JAME PRINTING CO., LTD",guangzhou-jame-printing-co-ltd,China,Halle 4.2,L14,Hannah Zhang,"GUANGZHOU JAME PRINTING CO., LTD",
"Guangzhou Miyi Printing Co., Limited",guangzhou-miyi-printing-co-limited-ba2c4a79,China,Halle 4.2,B98,,,
"Guangzhou New Color Printing Co., Ltd",guangzhou-new-color-printing-co-ltd,China,Halle 4.2,L35,,,
"Guangzhou Timi Printing Co., Ltd.",guangzhou-timi-printing-co-ltd,China,Halle 4.2,B95,,,
Guangzhou XY Printing Co. Limited,guangzhou-xy-printing-co-limited-d4d90caa,China,Halle 4.2,L39,,,
"Guangzhou Yimi Paper Co., Ltd.",guangzhou-yimi-paper-co-ltd,China,Halle 4.2,A44,,,
"Guangzhou Zhongtian Colour Printing Co.,Ltd",guangzhou-zhongtian-colour-printing-coltd,China,Halle 4.2,L15,,,
"Guanzhou Rephen Import & Export Trade Co., Ltd.",guanzhou-rephen-import--export-trade-co-ltd,China,Halle 4.2,B52,,,
Gudovitz & Company,gudovitz--company-e832a113,United States,Halle 1.2,LitAg,,,
Guest of Honour 2026: Czechia,guest-of-honour-2026-czechia,Czechia,Forum 1,A1,Jana Hájková,Guest of Honour 2026: Czechia,
Guild of Master Craftsman Publications Ltd.,guild-of-master-craftsmen-publications-ltd-0571d1d4,United Kingdom,Halle 4.2,D73,,,
"Guilford Publications, Inc.",guilford-publications-inc-92252d9f,United States,Halle 4.2,J36,,,
Guilty Verlag,guilty-verlag,Germany,Halle 5.0,D31,,,
GuiZang,guizang-1eaae2a9,United Kingdom,Halle 4.0,G96,,,
Gumball Poodle,gumball-poodle,United States,Halle 5.0,E138,Erica Easley,Gumball Poodle,
G. Umbreit GmbH & Co. KG,g-umbreit-gmbh--co-kg-9df1e73a,Germany,Halle 4.1,H47,,,
Günter Berg Literary Agency GmbH & Co. KG,gnter-berg-literary-agency-gmbh--co-kg-782557ff,Germany,Halle 1.2,LitAg,,,
Gutenberg Stiftung,gutenberg-stiftung,Germany,Halle 3.0,J66,,,
Gutkind Verlag GmbH,gutkind-verlag-gmbh,Germany,Halle 3.0,A90,,,
Guy Trédaniel Éditeur,guy-trdaniel-editeur,France,Halle 3.1,G125,,,
Gyldendal Group Agency,gyldendal-group-agency-82b96a9e,Denmark,Halle 1.2,LitAg,,,
Gyldendal Norsk Forlag AS - Gyldendal Agency,gyldendal-norsk-forlag-as---gyldendal-agency,Norway,Halle 1.2,PRC,,,
Hachette Antoine (part of Hachette Livre),hachette-antoine-sal,Lebanon,Halle 3.1,H59,,,
Hachette Book Group USA,hachette-book-group-usa,United States,Halle 4.2,E75,,,
Hachette FLE (part of Hachette Livre),hachette-fle-franais-langue-trangre-departement-of-hachette-livre-sa,France,Halle 3.1,H59,,,
Hachette Jeunesse (part of Hachette Livre SA),hachette-jeunesse-part-of-hachette-livre-sa,France,Halle 4.2,E75,,,
Hachette Livre,hachette-livre-70190992,France,Halle 4.2,E75,,,
Hachette Livre,hachette-livre-06444aa2,France,Halle 3.1,H59,,,
Hachette Livre International (part of Hachette Livre),hachette-livre-international-part-of-hachette-livre,France,Halle 3.1,H59,,,
Hachette UK Ltd.,hachette-uk-ltd-221a458e,United Kingdom,Halle 4.2,E75,,,
Hädecke Verlag GmbH & Co.KG,hdecke-verlag-gmbh--cokg,Germany,Halle 5.0,B122,,,
Haese Mathematics,haese-mathematics,Australia,Halle 4.1,C72,Portia Hannaford,Haese Mathematics,
Haese Mathematics,haese-mathematics,Australia,Halle 4.1,C72,Jeanette Hannaford,Haese Mathematics,
Häfft-Verlag GmbH,hfft-verlag-gmbh,Germany,Halle 5.0,E118,,,
HA Hessen-Agentur GmbH  - Wirtschaftsforschung und Landesentwicklung -,ha-hessen-agentur-gmbh----wirtschaftsforschung-und-landesentwicklung--,Germany,Festhalle,C91,,,
Hamad Bin Khalifa University Press - Qatar Foundation,hamad-bin-khalifa-university-press---qatar-foundation-4fb8b5b3,Qatar,Halle 5.1,A26,,,
Hamburger Edition HIS Verlagsges. mbH,hamburger-edition-his-verlagsges-mbh-2e2dbe53,Germany,Halle 3.0,D123,,,
Hamilton House Publishers Ltd.,hamilton-house-publishers-2b0d98fd,United Kingdom,Halle 4.1,C28,,,
Hamley Books Publishing / Pink Cats BV,hamley-books-publishing--pink-cats-bv,Belgium,Halle 4.0,B24,Rani De Vadder,Hamley Books Publishing / Pink Cats BV,
Hamley Books Publishing / Pink Cats BV,hamley-books-publishing--pink-cats-bv,Belgium,Halle 4.0,B24,Melissa Vandeputte,Hamley Books Publishing / Pink Cats BV,Foreign rights agent
Hamley Books Publishing / Pink Cats BV,hamley-books-publishing--pink-cats-bv,Belgium,Halle 4.0,B24,Sandra Vets,Hamley Books Publishing / Pink Cats BV,
Hammer Solutions Media - moment by moment,hammer-solutions-media---moment-by-moment,Germany,Halle 3.0,G93,Classen Norbert,Hammer Solutions Media - moment by moment,Redaktionsleiter
"Hangzhou Lihe Digital Technology Co.,Ltd.",hangzhou-lihe-digital-technology-coltd,China,Halle 3.1,A90,,,
"Hangzhou New Ade Cultural Media Group Co., Ltd.",hangzhou-new-ade-cultural-media-group-co-ltd,China,Halle 5.1,C129,,,
"Hangzhou Shizan Technology Co., Ltd",hangzhou-shizan-technology-co-ltd,China,Halle 5.0,D141,Cicely Qian,"Hangzhou Shizan Technology Co., Ltd",
"Hankyoreh En Co., Ltd",hankyoreh-en-co-ltd,Republic of Korea,Halle 5.1,A157,,,
Hannele & Associates Agency,hannele--associates,France,Halle 3.1,J131,,,
Hannibal Books,hannibal-books,Belgium,Halle 3.1,D23,,,
Hanoi Department of Culture and Sports,hanoi-department-of-culture-and-sports,Viet Nam,Halle 5.1,B51,,,
Hans Dieter Pikl,yunuyei,Austria,Halle 4.0,B88,,,
Hanser Berlin im Carl Hanser Verlag GmbH & Co. KG,hanser-berlin-im-carl-hanser-verlag-gmbh--co-kg,Germany,Halle 3.0,E69,,,
hanserblau im Carl Hanser Verlag GmbH & Co. KG,hanserblau-im-carl-hanser-verlag-gmbh--co-kg,Germany,Halle 3.0,E69,,,
Hanska Literary & Film Agency S.L.,hanska-literary--film-agency-sl-46414d82,Spain,Halle 1.2,LitAg,,,
hansongyipublish,hansongyipublish,Republic of Korea,Halle 5.1,B119,,,
HappyMe-D Company Limited,happyme-d-company-limited,Thailand,Halle 5.1,A113,,,
Hardie Grant Children's Publishing,hardie-grant-childrens-publishing-de48b87e,Australia,Halle 4.2,J74,,,
Hardman & Swainson,hardman--swainson-8cb6c6f3,United Kingdom,Halle 1.2,LitAg,,,
HarperCollins Publishers Limited,harpercollins-publishers-ltd-3f685e34,United Kingdom,Halle 4.2,F16,,,
Harrassowitz Verlag Harrassowitz GmbH & Co. KG,harrassowitz-verlag-harrassowitz-gmbh--co-kg-d0aa5e52,Germany,Halle 3.0,D156,,,
Härter Verlag,hrter-verlag,Germany,Halle 3.0,B52,Susanne Liesegang,Härter Verlag,Verlegerin
hartges & hartges Literatur- und Filmagentur GmbH,marcel-hartges-literatur--und-filmagentur-5327f4aa,Germany,Halle 1.2,LitAg,,,
Harvard Business Review Press,harvard-business-review-press-8d881005,United States,Halle 4.2,H84,Jon Shipley,Harvard Business Review Press,Commercial Director
Harvard University Press,harvard-university-press-1ad659ac,United Kingdom,Halle 5.1,C91,,,
Hatier (part of Hachette Livre),editions-hatier-subsidiary-of-hachette-livre-sa,France,Halle 3.1,J131,,,
Hatje Cantz Verlag GmbH & Co. KG,hatje-cantz-verlag-gmbh--co-kg,Germany,Halle 4.2,D82,,,
Hauptverband des Österreichischen Buchhandels,hauptverband-des-sterreichischen-buchhandels,Austria,Halle 5.0,D15,,,
Haus am Dom Katholische Akademie Rabanus Maurus,haus-am-dom-katholische-akademie-rabanus-maurus,Germany,,,,,
Hauschka Verlag GmbH,hauschka-verlag-gmbh,Germany,Halle 4.0,F3,,,
Haus Publishing Ltd.,haus-publishing-ltd-1df2ec80,United Kingdom,Halle 4.2,F97,,,
Hay House UK Ltd.,hay-house-uk-ltd-b7934c48,United Kingdom,Halle 5.1,D3,,,
Haymon Verlag GmbH,haymon-verlag-gmbh-33562fc1,Austria,Halle 3.0,C154,,,
Haymon Verlag GmbH,haymon-verlag-gmbh,Austria,Halle 3.0,G93,,,
Haynes Group Ltd.,haynes-group-ltd,United Kingdom,Halle 4.2,J26,,,
Health Professions Press - an imprint of Brookes Publishing Co.,health-professions-press-42534dfb,United States,Halle 4.1,C73,,,
Hea Lugu,hea-lugu,Estonia,Halle 3.1,B34,,,
Hebei Education Press Company Limited,hebei-education-press-company-limited,China,Halle 5.1,D147,,,
Hebei Publishing Media Group Limited Liability Corp,hebei-publishing-media-group-limited-liability-corp,China,Halle 5.1,D147,,,
"Hebei Science & Technology Publishing House Co.,Ltd.",hebei-science--technology-publishing-house-coltd,China,Halle 5.1,D147,,,
Hebron Soft Limited,hebron-soft-limited,Taiwan,Halle 4.1,A89,,,
Hedlund Agency AB,hedlund-agency-ab,Sweden,Halle 1.2,LitAg,,,
Heinold & Friends GmbH,heinold--friends-gmbh,Germany,Halle 4.1,H102,Ehrhardt Heinold,Heinold & Friends GmbH,CEO
Heinrich-Böll-Stiftung,heinrich-bll-stiftung-b66386b3,Germany,Halle 3.0,H14,Silvie Horch,Heinrich-Böll-Stiftung,Lektorin
Heinz Agency (Lantia S.L.),heinz-agency-lantia-sl-89317314,Spain,Halle 1.2,LitAg,,,
Helbling Languages GmbH,helbling-languages-gmbh-24c18c26,Austria,Halle 4.1,C46,,,
Helen Binns Agency,helen-binns-agency,United Kingdom,Halle 1.2,LitAg,,,
"Helen Heller Agency, Inc.",helen-heller-agency-inc-2df4b676,Canada,Halle 1.2,LitAg,,,
Helikon Kiadó,helikon-kiad,Hungary,Halle 3.1,C34,,,
Helion S.A.,helion-sa,Poland,Halle 3.1,B54,,,
Helios,helios,Estonia,Halle 3.1,B34,,,
Hélium (part of Actes Sud),hlium-part-of-actes-sud-sa,France,Halle 3.1,G145,,,
Hellenic Foundation For Books and Culture (HFBC),hellenic-foundation-for-book--culture,Greece,Halle 3.1,C90,NIKOS BAKOUNAKIS,Hellenic Foundation For Books and Culture (HFBC),President
Hellenic Foundation For Books and Culture (HFBC),hellenic-foundation-for-book--culture,Greece,Halle 3.1,C90,KELLY DIMOPOULOU,Hellenic Foundation For Books and Culture (HFBC),International Book Fairs Coordinator
Hellenic Foundation For Books and Culture (HFBC),hellenic-foundation-for-book--culture,Greece,Halle 3.1,C90,PANAGIOTIS KAPOS,Hellenic Foundation For Books and Culture (HFBC),Vice President
Hellenic Foundation For Books and Culture (HFBC),hellenic-foundation-for-book--culture,Greece,Halle 3.1,C90,BENOU KASSIANI,Hellenic Foundation For Books and Culture (HFBC),Head of Communications and Development
Helmut Lingen Verlag GmbH,helmut-lingen-verlag-gmbh-12786028,Germany,Halle 3.0,G93,,,
Héloïse d'Ormesson (part of Editis),editions-hlose-dormesson-part-of-sas-sogedif,France,Halle 3.1,H59,,,
Helsinki Literary Agency Oy,helsinki-literary-agency-oy-54024edf,Finland,Halle 1.2,LitAg,,,
Helvetiq (Red Cut SARL),helvetiq-red-cut-sarl,Switzerland,Halle 3.0,F97,,,
Henan Fine Arts Publishing House,henan-fine-arts-publishing-house,China,Halle 5.1,D147,,,
"Henan Literature And Art Publishing House Co., Ltd.",henan-literature-and-art-publishing-house,China,Halle 5.1,D147,,,
Henry Holt and Company,henry-holt-and-company-88904946,United States,Halle 5.1,D53,,,
Hentrich & Hentrich Verlag Berlin Leipzig,hentrich--hentrich-verlag-berlin-leipzig,Germany,Halle 3.0,B67,,,
hep verlag ag,hep-verlag-ag,Switzerland,Halle 3.0,F97,,,
Herbert von Halem Verlagsgesellschaft mbH & Co. KG,herbert-von-halem-verlagsgesellschaft-mbh--co-kg-0bf37c9c,Germany,Halle 3.0,D73,Sandra von Halem,Herbert von Halem Verlagsgesellschaft mbH & Co. KG,Geschäftsführung
Herder Editorial S.L.,herder-editorial-sl,Spain,Halle 3.1,D135,,,
Hermagoras Verlag Mohorjeva zalozba,hermagoras-verlag-mohorjeva-zalozba,Austria,Halle 5.0,D15,,,
Hermes Publishers,hermes-publishers,Bulgaria,Halle 3.1,B19,,,
HERO'S INC.,heros-inc,Japan,Halle 3.1,E53,Yuki Yamaguchi,HERO'S INC.,International Publishing Coordinator
Hessen Film & Medien,hessen-film--medien,Germany,,,,,
Hessischer Literaturrat e.V.,hessischer-literaturrat-ev-220bb09e,Germany,Halle 3.0,D87,Anne Harres,Hessischer Literaturrat e.V.,
Hessischer Literaturrat e.V.,hessischer-literaturrat-ev-220bb09e,Germany,Halle 3.0,D87,Madelyn Rittner,Hessischer Literaturrat e.V.,
Hessischer Literaturrat e.V.,hessischer-literaturrat-ev-35fe23da,Germany,Halle 3.0,D87,,,
"Hessischer Rundfunk, Anstalt des öffentlichen Rechts",hessischer-rundfunk-anstalt-des-ffentlichen-rechts-4012e280,Germany,Forum 0,A1,,,
"Hessischer Rundfunk, Anstalt des öffentlichen Rechts",hessischer-rundfunk-anstalt-des-ffentlichen-rechts,Germany,Agora,F1,,,
"Hessisches Ministerium für Wissenschaft und Forschung, Kunst und Kultur",hessisches-ministerium-fr-wissenschaft-und-kunst,Germany,Halle 3.0,D87,,,
"Hier und Jetzt, Verlag für Kultur und Geschichte GmbH",hier-und-jetzt-verlag-fr-kultur-und-geschichte-gmbh,Switzerland,Halle 3.0,F97,,,
Highlights for Children,highlights-for-children-international-fc902001,United States,Halle 4.2,J60,Mia Greenblott,Highlights for Children,Senior Manager
Highlights for Children,highlights-for-children-international-fc902001,United States,Halle 4.2,J60,James Hall,Highlights for Children,"Sales Director- Intl Licensing, R&P, Partnerships"
High Peak Publishing Limited,high-peak-publishing-limited-322c1547,United Kingdom,Halle 4.1,A28,,,
"High Sun Toys Trade Co., Ltd.",high-sun-toys-trade-co-ltd,Hong Kong,Halle 5.0,C110,,,
"Hikarinokuni Co., Ltd.",hikarinokuni-co-ltd,Japan,Halle 4.2,F34,,,
HillcrownAI GmbH,hillcrownai-gmbh,Germany,Halle 4.0,D31,Leo Hoffmannn,HillcrownAI GmbH,Visual AI Developer
HillcrownAI GmbH,hillcrownai-gmbh,Germany,Halle 4.0,D31,Peter Waibel,HillcrownAI GmbH,
HillcrownAI GmbH,hillcrownai-gmbh,Germany,Halle 4.0,D31,Oliver Mauckner,HillcrownAI GmbH,CEO
Hipertexto - Netizen,hipertexto---netizen,Colombia,Halle 3.1,E83,,,
"Hiraku Studio Co., Ltd.",hiraku-studio-co-ltd,Japan,Halle 3.1,J23 / Comics Business Centre,,,
Hirmer Verlag GmbH,hirmer-verlag-gmbh-adcc4bef,Germany,Halle 3.0,F129,,,
Histria Books,histria-books,United States,Halle 4.2,D101,,,
Hizmet Vakfi Yayinlari,hizmet-vakfi-yayinlari,Türkiye,Halle 3.1,G37,,,
HKEJ Publishing Limited,hkej-publishing-limited,Hong Kong,Halle 5.1,D121,,,
H'MM Foundation,hmm-foundation-1e8a0cd8,United Kingdom,Halle 3.1,B22,,,
Hoaki Books S.L.,hoaki-books-sl-5d0336fc,Spain,Halle 4.2,E49,,,
"Hobby Japan Co., Ltd.",hobby-japan-co-ltd,Japan,Halle 4.2,F34,,,
"Hobunsha Co., Ltd.",hobunsha-co-ltd,Japan,Halle 3.1,G25 / Workstation,,,
Hochparterre AG Edition Hochparterre,hochparterre-ag-edition-hochparterre-f4168c92,Switzerland,Halle 3.0,G146,,,
Hochschule der Medien,hochschule-der-medien,Germany,Halle 4.1,J79 / Campus Weekend,,,
Hochschule d. Wirtschaft für Management gGmbH,hochschule-d-wirtschaft-fr-management-ggmbh,Germany,Halle 4.1,J79 / Campus Weekend,,,
Hochschule für angewandtes Management,hochschule-fr-angewandtes-management,Germany,Halle 4.1,J79 / Campus Weekend,,,
Hochschule für Jüdische Studien Heidelberg,hochschule-fr-jdische-studien-heidelberg,Germany,Halle 4.1,J79 / Campus Weekend,Annalena Bauer,Hochschule für Jüdische Studien Heidelberg,
Hochschule für Jüdische Studien Heidelberg,hochschule-fr-jdische-studien-heidelberg,Germany,Halle 4.1,J79 / Campus Weekend,Christian Bessling,Hochschule für Jüdische Studien Heidelberg,Veranstaltungsmanager
Hochschule für Jüdische Studien Heidelberg,hochschule-fr-jdische-studien-heidelberg,Germany,Halle 4.1,J79 / Campus Weekend,Lara Pushkin,Hochschule für Jüdische Studien Heidelberg,
Hochschule für Jüdische Studien Heidelberg,hochschule-fr-jdische-studien-heidelberg,Germany,Halle 4.1,J79 / Campus Weekend,Neyer Evelyn,Hochschule für Jüdische Studien Heidelberg,
Hoëbeke (part of Madrigall),editions-hobeke,France,Halle 3.1,H97,,,
Hoffmann und Campe Verlag GmbH,hoffmann-und-campe-verlag-gmbh,Germany,Halle 3.0,E109,Lena Borowski,Hoffmann und Campe Verlag GmbH,Pressereferentin
Hoffmann und Campe Verlag GmbH,hoffmann-und-campe-verlag-gmbh,Germany,Halle 3.0,E109,Franziska Lotties,Hoffmann und Campe Verlag GmbH,Projektmanagerin im Lektorat
Hogan Press,hogan-assessment-systems-inc,United States,Halle 4.1,C51,Andreas Schwarz,Hogan Press,Principal Consultant
Hogan Press,hogan-assessment-systems-inc,United States,Halle 4.1,C51,Georgi Yankov,Hogan Press,
Hogrefe Verlag GmbH & Co. KG,hogrefe-verlag-gmbh--co-kg-5dd0106d,Germany,Halle 3.0,A142,,,
Hok Wah Industrial Limited,hok-wah-industrial-limited,Hong Kong,Halle 5.1,D121,,,
"Holiu Creative Co., Ltd.",holiu-creative-co-ltd,Taiwan,Halle 4.2,B41,,,
Hölker Verlag im Coppenrath Verlag GmbH & Co. KG,hlker-verlag-im-coppenrath-verlag-gmbh--co-kg-7a83f0ea,Germany,Halle 4.0,B52,,,
Hollitzer Verlag,hollitzer-verlag,Austria,Halle 5.0,D15,,,
Holograph Press Works,holograph-press-works,United States,Halle 4.1,G90,,,
Holtzbrinck Buchverlage GmbH,holtzbrinck-buchverlage-gmbh-5a98b0f1,Germany,Halle 3.1,G25 / Workstation,Lisa Peemöller,Holtzbrinck Buchverlage GmbH,
Holy Trinity Publications,holy-trinity-publications,United States,Halle 4.2,C79,,,
Hong Kong Design Institute,hong-kong-design-institute,Hong Kong,Halle 5.1,D121,,,
Hong Kong Film Arts Association,hong-kong-film-arts-association,Hong Kong,Halle 5.1,D121,,,
Hong Kong Palace Museum Limited,hong-kong-palace-museum,Hong Kong,Halle 5.1,D121,,,
Hong Kong Publishing Federation Limited,hong-kong-publishing-federation-limited,Hong Kong,Halle 5.1,D121,,,
Hong Kong University Press,hong-kong-university-press,Hong Kong,Halle 5.1,D121,,,
Honno Ltd,honno-ltd,United Kingdom,Halle 3.1,B22,,,
Hoopla Digital,hoopla-digital,United States,Halle 5.1,D72,,,
Hörbuch Hamburg HHV GmbH,hrbuch-hamburg-hhv-gmbh-abbc435a,Germany,Halle 4.0,B11,,,
Hors Collection (part of Editis),editions-hors-collection---an-imprint-of-edi8,France,Halle 3.1,H59,,,
"HOST - vydavatelstvi, s.r.o.",host---vydavatelstvi-ltd,Czechia,Halle 3.1,C65,,,
"HOST - vydavatelstvi, s.r.o.",host---vydavatelstvi-sro,Czechia,Halle 3.1,C70,,,
House of Anansi Press and Groundwood Books,house-of-anansi-press-and-groundwood-books-39b8f32e,Canada,Halle 4.2,H10,Karen Brochu,House of Anansi Press and Groundwood Books,
House of Anansi Press and Groundwood Books,house-of-anansi-press-and-groundwood-books-39b8f32e,Canada,Halle 4.2,H10,Mariana Linares,House of Anansi Press and Groundwood Books,Rights Manager
House of Anansi Press and Groundwood Books,house-of-anansi-press-and-groundwood-books-39b8f32e,Canada,Halle 4.2,H10,Douglas Richmond,House of Anansi Press,Editorial Director
Hrisi's Art LTD Hristina Bloomfield,hrisis-art-ltd-hristina-bloomfield,United Kingdom,,,Hristina Bloomfield,Hrisi's Art LTD Hristina Bloomfield,
Hrisi's Art LTD Hristina Bloomfield,hrisis-art-ltd-hristina-bloomfield,United Kingdom,,,Gigi Francis,Hrisi's Art LTD Hristina Bloomfield,
HSD Hochschule Döpfer GmbH,hsd-hochschule-dpfer-gmbh,Germany,Halle 4.1,J79 / Campus Weekend,Patrick Baumann,HSD Hochschule Döpfer GmbH,Head of Sales
Huazhong University of Science and Technology Press,huazhong-university-of-science-and-technology-press-5465df94,China,Halle 4.1,D54,,,
"Hubei Chutian Book Media Co.,Ltd",hubei-chutian-book-media-coltd,China,Halle 5.1,D147,,,
Hubei Daily Media Group,hubei-daily-media-group,China,Halle 5.1,D147,,,
"Hubei Education Press Co.,Ltd.",hubei-education-publishing-co-ltd,China,Halle 5.1,D140,,,
Hubhawks India Pvt. Ltd.,hubhawks-india-pvt-ltd,India,Halle 4.2,D31,Devanshika Jha,Hubhawks India Pvt. Ltd.,Editorial Project Manager
Hubhawks India Pvt. Ltd.,hubhawks-india-pvt-ltd,India,Halle 4.2,D31,Kevin Missal,Hubhawks India Pvt. Ltd.,
Hudsmer Business Solutions Private Limited,hudsmer-business-solutions-private-limited,India,Halle 4.1,K23,,,
Hueber Verlag GmbH & Co. KG,hueber-verlag-gmbh--co-kg-44787e34,Germany,Halle 3.0,G19,,,
Hueders,hueders,Chile,Halle 3.1,F102,Ángeles Quinteros,Hueders,
HUIA (NZ) Ltd.,huia-publishers,New Zealand,Halle 4.2,G29,,,
Human Kinetics,human-kinetics-dee2945f,United States,Halle 4.1,E33,,,
Humanoids Studios SA,humanoids-studios-sa,Switzerland,Halle 3.1,H64,Isabel Jarquin,Humanoids Studios SA,
"Hunan Splendid Culture Co., Ltd.",hunan-splendid-culture-coltd,China,Halle 4.2,A25,,,
"Hunan Tianwen Xinhua Printing Co., Ltd",hunan-tianwen-xinhua-printing-co-ltd,China,Halle 5.1,C124,,,
"Hung Hing Off-Set Printing Co., Ltd.",hung-hing-off-set-printing-co-ltd-09a2dd20,Hong Kong,Halle 5.1,D114,,,
"Hung Hing Off-Set Printing Co., Ltd.",hung-hing-off-set-printing-co-ltd-659e1a41,Hong Kong,Halle 5.1,D121,,,
Hungry Tomato Ltd.,hungry-tomato-ltd-cb8b4cc9,United Kingdom,Halle 4.2,B27,,,
Hybrid Verlag,hybrid-verlag,Germany,Halle 4.0,H67,,,
Hydre Editions,hydre-editions,Luxembourg,Halle 3.0,F98,,,
Hymns Ancient and Modern Ltd,hymns-ancient-and-modern-ltd,United Kingdom,Halle 4.2,C81,Hosung Maeng,Hymns Ancient and Modern Ltd,Foreign Language Rights Manager
i am a bookworm,i-am-a-bookworm-9f41cfa6,United Kingdom,Halle 4.2,B22,,,
IBBY - International Board on Books for Young People,ibby---international-board-on-books-for-young-people,Switzerland,Halle 4.0,F95,,,
"Iberoamericana Editorial Vervuert, S.L.",iberoamericana-editorial-vervuert-sl,Spain,Halle 3.1,D135,,,
ibidem-Verlag GbR,ibidem-verlag-gbr,Germany,Halle 3.0,G93,,,
IBS Logistics GmbH & Co. KG,ibs-logistics-gmbh--co-kg-a6197552,Germany,Halle 4.2,E5,,,
ICE- Agenzia per la promozione all'estero e l'internazionalizzazione delle imprese italiane,ice--agenzia-per-la-promozione-allestero-e-linternazionalizzazione-delle-imprese-italiane,Italy,Halle 3.1,B134,,,
ICE- Agenzia per la promozione all'estero e l'internazionalizzazione delle imprese italiane,ice--agenzia-per-la-promozione-allestero-e-linternazionalizzazione-delle-imprese-italiane-1f35aea5,Italy,Halle 3.1,B102,,,
Iceberg Editorial,iceberg-editorial,Spain,Halle 3.1,E131,,,
Icelandic Literature Center,icelandic-literature-center,Iceland,Halle 3.1,B70,,,
ID-Concept (Strange Forest Publishing),id-concept-strange-forest-publishing,North Macedonia,Halle 3.1,B12,Biljana Crvenkovska,ID-Concept (Strange Forest Publishing),
ID-Concept (Strange Forest Publishing),id-concept-strange-forest-publishing,North Macedonia,Halle 3.1,B12,Kire Galevski,ID-Concept (Strange Forest Publishing),Creative Director
Idea Books B.V.,idea-books-bv-87449a1b,Netherlands,Halle 3.0,G126,,,
Idea Publication,idea-publication,Hong Kong,Halle 5.1,D121,,,
Ideias de Ler,ideias-de-ler,Portugal,Halle 3.1,F139,,,
IDM SA Ingenierie Diffusion Multimedia,idm-sa-ingenierie-diffusion-multimedia-39689795,France,Halle 4.1,J79 / Workstation,,,
iDventure GmbH,idventure-ug,Germany,Halle 5.0,E117,,,
"IEEE - Institute of Electrical and Electronics Engineers, Inc.",ieee,United States,Halle 4.1,C33,Katrina Castillo,"IEEE - Institute of Electrical and Electronics Engineers, Inc.",
"IEEE - Institute of Electrical and Electronics Engineers, Inc.",ieee,United States,Halle 4.1,C33,Vaishali Damle,"IEEE - Institute of Electrical and Electronics Engineers, Inc.",Mng Ed Proceedings of the IEEE & IEEE Press
"IEEE - Institute of Electrical and Electronics Engineers, Inc.",ieee,United States,Halle 4.1,C33,Judy Brady,"IEEE - Institute of Electrical and Electronics Engineers, Inc.",Regional Sales Manager EMEA
"IEEE - Institute of Electrical and Electronics Engineers, Inc.",ieee,United States,Halle 4.1,C33,Matthew Herdlein,"IEEE - Institute of Electrical and Electronics Engineers, Inc.",Associate Director Products
"IEEE - Institute of Electrical and Electronics Engineers, Inc.",ieee,United States,Halle 4.1,C33,Josh Horowitz,"IEEE - Institute of Electrical and Electronics Engineers, Inc.",International Area Manager
"IEEE - Institute of Electrical and Electronics Engineers, Inc.",ieee,United States,Halle 4.1,C33,Kevin Lisankie,"IEEE - Institute of Electrical and Electronics Engineers, Inc.",Director Editorial Services
"IEEE - Institute of Electrical and Electronics Engineers, Inc.",ieee,United States,Halle 4.1,C33,Andrew Popper,"IEEE - Institute of Electrical and Electronics Engineers, Inc.",
"IEEE - Institute of Electrical and Electronics Engineers, Inc.",ieee,United States,Halle 4.1,C33,Maritza Quinones,"IEEE - Institute of Electrical and Electronics Engineers, Inc.",
IET - The Institution of  Engineering and Technology,the-institution-of-engineering-and-technology-iet,United Kingdom,Halle 4.1,C93,,,
IG Autorinnen Autoren,ig-autorinnen-autoren,Austria,Halle 5.0,E13,Martin Höfer,IG Autorinnen Autoren,"IG Autorinnen Autoren, Mitarbeiter"
IG Autorinnen Autoren,ig-autorinnen-autoren,Austria,Halle 5.0,E13,Astrid Nischkauer,IG Autorinnen Autoren,Programmorganisation Literadio
IGI Global Scientific Publishing,igi-global-4b94d29a,United States,Halle 4.1,F73,Genevieve Robinson,IGI Global Scientific Publishing,Managing Director of Marketing
IGI Global Scientific Publishing,igi-global-scientific-publishing,United States,Halle 4.2,A86,,,
Igloo Books an imprint of Bonnier Books UK Limited,igloo-books-an-imprint-of-bonnier-books-uk-limited,United Kingdom,Halle 4.2,F13,,,
"Ikar, a.s.",ikar-as,Slovakia,Halle 3.1,C50,,,
IKIGAI Books by GOEN Project,ikigai-books-by-goen-project,Japan,Halle 4.2,F34,,,
ILA Intercontinental Literary Agency Ltd.,ila-intercontinental-literary-agency-c7f3ff82,United Kingdom,Halle 1.2,LitAg,,,
Il Blog di Eleonora Marsella,il-blog-di-eleonora-marsella,Italy,Halle 3.1,B102,,,
Illi Press,illi-press,Germany,,,George Teodorescu,Illi Press,Professor · Author · Publisher
Illustratoren Organisation e.V.,illustratoren-organisation-ev-b3d70b94,Germany,Halle 4.0,F78,Jürgen Gawron,Illustratoren Organisation e.V.,"Illustrator, Moderator"
Ilmamaa,ilmamaa,Estonia,Halle 3.1,B34,,,
Il Portico spa,il-portico-spa,Italy,Halle 3.1,B134,,,
Il Saggiatore srl,il-saggiatore-srl,Italy,Halle 3.1,B102,,,
ImageBooks Publishers International BV,imagebooks-publishers-international-bv-6f6e67a9,Netherlands,Halle 4.2,E93,,,
Image Comics,image-comics,United States,Halle 3.1,H23 / Comics Business Centre,,,
Imagination Stage -  Frankfurter Buchmesse,imagination-stage----frankfurter-buchmesse,Germany,Halle 4.0,J85,,,
IMAGINE BOOKS - Philip Laubach UG,imagine-books---philip-laubach,Germany,Halle 3.0,D97,,,
Imago Publishing Ltd.,imago-publishing-ltd-6150e39e,United Kingdom,Halle 4.2,D72,,,
Imak Ofset Basim Yayin A.S.,imak-ofset-basim-yayin-as,Türkiye,Halle 4.2,G17,,,
IMATGE-9 SL,imatge-9-sl,Spain,Halle 3.1,E131,,,
IMAV Éditions - Le Petit Nicolas/Iznogoud,imav-ditions---le-petit-nicolasiznogoud,France,Halle 3.1,J131,,,
IMC Literary Agency S.L.,imc-literary-agency-sl-44da9134,Spain,Halle 1.2,LitAg,,,
Impelsys Ltd.,impelsys-ltd,United Kingdom,Halle 4.1,G36,Puneet Agrawal,Impelsys Ltd.,"VP, Business Head EMEA"
Impelsys Ltd.,impelsys-ltd,United Kingdom,Halle 4.1,G36,Sunny Nath,Impelsys Ltd.,Head of Sales & Business Development - UK & Europe
Impelsys Ltd.,impelsys-ltd,United Kingdom,Halle 4.1,G36,Sameer Shariff,Impelsys Ltd.,Founder & CEO
Impelsys Ltd.,impelsys-ltd,United Kingdom,Halle 4.1,G36,Rajan Pratap Singh,Impelsys Ltd.,Director of Software Engineering
Impelsys Ltd.,impelsys-ltd,United Kingdom,Halle 4.1,G36,Ravikiran SM,Impelsys,AI Solutions Architect
Impelsys Ltd.,impelsys-ltd,United Kingdom,Halle 4.1,G36,Jeff Wood,Impelsys Ltd.,"AVP, Americas"
Impress Group,impress-group,Japan,Halle 4.2,F34,,,
Imprima Korea Agency,imprima-korea-agency-4bf0117f,Republic of Korea,Halle 1.2,LitAg,,,
Ina Benedikt - Autorin Lily Stark,ina-benedikt---autorin-lily-stark,Germany,Halle 4.0,J70,,,
INaudio,inaudio,United States,Halle 4.1,K20,Ralph Lazaro,INaudio,Co-Founder & CEO
INaudio,inaudio,United States,Halle 4.1,K20,Carl Smith,INaudio,Head of Parternships
INaudio,inaudio,United States,Halle 4.1,K20,Blake Squires,INaudio,Co-Founder & COO
INaudio,inaudio,United States,Halle 4.1,K20,Abigail Tran,INaudio,Merchandising and Promotions Coordinator
Indent Literary Agency,indent-literary-agency-13937710,United States,Halle 1.2,LitAg,,,
Independent Book Publishers Association,independent-book-publishers-association-1d20c2ac,United States,Halle 4.2,H34,,,
Independent Publishers Guild (IPG),independent-publishers-guild-ipg-cca4473b,United Kingdom,Halle 4.2,J8,Yuen-Yee Pang,Independent Publishers Guild (IPG),Community Manager
Independent Publishers Guild (IPG),independent-publishers-guild-ipg-bf4e5ed0,United Kingdom,Halle 4.2,J7,,,
Independent Publishers Guild (IPG),independent-publishers-guild-ipg-abfa3ff0,United Kingdom,Halle 4.2,J1,,,
Indiana University Press,indiana-university-press-3e844eb4,United States,Halle 4.1,E33,,,
Indian Council of Social Science Research (ICSSR),indian-council-of-social-science-research-icssr,India,Halle 4.2,F35,Abhinav Paliwal,Indian Council Of Social Science Research (ICSSR),
IN Edições,in-edies,Portugal,Halle 3.1,F139,,,
Infinito edizioni S.r.l.,infinito-edizioni-srl,Italy,Halle 3.1,B102,,,
Info3 Verlag,info3-verlag,Germany,Halle 3.0,F130,,,
Informazioni Editoriali I.E.  srl,informazioni-editoriali-ie--srl,Italy,Halle 3.1,B102,,,
Ingram Content Group,ingram-content-group-9e496bad,United States,Halle 4.2,E16,Christy Beattie,Ingram Content Group,"Senior Manager, Trade Shows & Events"
Ingram Content Group,ingram-content-group-9e496bad,United States,Halle 4.2,E16,Shawn Morin,Ingram Content Group,President & CEO
Ingram Content Group,ingram-content-group-9e496bad,United States,Halle 4.2,E16,Phil Ollila,Ingram Content Group,Chief Commercial & Content Officer
Inks & Bindings LLC,inks--bindings-llc,United States,Halle 5.1,D86,,,
"InkWell Management, LLC",inkwell-management-llc-755ba9aa,United States,Halle 1.2,LitAg,,,
Inlibra,nomos-verlagsgesellschaft-mbh--co-kg,Germany,Halle 4.1,H54,Florian Grundei,Inlibra,Key Account Manager
Inlibra,nomos-verlagsgesellschaft-mbh--co-kg,Germany,Halle 4.1,H54,Monika Kraft,Inlibra,Key Account Managerin
Inlibra,nomos-verlagsgesellschaft-mbh--co-kg,Germany,Halle 4.1,H54,David Simons,Inlibra,
Inlibra,nomos-verlagsgesellschaft-mbh--co-kg,Germany,Halle 4.1,H54,Karsten Sydow,Inlibra,
Inlibra,nomos-verlagsgesellschaft-mbh--co-kg,Germany,Halle 4.1,H54,Lena Wolf,Inlibra,Senior Marketing Manager
Inlibra,nomos-verlagsgesellschaft-mbh--co-kg,Germany,Halle 4.1,H54,Michael Kenter,Inlibra,
Inner Traditions,inner-traditions-international-216f7a59,United States,Halle 4.2,H91,Sabine Weeke,Inner Traditions,
InnoContent Limited,innocontent-limited,Hong Kong,Halle 5.1,D121,,,
Innovation Stage - Frankfurter Buchmesse,stage-40---frankfurter-buchmesse,Germany,Halle 4.1,A48,,,
innsbruck university press (iup) Universität Innsbruck,innsbruck-university-press-iup-universitt-innsbruck,Austria,Halle 5.0,E13,,,
Insel Verlag Anton Kippenberg GmbH & Co. KG,insel-verlag-anton-kippenberg-gmbh--co-kg-54ac17c3,Germany,Halle 3.0,E90,,,
Insight Editions,insight-editions-97e50dc4,United States,Halle 4.2,F100,,,
Inspiration Stage -  Frankfurter Buchmesse,inspiration-stage----frankfurter-buchmesse,Germany,Halle 3.0,J34,,,
Institut Català de les Empreses Culturals,institut-catal-de-les-empreses-culturals-016218cc,Spain,Halle 3.1,E131,,,
Institut d'Estudis Baleàrics,institut-destudis-balerics-e792a36b,Spain,Halle 3.1,E131,Karen Müller,Institut d'Estudis Baleàrics,Project manager
Institut d'Estudis Baleàrics,institut-destudis-balerics,Spain,Halle 3.1,H23 / Comics Business Centre,,,
Institute of Social and Cultural Studies,institute-of-social-and-cultural-studies,India,Halle 4.2,F35,,,
Institut français Deutschland / IFRA-SHS,institut-franais-deutschland--ifra-shs-16104796,Germany,Halle 5.0,A7,Bettina Sund,Institut français Deutschland / IFRA-SHS,
Institut für Islamische Studien & Interkulturelle Zusammenarbeit e.V.,ifisiz-institut-fr-islamische-studien--interkulturelle-zusammenarbeit-ev,Germany,Halle 3.0,B145,,,
Institut für Reinkultur,institut-fr-reinkultur,Austria,Halle 5.0,E88,,,
"Institut Jozef Stefan, IRCAI/UNESCO",institut-jozef-stefan,Slovenia,Halle 3.0,H10,SENJA POŽAR,"Institut Jozef Stefan, IRCAI/UNESCO",Managing Editor and Finance Lead
Instituto Castellano y Leonés de la Lengua,instituto-castellano-y-leons-de-la-lengua,Spain,Halle 3.1,D135,,,
Instituto Cervantes Frankfurt,instituto-cervantes-frankfurt,Germany,Halle 3.1,D135,,,
Instituto Guatemalteco de Turismo,instituto-guatemalteco-de-turismo,Guatemala,Halle 3.1,E62,,,
Instituto Piaget CRL,instituto-piaget-crl,Portugal,Halle 3.1,F139,,,
Institut Ramon Llull,institut-ramon-llull-d08e89dc,Spain,Halle 3.1,F142,,,
Instytut Pamieci Narodowej - Komisja Scigania Zbrodni przeciwko Narodowi Polskiemu (Institute of National Remembrance),instytut-pamieci-narodowej-komisja-scigania-zbrodni-przeciwko-narodowi-polskiemu,Poland,Halle 3.1,B54,,,
Integra Software Services Pvt. Ltd.,integra-software-services-pvt-ltd,India,Halle 4.1,H64,,,
"Intellectual Property Publishing House Co., Ltd.",intellectual-property-publishing-house-co-ltd,China,Halle 5.1,D147,,,
Intelligent Change LLC,intelligent-change-llc,United States,Halle 5.0,E117,Iva Grguric,Intelligent Change LLC,
Interforum Diffusion Internationale (part of Editis),sa-interforum-diffusion-internationale,France,Halle 3.1,H97,,,
"InterLicense, Ltd.",interlicense-ltd,United States,Halle 1.2,LitAg,,,
"Interlink Publishing Group, Inc.",interlink-publishing-group-inc-a52e31df,United States,Halle 5.1,C79,,,
International Creative Agency (ICA) Ltd.,mulcahy-sweeney-associates-mmb-creative-63761e68,United Kingdom,Halle 1.2,LitAg,,,
International Editors' Co. S.L.,international-editors-co-sl-d6b6bbde,Spain,Halle 1.2,LitAg,,,
International Literary Properties,international-literary-properties,United States,Halle 1.2,LitAg,Jennifer Bassuk,International Literary Properties,"President, Partnerships"
International Literary Properties,international-literary-properties,United States,Halle 1.2,LitAg,Mary Durkan,International Literary Properties,"President, ILP Literary"
International Literary Scouting - Simone Dal Pino Garzella,international-literary-scouting---simone-dal-pino-garzella-2e602d0c,United States,Halle 1.2,LitAg,,,
International Merchandising Promotions and Services s.a.,peyo-company-the-smurfs,Belgium,Halle 3.1,F97,,,
International Monetary Fund,international-monetary-fund--imf-publications,United States,Halle 4.1,G65,Patricia Loo,International Monetary Fund,Rights and Marketing Officer
International Publishers Association,international-publishers-association,Switzerland,,,Borie Olivier,International Publishers Association,
International Publishers Association,international-publishers-association,Switzerland,,,James Taylor,International Publishers Association,Director of Communications and Freedom to Publish
Interstellarer Verlag,interstellarer-verlag,Germany,Halle 3.0,G93,,,
"InterVarsity Press, USA",intervarsity-press-usa-18352aec,United States,Halle 4.2,C87,,,
İntrotema Agency,introtema-copyright-and-translation-agency-648d470d,Türkiye,Halle 4.2,L7,,,
İntrotema Literary Agency,introtema-copyright-and-translation-agency,Türkiye,Halle 1.2,LitAg,Büşra Abosamra,İntrotema Literary Agency,Rights Manager
İntrotema Literary Agency,introtema-copyright-and-translation-agency,Türkiye,Halle 1.2,LitAg,Busra Altun,İntrotema Literary Agency,Finance and Admin Director
İntrotema Literary Agency,introtema-copyright-and-translation-agency,Türkiye,Halle 1.2,LitAg,Edanur Altunok,İntrotema Literary Agency,Translation Manager
İntrotema Literary Agency,introtema-copyright-and-translation-agency,Türkiye,Halle 1.2,LitAg,Hediye Boz,İntrotema Literary Agency,Rights Manager
İntrotema Literary Agency,introtema-copyright-and-translation-agency,Türkiye,Halle 1.2,LitAg,Sevde Gökdemir,İntrotema Literary Agency,Rights Manager
İntrotema Literary Agency,introtema-copyright-and-translation-agency,Türkiye,Halle 1.2,LitAg,Saliha Okul,İntrotema Literary Agency,Rights Manager
İntrotema Literary Agency,introtema-copyright-and-translation-agency,Türkiye,Halle 1.2,LitAg,Khayala Murad Mammadlı,İntrotema Literary Agency,Foreign Rights Manager
INU - Innovative University of Applied Sciences,inu---innovative-university-of-applied-sciences,Germany,Halle 4.1,J79 / Campus Weekend,Anna Neuhaus,INU - Innovative University of Applied Sciences,
Invertido Ediciones,invertido-ediciones,Chile,Halle 3.1,F102,,,
Investment and Development Agency of Latvia (LIAA),investment-and-development-agency-of-latvia-liaa-834b19cf,Latvia,Halle 3.1,A33,,,
InVision Publishing | Sabrina Rudolph & Anja Rudolph GbR,invision-publishing--sabrina-rudolph--anja-rudolph-gbr,Germany,Festhalle,B84,,,
IOP Publishing,iop-publishing-2478e4b4,United Kingdom,Halle 4.1,D56,Rachael Harper,IOP Publishing,
IP Innovative Publication Pvt Ltd,ip-innovative-publication-pvt-ltd,India,Halle 4.1,B89,,,
Irakli Tsignadze,irakli-tsignadze,Georgia,Halle 5.0,E118,,,
Iranban,iranban,Iran,Halle 4.0,E28,,,
Ireland at the Frankfurt Book Fair,ireland-at-the-frankfurt-book-fair-2f023b87,Ireland,Halle 5.1,C49,Domenico Calabrese,Ireland at the Frankfurt Book Fair,
Ireland at the Frankfurt Book Fair,ireland-at-the-frankfurt-book-fair-2f023b87,Ireland,Halle 5.1,C49,Elizabeth Goldrick,Ireland at the Frankfurt Book Fair,
Isabelle North,isabelle-north,Germany,Festhalle,B44,,,
Isako Cairn.info SAS,isako-cairninfo-sas,France,Halle 4.1,F15,,,
Isa Theobald,legendenjgerinnen-co-isa-theobald,Germany,Halle 4.0,G103,,,
ISM - International School of Managment,ism---international-school-of-managment,Germany,Halle 4.1,J79 / Campus Weekend,Verena Neff,ISM - International School of Managment,
Istanbul Chamber of Commerce Istanbul Ticaret Odasi,istanbul-chamber-of-commerce-istanbul-ticaret-odasi-c64a200e,Türkiye,Halle 3.1,G70,,,
Istituto Italiano di Cultura di Colonia - Italienisches Kulturinstitut Köln,istituto-italiano-di-cultura-di-colonia---italienisches-kulturinstitut-kln,Germany,Halle 3.1,B102,,,
Istoría Imprint of Planeta Corporacion S.R.L,istora-imprint-of-planeta-corporacion-srl,Spain,Halle 3.1,D98,,,
ist publishing,ist-publishing,Ukraine,Halle 3.1,C13,,,
ITMB Publishing Ltd.,itmb-publishing-ltd-17bfbec0,Canada,Halle 5.0,B109,,,
ITM your professional publishing partner,itm-your-professional-publishing-partner,Germany,Halle 3.1,D1,,,
IUDICIUM Verlag GmbH,iudicium-verlag-gmbh-9de53537,Germany,Halle 3.0,G93,,,
IYAGIKOT,iyagikot,Republic of Korea,Halle 5.1,A143,,,
"""Iztok-Zapad TM"" Ltd.",iztok-zapad-tm-ltd,Bulgaria,Halle 3.1,B19,,,
JABberwocky Literary Agency,jabberwocky-literary-agency,United States,Halle 1.2,LitAg,,,
Jaca Book Srl,jaca-book-srl,Italy,Halle 3.1,D134,,,
Jacarandá,jacarand,Portugal,Halle 3.1,F139,,,
"Jaeum & Moeum Publishing Co., Ltd.",jaeum--moeum-publishing-co-ltd,Republic of Korea,Halle 5.1,A143,,,
Jagiellonian University - Jagiellonian University Press,wydawnictwo-uniwersytetu-jagiellonskiego,Poland,Halle 3.1,B54,,,
Jagiellonski Instytut Wydawniczy sp. z o.o.,jagiellonski-instytut-wydawniczy,Poland,Halle 3.1,B54,,,
Jaja Verlag,jaja-verlag,Germany,Halle 4.0,A76,,,
"Jakga Media Co., Ltd.",jakga-media-co-ltd,Republic of Korea,Halle 5.1,A157,,,
Jalall D'or GmbH,jalall-dor-gmbh,Germany,Halle 5.0,E118,,,
JAMA Network,jama-network-5757f978,United States,Halle 4.1,D90,,,
Jane Hell / Jane Meyers,jane-hell--jane-meyers,Germany,Festhalle,B45,,,
Jane Novak Literary Agency,jane-novak-literary-agency,Australia,Halle 1.2,LitAg,,,
"Jane Rotrosen Agency, LLC",jane-rotrosen-agency-llc-8c12f31d,United States,Halle 1.2,LitAg,,,
Jane Southern Ltd.,jane-southern-ltd-763188b5,United Kingdom,Halle 1.2,LitAg,,,
Jane Starr Literary Scouts,jane-starr-literary-scouts-3a643e14,United States,Halle 1.2,LitAg,,,
Janet 45,janet-45,Bulgaria,Halle 3.1,B19,,,
Janklow & Nesbit (UK) Ltd.,janklow--nesbit-uk-ltd-de0c47bd,United Kingdom,Halle 1.2,LitAg,,,
Japan Book Bank - VIPO,japan-book-bank---vipo,Japan,Halle 4.2,F34,Christopher Nakamura,Japan Book Bank - VIPO,
Japan Book Bank - VIPO,japan-book-bank---vipo,Japan,Halle 4.2,F34,Mariko Sakata,Japan Book Bank - VIPO,
Japan Book Bank - VIPO,japan-book-bank---vipo,Japan,Halle 4.2,F34,Akari Shimizu,Japan Book Bank - VIPO,
Japan Book Bank - VIPO,japan-book-bank---vipo,Japan,Halle 4.2,F34,Yasuhito Uchijima,Japan Book Bank - VIPO,General Manager
Japan Book Publishers Association,japan-book-publishers-association,Japan,Halle 4.2,F34,Yoshiaki Yoshino,Japan Book Publishers Association,
Japan Creative Agency,japan-creative-agency,Japan,Halle 1.2,LitAg,,,
"Japan Uni Agency, Inc.",japan-uni-agency-inc-3cb51e3e,Japan,Halle 1.2,LitAg,,,
Jap Sam Books,jap-sam-books-c311b7af,Netherlands,Halle 3.0,G127,,,
Jasmin Baur Autorin,autorin-jasmin-baur,Germany,Festhalle,A76,,,
Jast Company Limited,jast-company-limited,China,Halle 4.2,K60,Lena Chen,Jast Company Limited,Sales
Jast Company Limited,jast-company-limited,China,Halle 4.2,K60,Sammy He,Jast Company Limited,BD
Jast Company Limited,jast-company-limited,China,Halle 4.2,K60,Kobe Leung,Jast Company Limited,Bussiness Development Manager
Jast Company Limited,jast-company-limited,China,Halle 4.2,K60,YALING QIAN,Jast Company Limited,Sales Manager
Jast Company Limited,jast-company-limited,China,Halle 4.2,K60,LINGYU ZHANG,Jast Company Limited,
Jaypee Brothers Medical Publishers (Pvt.) Ltd.,jaypee-brothers-medical-publishers-pvt-ltd-0267813f,India,Halle 4.1,C100,,,
J.B. Metzler,jb-metzler-85182ba9,,Halle 4.1,E16,,,
JC Lattès (part of Hachette Livre),jean-claude-latts-subsidiary-of-hachette-livre-sa,France,Halle 3.1,H59,,,
Jeanette Lagall,schicksalsweber--jeanette-lagall,Germany,Halle 4.0,H103,,,
Jeff Webber Agency Inc,jeff-webber-agency-inc-5bea7311,United States,Halle 3.1,H23 / Comics Business Centre,,,
Jelenkor Kiadó,jelenkor-kiad,Hungary,Halle 3.1,C34,,,
Jelgavas Tipografija Ltd.,jelgavas-tipografija-ltd-75f99061,Latvia,Halle 3.0,H157,,,
Jemma McDonagh Agency,jemma-mcdonagh-agency,United Kingdom,Halle 1.2,LitAg,,,
Jenny Fischer,jenny-fischer,Germany,Halle 4.0,J62,,,
"Jenny La Plante, Inc. Literary Scouts",jenny-la-plante-inc-literary-scouts-4b489d6a,United States,Halle 1.2,LitAg,,,
"Jenny Meyer Literary Agency, Inc.",jenny-meyer-literary-agency-inc-b0d97788,United States,Halle 1.2,LitAg,,,
Jeux de Couleur Limited,jeux-de-couleur-limited,United Kingdom,Halle 5.1,D110,Lisa COLETTI,Jeux de Couleur Limited,
Jeux de Couleur Limited,jeux-de-couleur-limited,United Kingdom,Halle 5.1,D110,Becky Nastou,Jeux de Couleur Limited,
"Jiangsu Changjiang Printing Co., Ltd.",jiangsu-changjiang-printing-co-ltd,China,Halle 3.0,G53,,,
"Jieli Publishing House Co., Ltd.",jieli-publishing-house-co-ltd,China,Halle 5.1,D147,,,
"Jilin Education Press Co., Ltd",jilin-education-press-co-ltd,China,Halle 5.1,D147,,,
"Jilin Fine Arts Publishing House Co., Ltd.",jilin-fine-arts-publishing-house-co-ltd,China,Halle 5.1,D147,,,
"Jilin Northeast Asia Publishing and Media Group Co., Ltd.",jilin-northeast-asia-publishing-and-media-group-co-ltd,China,Halle 5.1,D147,,,
"Jilin Publishing Group Co.,Ltd.",jilin-publishing-group-coltd,China,Halle 5.1,D147,,,
Jilin Science And Technology Publishing House,jilinscienceandtechnologypublishing-house,China,Halle 5.1,D147,,,
"Jin Piin Chee Yea Co., Ltd.",jin-piin-chee-yea-co-ltd,Thailand,Halle 5.1,A113,,,
Jiri Models a.s.,jiri-models-as,Czechia,Halle 4.2,K94,,,
"Jitsugyo no Nihon Sha, Ltd",jitsugyo-no-nihon-sha-ltd,Japan,Halle 4.2,F34,,,
"Jiuzhou Press Co., Ltd.",jiuzhou-press-co-ltd,China,Halle 5.1,D147,,,
Jobboard - Frankfurter Buchmesse GmbH,jobboard---frankfurter-buchmesse-gmbh,Germany,Halle 4.1,A86,,,
John Beaufoy Publishing Ltd.,john-beaufoy-publishing-ltd,United Kingdom,Halle 4.2,J8,,,
John Benjamins Publishing Company,john-benjamins-publishing-company-7930f29f,Netherlands,Halle 4.1,D78,,,
John Marshall Sound Inc.,john-marshall-sound-inc,United States,Halle 4.1,K16,John Marshall,John Marshall Sound Inc.,CEO
John Marshall Sound Inc.,john-marshall-sound-inc,United States,Halle 4.1,K16,Kevin Stillwell,John Marshall Sound Inc.,Head of Indie Production & Distribution
Johns Hopkins University Press,johns-hopkins-university-press-f9b776b5,United States,Halle 5.1,C97,,,
Johnson & Alcock Ltd.,johnson--alcock-ltd-c6c492bb,United Kingdom,Halle 1.2,LitAg,,,
"John Wiley & Sons, Inc.",john-wiley--sons-inc-23fec0dd,United States,Halle 4.1,D16,Simone Tremmel,"John Wiley & Sons, Inc.",Senior Global Events Manager
"John Wiley & Sons, Inc.",john-wiley--sons-inc-23fec0dd,United States,Halle 4.1,D16,Amanda Heath,"John Wiley & Sons, Inc.",Director of Event Operations
Joint Publishing (Hong Kong) Company Limited,joint-publishing-hong-kong-company-limited,Hong Kong,Halle 5.1,D121,,,
Jolly Learning Ltd.,jolly-learning-ltd-998c12b1,United Kingdom,Halle 5.1,C88,,,
Jonathan Ball Publishers,jonathan-ball-publishers,South Africa,Halle 5.1,C67,,,
Jones & Bartlett Learning,jones--bartlett-learning-638feac6,United States,Halle 4.1,F95,,,
Josef Weber,josef-weber,Germany,Festhalle,A43,,,
Josh McDowell Ministry  Part of Campus Crusade for Christ Inc.,josh-mcdowell-ministry--part-of-campus-crusade-for-christ-inc-232c6ecd,United States,Halle 4.2,C98,,,
JOTA Publishing House,jota-publishing-house,Czechia,Halle 3.1,C65,,,
JoVE,jove,United Kingdom,Halle 4.1,G86,,,
Joy Gift Publishing Ltd.,susanna-geoghegan-sjg-publishing-990ab23b,United Kingdom,Halle 4.2,G66,,,
"JS Agency Co., Ltd",js-agency-co-ltd-2641b3f2,Taiwan,Halle 4.2,A89,,,
Jstor,jstor--portico-division-of-ithaka-harbors,United States,Halle 4.2,H79,Cristina Mezuk,ITHAKA/JSTOR,Publisher Relations and Books Manager
Jstor,jstor--portico-division-of-ithaka-harbors,United States,Halle 4.2,H79,Roger Schonfeld,JSTOR,"Managing Director, JSTOR Stewardship"
Jstor,jstor--portico-division-of-ithaka-harbors,United States,Halle 4.2,H79,Dawn Tomassi,JSTOR,"Regional Manager, Agents & Special Programs"
Julia Eisele Verlags GmbH,julia-eisele-verlags-gmbh,Germany,Halle 3.0,A90,,,
Jundo SRL,jundo-srl,Italy,Halle 3.1,J23 / Comics Business Centre,,,
Jung und Jung KG,jung-und-jung-kg-1e842c18,Austria,Halle 5.0,D15,,,
juni.com GmbH,junicom-gmbh-748562e9,Germany,Halle 3.0,A111,,,
Jupitermond Verlag GbR,jupitermond-verlag--schneckgtz-gbr,Germany,Halle 4.0,A16,,,
Just Right Srl,just-right-srl,Italy,Halle 3.1,B134,,,
Just. Verlag,just-verlag,Germany,Halle 3.0,B9,,,
K2 Literary,k2-literary-3ec70f41,Canada,Halle 1.2,LitAg,,,
Kadokawa Corporation,kadokawa-corporation,Japan,Halle 4.2,F34,,,
Kalachuvadu Publications (Pvt.) Ltd.,kalachuvadu-publications-pvt-ltd,India,Halle 4.2,K6,,,
Kalandraka Editora S.L.,kalandraka-editora-sl,Spain,Halle 3.1,D135,,,
Kaléidoscope (part of L'école des loisirs group),editions-kalidoscope,France,Halle 3.1,H96,,,
Kalem Agency,kalem-agency-4898e87d,Türkiye,Halle 1.2,LitAg,,,
Kalendergalerie - Gemeinschaftsstand der IG Kalender im Börsenverein des Deutschen Buchhandels e.V.,kalendergalerie---gemeinschaftsstand-der-ig-kalender-im-brsenverein-des-deutschen-buchhandels-ev,Germany,Halle 3.0,F61,,,
Kalligram Könyvkiadó,kalligram-knyvkiad,Hungary,Halle 3.1,C34,,,
KALOS Lederwaren Kuno Preßl GmbH + Co. KG,kalos-lederwaren-kuno-prel-gmbh--co-kg-38b0bba2,Germany,Halle 5.0,D151,,,
Kamphausen Media GmbH,kamphausen-media-gmbh,Germany,Halle 5.0,E41,,,
Kando Verlag GmbH,kando-verlag-gmbh-1cb089c4,Germany,Halle 3.0,H68,,,
Karavan Cocuk Yayinevi Danismanlik,karavan-cocuk-yayinevi-danismanlik,Türkiye,Halle 3.1,G70,,,
Karin Fischer Verlag GmbH,karin-fischer-verlag-gmbh,Germany,Halle 3.0,G93,,,
Karl-May-Verlag GmbH,karl-may-verlag-gmbh-83d0ec0f,Germany,Halle 3.0,C1,,,
Karl Rauch Verlag GmbH & Co. KG,karl-rauch-verlag-gmbh--co-kg-732fe58c,Germany,Halle 3.0,B73,,,
Karolinger Verlag,karolinger-verlag-01c4e010,Austria,Halle 3.0,C133,,,
"Karolinum Press, Charles University",karolinum-press-charles-university,Czechia,Halle 3.1,C65,,,
Katai & Bolza Literary Agents,ktai--bolza-irodalmi-gynksg-bt-literary-agents-c94e52d7,Hungary,Halle 1.2,LitAg,,,
Katapult-Magazin gGmbH,katapult-magazin-ggmbh-3f957be2,Germany,Halle 3.0,D106,,,
Kate Hordern Literary Agency Ltd.,kate-hordern-literary-agency-ltd-3312cae6,United Kingdom,Halle 1.2,LitAg,,,
Katholischer Medienverband e.V.,katholischer-medienverband-ev-7f99bd53,Germany,Halle 3.0,G65,,,
Katzenjammerpins / Christian Olbrich,katzenjammerpins--christian-olbrich,Germany,Halle 4.0,B96,,,
"Kaufmann, Schäfer Literaturagentur GmbH & Co. KG",kaufmann-schfer-literaturagentur-gmbh--co-kg,Germany,Halle 1.2,LitAg,,,
KAVKA ART BOOKS,kavka-art-books,Czechia,Halle 3.1,C65,,,
Kawohl Verlag Gmbh & Co.KG,kawohl-verlag-gmbh--cokg,Germany,Halle 3.0,F61,,,
"Kazmaz Matbaacilik, Print Center",kazmaz-matbaacilik-print-center,Türkiye,Halle 3.1,D82,,,
KeAi,keai,China,Halle 4.1,F90,,,
Keeperton,keeperton,Australia,Halle 5.1,D94,,,
Keeperton,keeperton-545b24a4,Australia,Festhalle,B38,,,
Kehrer Verlag,kehrer-verlag,Germany,Halle 3.0,G93,Angela Blažanović,Kehrer Verlag,
Kehrer Verlag,kehrer-verlag,Germany,Halle 3.0,G93,Sandra Dürdoth,Kehrer Verlag,Auslandsvertrieb
Keil & Keil Literatur-Agentur,keil--keil-literatur-agentur-6ff8b2a8,Germany,Halle 1.2,LitAg,,,
Kein & Aber AG,kein--aber-ag-3aaaf3e7,Switzerland,Halle 3.0,E110,,,
"Kelly Farber Literary Scouting, LLC",kelly-farber-literary-scouting-llc-2243202a,United States,Halle 1.2,LitAg,,,
KENAZ,kenaz,Republic of Korea,Halle 3.1,H23 / Comics Business Centre,Yuna Son,KENAZ,
KENAZ,kenaz,Republic of Korea,Halle 3.1,H23 / Comics Business Centre,Seonjeong Lee,KENAZ,
KENAZ,kenaz,Republic of Korea,Halle 3.1,H23 / Comics Business Centre,Woojae Lee,KENAZ,
KENAZ,kenaz-d4a31cb3,Republic of Korea,Halle 3.1,J23 / Comics Business Centre,,,
Kensington Publishing Corp.,kensington-publishing-corp-af2cf02c,United States,Halle 5.1,C36,,,
Kero,ditions-kero,France,Halle 3.1,H59,,,
Kétos Verlag e.U. - Cikán Ondrej,ktos-verlag,Austria,Halle 3.1,C58,Ondrej Cikan,Kétos Verlag e.U. - Cikán Ondrej,
KGL Accucoms & Sheridan,knowledgeworks-global-ltdsheridan,United States,Halle 4.1,G100,Ninushka Dcunha,KGL Accucoms & Sheridan,Marketing Coordinator
KGL Accucoms & Sheridan,knowledgeworks-global-ltdsheridan,United States,Halle 4.1,G100,Mike Groth,KGL Accucoms & Sheridan,Director of Marketing
Kibea Publishing Company,kibea-publishing-company,Bulgaria,Halle 3.1,B19,,,
Kibitz Verlag  Michael Groenewald u. Sebastian Oehler Comicverlag GbR,kibitz-verlag--michael-groenewald-u-sebastian-oehler-comicverlag-gbr-7a14b1b5,Germany,Halle 4.0,B19,,,
Kids Can Press Ltd.,kids-can-press-ltd-cdcd2cce,Canada,Halle 4.2,H28,Alison Lapp,Kids Can Press Ltd.,Sales and Rights Manager
Kids Can Press Ltd.,kids-can-press-ltd-cdcd2cce,Canada,Halle 4.2,H28,Amelie Roberge,Kids Can Press Ltd.,
KILLROY media Verlag,killroy-media-0f77df76,Germany,Halle 3.0,B47,,,
Kilowatt,kilowatt-editions,France,Halle 3.1,J131,,,
Kim Dong Publishing House,kim-dong-publishing-house-28fab1a5,Viet Nam,Halle 5.1,B111,Thi Nhan Pham,Kim Dong Publishing House,Foreign Rights Executives
Kimerik Srl,casa-editrice-kimerik,Italy,Halle 3.1,B102,,,
Kim Inked,kim-inked,Germany,Festhalle,B36,,,
Kindberg,kindberg,Chile,Halle 3.1,F102,,,
KINDERLAND,kinderland,Republic of Korea,Halle 5.1,A143,,,
Kindermann Verlag,kindermann-verlag-64800aa4,Germany,Halle 4.0,C24,,,
Kinesis Publishing GmbH,kinesis-publishing-gmbh,Austria,,,,,
"KINSEIDO Publishing Co., Ltd.",kinseido-publishing-co-ltd,Japan,Halle 4.1,B78,,,
Kira Kira Pop Art Events,kira-kira-pop-art-events,Germany,Halle 4.1,J79,Kira Kira Pop Art,Kira Kira Pop Art Events,
KITABOO,bookit-digital-technologies-private-limited,India,Halle 4.1,H77,Bala Ayyaswaami,KITABOO,Vice President - Marketing
KITABOO,bookit-digital-technologies-private-limited,India,Halle 4.1,H77,Moula-Ali Choudhri,KITABOO,AVP - Product Management
KITABOO,bookit-digital-technologies-private-limited,India,Halle 4.1,H77,Akshay Nair,KITABOO,
KITABOO,bookit-digital-technologies-private-limited,India,Halle 4.1,H77,Darshit Piyush Shah,KITABOO,Senior Manager - Marketing
KITABOO,bookit-digital-technologies-private-limited,India,Halle 4.1,H77,Jaisson Simon,KITABOO,Account Executive
KITABOO,bookit-digital-technologies-private-limited,India,Halle 4.1,H77,Vinod Vijayan,KITABOO,
KITABOO,bookit-digital-technologies-private-limited,India,Halle 4.1,H77,Suganya Gunasekar,KITABOO,
KITABOO,bookit-digital-technologies-private-limited,India,Halle 4.1,H77,Randhir Moola,KITABOO,
Kite Edizioni SRL,kite-edizioni,Italy,Halle 3.1,B102,Laura Costa,Kite Edizioni SRL,Rights Manager
KiVVON Media GmbH,kivvon-media-gmbh,Germany,Halle 4.0,J67,,,
kiwi space bei Kiepenheuer & Witsch GmbH & Co. KG,kiwi-sphere-bei-kiepenheuer--witsch-gmbh--co-kg-0cfc6952,Germany,Festhalle,B93,,,
kiwi space bei Kiepenheuer & Witsch GmbH & Co. KG,kiwi-space-bei-kiepenheuer--witsch-gmbh--co-kg,Germany,Halle 5.0,C35,,,
Kjona Verlag GmbH,kjona-verlag-gmbh,Germany,Halle 3.0,C120,,,
KLAK Verlag,klak-verlag-e959b0dc,Germany,Halle 3.0,C40,,,
Klangkantine Audiobooks,klangkantine-audiobooks,Germany,Halle 4.1,J23,Chris Kling,Klangkantine Audiobooks,CEO
Klangschalen-Center GmbH,klangschalen-center-gmbh,Germany,Halle 5.0,E118,Horst Oberle,Klangschalen-Center GmbH,Inhaber
Klett-Cotta J. G. Cotta´sche Buchhandlung Nachfolger GmbH,verlag-klett-cotta-jg-cottasche-buchhandlung-nachfolger-gmbh-d5f6206d,Germany,Halle 3.0,D144,Verena Knapp,Klett-Cotta J. G. Cotta´sche Buchhandlung Nachfolger GmbH,stellv. Presseleiterin / Veranstaltungen
Klett-Cotta J. G. Cotta´sche Buchhandlung Nachfolger GmbH,verlag-klett-cotta-jg-cottasche-buchhandlung-nachfolger-gmbh-d5f6206d,Germany,Halle 3.0,D144,Mareike Rhiemeier,Klett-Cotta J. G. Cotta´sche Buchhandlung Nachfolger GmbH,Pressereferentin
Klett-Cotta J. G. Cotta´sche Buchhandlung Nachfolger GmbH,verlag-klett-cotta-jg-cottasche-buchhandlung-nachfolger-gmbh-d5f6206d,Germany,Halle 3.0,D144,Sophie Intelisano,Klett-Cotta J. G. Cotta´sche Buchhandlung Nachfolger GmbH,Presse / Social Media
Klett Kinderbuch Verlag GmbH,klett-kinderbuch-verlag-gmbh-10f170f7,Germany,Halle 4.0,C8,,,
Klett Kinderbuch Verlag GmbH,klett-kinderbuch-verlag-gmbh,Germany,Halle 5.0,C87,,,
"Klett Lerntraining, PONS Langenscheidt GmbH",klett-lerntraining-pons-langenscheidt-gmbh,Germany,Halle 3.0,F33,,,
Klett Verlagsservice GmbH,klett-handelsvertrieb-stuttgarter-verlagskontor-svk-gmbh,Germany,Halle 3.0,F33,,,
Klever Verlag,klever-verlag,Austria,Halle 5.0,E13,,,
Klopotek & Partner GmbH,klopotek-gmbh,Germany,Halle 4.1,H36,,,
Knapp Verlag AG,knapp-verlag-ag,Switzerland,Halle 3.0,C98,Thomas Knapp,Knapp Verlag AG,Verleger
Knigolove LLC,knigolove-llc,Ukraine,Halle 3.1,C13,,,
Knigomania Ltd.,knigomania-ltd,Bulgaria,Halle 3.1,B19,,,
knk Business Software AG,knk-business-software-ag-25228048,Germany,Halle 4.1,F2,Jannis Baltuttis,knk Business Software AG,Digital Transformation Consultant
knk Business Software AG,knk-business-software-ag-25228048,Germany,Halle 4.1,F2,Marlo Bornholdt,knk Business Software AG,Presales Consultant
knk Business Software AG,knk-business-software-ag-25228048,Germany,Halle 4.1,F2,Thomas Bussmann,knk Business Software AG,
knk Business Software AG,knk-business-software-ag-25228048,Germany,Halle 4.1,F2,Nele Dageförde,knk Business Software AG,Business Development Consultant
knk Business Software AG,knk-business-software-ag-25228048,Germany,Halle 4.1,F2,Claudia Knauss,knk Business Software AG,Senior Consultant
knk Business Software AG,knk-business-software-ag-25228048,Germany,Halle 4.1,F2,Katharina Martin,knk Business Software AG,Kampagnenmanager
knk Business Software AG,knk-business-software-ag-25228048,Germany,Halle 4.1,F2,Paulina Meissner,knk Business Software AG,
knk Business Software AG,knk-business-software-ag-25228048,Germany,Halle 4.1,F2,Liv Quaschning,knk Business Software AG,Marketing Manager
knk Software LP,knk-software-lp,United States,,,,,
Knowledge E,knowledge-e,United Arab Emirates,Halle 4.1,H97,,,
Knowledge Hub - Frankfurter Buchmesse,knowledge-hub---frankfurter-buchmesse,Germany,Halle 4.1,J100,,,
Knowledge World Company for Digital Content,knowledge-world-company-for-digital-content,Jordan,Halle 4.1,G27,Meqdad Al-Khazendar,Knowledge World Company for Digital Content,Global Markets Lead
Knowledge World Company for Digital Content,knowledge-world-company-for-digital-content,Jordan,Halle 4.1,G27,Ziad Al Smadi,Knowledge World Company for Digital Content,Business Development Director for Asia & Arab Region
Koch International GmbH,koch-international-gmbh,Austria,Halle 5.0,D15,,,
Kodansha Ltd.,kodansha-ltd,Japan,Halle 4.2,F34,,,
Kodeit Publication LLC,kodeit-publishing-llc,United Arab Emirates,Halle 4.1,C90,Oussama Moallem,Kodeit Publication LLC,"Regional Director, Academics"
Kodeit Publication LLC,kodeit-publishing-llc,United Arab Emirates,Halle 4.1,C90,Shweta Sharma,Kodeit Publication LLC,"Director, Marketing"
Koja Agency - Natur & Kultur Media i Stockholm AB,koja-agency,Sweden,Halle 1.2,LitAg,,,
Kolibri Beteiligung GmbH,kolibri-beteiligung-gmbh,Germany,Halle 4.1,J79 / Workstation,,,
Kolibri Kiadó,kolibri-kiad,Hungary,Halle 3.1,C34,,,
KO Media Management LLC,ko-media-management-llc,United States,Halle 1.2,LitAg,Veronica Grijalva,KO Media Management LLC,International Licensing Manager
Konfuzius-Institut Frankfurt e.V.,konfuzius-institut-frankfurt-ev-2e5bd9c6,Germany,Halle 3.0,H21,,,
"KONG & PARK USA, Inc.",kong--park-inc,United States,Halle 4.2,D76,,,
Königsfurt-Urania Verlag GmbH,knigsfurt-urania-verlag-gmbh-ef9f2db6,Germany,Halle 5.0,B123,,,
Konkursbuch Verlag Claudia Gehrke,konkursbuch-verlag-claudia-gehrke-b1d96224,Germany,Halle 3.0,B69,Sophie Voigtmann,Konkursbuch Verlag Claudia Gehrke,
"Konstanz University Press, Imprint des Wallstein Verlags",konstanz-university-press-imprint-des-wallstein-verlags-fd39b8d6,Germany,Halle 3.0,C139,,,
Kontrast-Verlag,kontrast-verlag-d907e3f5,Germany,Halle 3.0,E132,,,
Konumpan Ediciones Limitada,konumpan-ediciones-limitada,Chile,Halle 3.1,F102,,,
Koolibri Publishing House,koolibri-publishing-house,Estonia,Halle 3.1,B34,,,
KOPA PRINTING,udlab-kopa,Lithuania,Halle 3.0,J146,Gintaras Ašakėnas,KOPA PRINTING,Export Manager
KOPA PRINTING,udlab-kopa,Lithuania,Halle 3.0,J146,Liepa Malavickaite,KOPA PRINTING,Export Manager
KOPA PRINTING,udlab-kopa,Lithuania,Halle 3.0,J146,Aistė Mudėnaitė,KOPA PRINTING,Head of Sales
Koral Books,koral-books,India,Halle 4.2,A90,,,
Korea Creative Content Agency,korea-creative-content-agency,Republic of Korea,Halle 5.1,A127,Yun Seohyun,Korea Creative Content Agency,
Korea Creative Content Agency,korea-creative-content-agency,Republic of Korea,Halle 5.1,A127,Seohyun Yun,Korea Creative Content Agency,
Korea Creative Content Agency,korea-creative-content-agency,Republic of Korea,Halle 5.1,A127,SEO HYUN YUN,Korea Creative Content Agency,
Korea Creative Content Agency,korea-creative-content-agency,Republic of Korea,Halle 5.1,A127,KOMICS GERMANY 2026 Secretariat,Korea Creative Content Agency,
Korea Magazine Association (KMA),korea-magazine-association-kma,Republic of Korea,Halle 5.1,A143,,,
Korean Printers Association,korean-printers-association-8ae757d6,Republic of Korea,Halle 4.2,K36,,,
Korean Publishers Association,korean-publishers-association-554df641,Republic of Korea,Halle 5.1,A157,,,
"KOREA PIAGET Co., Ltd.",korea-piaget-co-ltd,Republic of Korea,Halle 5.1,B165,INAE WANG,"KOREA PIAGET Co., Ltd.",Team Leader
Körner Medienservice,krner-medienservice-57c65c83,Germany,Halle 4.0,C34,,,
Körner Medien UG - Oberstebrink/Burckhardthaus,krner-medien-ug---oberstebrinkburckhardthaus-b10c2ea2,Germany,Halle 4.0,C30,,,
Korrektur Verlag,korrektur-verlag,Austria,Halle 5.0,E13,,,
Korsch Verlag GmbH & Co. KG,korsch-verlag-gmbh--co-kg,Germany,Halle 3.0,F61,,,
Kovyla Publishing,kovyla-publishing,Ukraine,Halle 3.1,C13,,,
Kraterleuchten GmbH,kraterleuchten-gmbh-3f642f34,Germany,Halle 3.0,B56,,,
Kraus Verlag,kraus-verlag,Germany,Halle 4.0,C48,,,
Kravitz&Sons LLC.,kravitzsons-llc,United States,Halle 4.2,M12,,,
Kremart Edition S.a.r.l.,kremart-edition-sarl,Luxembourg,Halle 3.0,F98,,,
"Kt Literary, llc.",kt-literary-llc-4a94b422,United States,Halle 1.2,LitAg,,,
Kubrick,kubrick,Hong Kong,Halle 5.1,D121,,,
KUD Sodobnost International,kud-sodobnost-international-6f827f50,Slovenia,Halle 3.1,C35,,,
KUKT - Kultur- und Kunstverein Trier e. V.,kukt---kultur--und-kunstverein-trier-e-v,Germany,Halle 3.0,E160,,,
Kultura,kultura,North Macedonia,Halle 3.1,B12,,,
Kulturalis Ltd.,kulturalis-ltd,United Kingdom,Halle 4.2,D57,Sara Callard,Kulturalis Ltd.,
Kulturalis Ltd.,kulturalis-ltd,United Kingdom,Halle 4.2,D57,Sherif Dhaimish,Kulturalis Ltd.,Sales Director
Kulturalis Ltd.,kulturalis-ltd,United Kingdom,Halle 4.2,D57,Thom Baylay,Kulturalis Ltd.,Head of Operations and Strategy
Kulturalis Ltd.,kulturalis-ltd,United Kingdom,Halle 4.2,D57,Jenny McKinley,Kulturalis Ltd.,Business Development Director
Kulturalis Ltd.,kulturalis-ltd,United Kingdom,Halle 4.2,D57,Neil Titman,Kulturalis Ltd.,Managing Director
Kulturalis Ltd.,kulturalis-ltd,United Kingdom,Halle 4.2,D57,Matt Wilson,Kulturalis Ltd.,Art Director
Kultur | lx - Arts Council Luxembourg,kultur--lx---arts-council-luxembourg-48dc8fe0,Luxembourg,Halle 3.0,F98,Brian Bailey,Kultur | lx - Arts Council Luxembourg,Project Manager
Kultur | lx - Arts Council Luxembourg,kultur--lx---arts-council-luxembourg-48dc8fe0,Luxembourg,Halle 3.0,F98,Michal Grabowski,Kultur | lx - Arts Council Luxembourg,Head of Department
Kulturverlag Kadmos Berlin,kulturverlag-kadmos-berlin-363c25c7,Germany,Halle 3.0,B74,,,
Kultuurileht,kultuurileht,Estonia,Halle 3.1,B34,,,
Kumon Publishing North America,kumon-publishing-north-america-d0112c7e,United States,Halle 4.2,B65,Brian Klingborg,Kumon Publishing North America,Senior Vice President
kunstanstifter Verlag GmbH + Co. KG,kunstanstifter-verlag-gmbh--co-kg,Germany,Halle 3.0,B95,,,
Kunst & Literatur Handelsgesellschaft,kunst--literatur-handelsgesellschaft-6c7e32fb,Germany,Halle 3.0,C137,,,
Kunststiftung NRW,kunsstiftung-nrw,Germany,Halle 5.0,C115,,,
Kunst- und Versandbuchhandel M. u. Th. Müth  Buchkunst Müth,kunst--und-versandbuchhandel-m-u-th-mth--buchkunst-mth,Germany,Halle 3.0,H146,,,
Kupido Literaturverlag,kupido-literaturverlag,Germany,Halle 3.0,B82,,,
"Kurdistan Regional Government, Ministry of Culture and Youth",kurdistan-regional-government-ministry-of-culture-and-youth,Germany,Halle 5.1,A20,Yousef Mohammad - Mantk,"Kurdistan Regional Government, Ministry of Culture and Youth",
Kürschners Politikkontakte NDV GmbH & Co. KG,krschners-politikkontakte-ndv-gmbh--co-kg-1123a1a3,Germany,Halle 3.0,D52,,,
Kurt Wolff Stiftung zur Förderung einer vielfältigen Verlags- und Literaturszene,kurt-wolff-stiftung-zur-frderung-einer-vielfltigen-verlags--und-literaturszene,Germany,Halle 3.0,C83,,,
KuseVerlag Gisela Kalow e. Kfr.,kuseverlag-gisela-kalow-e-kfr-c254793f,Germany,Halle 4.1,J79 / Workstation,Annelie Eichhorn-Adler,KuseVerlag Gisela Kalow e. Kfr.,Moderatorin und Autorin
Ku Worldwide,ku-worldwide,United States,Halle 3.1,H23 / Comics Business Centre,,,
Kynos Verlag Dr. Dieter Fleig GmbH,kynos-verlag-dr-dieter-fleig-gmbh,Germany,Halle 3.0,G93,,,
Kyss - Rowohlt Verlag GmbH,kyss--rowohlt-verlag-gmbh,Germany,Festhalle,B93,Jessica Czerner,Kyss - Rowohlt Verlag GmbH,
Laboratory Publishing House,laboratory-publishing-house,Ukraine,Halle 3.1,C13,,,
Labyrint & Raketa,labyrint--raketa,Czechia,Halle 3.1,C65,,,
La Coccinella S.r.l.,la-coccinella-srl-00524baf,Italy,Halle 3.1,B139,,,
La Découverte (part of Editis),editions-la-dcouverte-sa,France,Halle 3.1,H59,,,
La Fabrique,la-fabrique-ditions,France,Halle 3.1,G125,,,
L'Agrume (part of Editis),lagrume,France,Halle 3.1,H96,,,
Laguna Libros,laguna-libros,Colombia,Halle 3.1,E83,,,
Lake Press Pty Ltd.,lake-press-pty-ltd-91f7f559,Australia,Halle 4.2,M77,,,
LAMA - Books for curious minds,lama---books-for-curious-minds,Israel,Halle 3.1,A15,,,
"La Maleta Ediciones, S.L.",la-maleta-ediciones-sl,Spain,Halle 3.1,D135,,,
La Martinière Jeunesse (part of Media Participations),la-martinire-jeunesse,France,Halle 3.1,H125,,,
La Martinière (part of Media Participations),la-martinire,France,Halle 3.1,H125,,,
La Modernidad Editorial,la-modernidad-editorial,Uruguay,Halle 3.1,E53,Diego Vázquez,La Modernidad Editorial,Editorial Director
Lampara Publishing House,lampara-publishing-house-inc,Philippines,Halle 5.1,A95,,,
Lampion Könyvek Kiadó,lampion-knyvek-kiad,Hungary,Halle 3.1,C34,,,
Land Niederösterreich Literaturedition Niederösterreich Abteilung Kunst und Kultur,land-niedersterreich-literaturedition-niedersterreich-abteilung-kunst-und-kultur-68e8726f,Austria,Halle 5.0,E35,,,
Langenbuch Gerez Weiß GbR,langenbuch--wei-literaturagentur-3082ec0a,Germany,Halle 1.2,LitAg,,,
Langen Müller Verlag GmbH,langen-mller-verlag-gmbh-06962921,Germany,Halle 4.0,D55,Christian Raap,Langen Müller Verlag GmbH,"Produktmanager, Pressesprecher"
"Langenscheidt, PONS Langenscheidt GmbH",langenscheidt-pons-langenscheidt-gmbh,Germany,Halle 3.0,F33,,,
Langscape Language Solutions Private Limited,langscape-language-solutions-private-limited,India,Halle 4.1,C75,,,
Lannoo Publishers (Imprint of Uitgeverij Lannoo NV),lannoo-publishers-imprint-of-uitgeverij-lannoo-nv-cd645548,Belgium,Halle 3.0,F143,,,
La Nouvelle Agence s.a.r.l.,la-nouvelle-agence-sarl-21f22991,France,Halle 1.2,LitAg,,,
Lansdowne Literary Scouting Agency,lansdowne-literary-scouting-agency,United Kingdom,Halle 1.2,LitAg,,,
La Peuplade - 9255-6604 Québec Inc.,editions-la-peuplade,Canada,Halle 3.1,F85,,,
Lapis Edizioni SRL di R. Punzi E C.,lapis-edizioni-snc-di-r-punzi-e-c,Italy,Halle 3.1,B102,,,
La Pollera Ediciones,la-pollera-ediciones,Chile,Halle 3.1,F102,Simón Ergas,La Pollera Ediciones,Editorial director
La Poule qui pond,la-poule-qui-pond,France,Halle 3.1,J131,,,
Lappan Verlag in der Carlsen Verlag GmbH,lappan-verlag-in-der-carlsen-verlag-gmbh-5874cf7f,Germany,Halle 3.0,F61,,,
L'Archipel (part of Editis),larchipel-part-of-editis,France,Halle 3.1,H59,,,
Lars Müller Publishers GmbH,lars-mller-publishers-gmbh-9530ed28,Switzerland,Halle 3.0,G142,,,
Lars Müller Publishers GmbH,lars-mller-publishers-gmbh-e8f00dc1,Switzerland,Halle 3.0,F97,,,
Latam Stage - Frankfurter Buchmesse,latam-stage---frankfurter-buchmesse,Germany,Halle 3.1,F70,,,
Lateo Media,lateo-media,Spain,Halle 4.2,K31,Maider Idiazabal,Lateo Media,Business Development Coordinator
Lateo Media,lateo-media,Spain,Halle 4.2,K31,Mónica Plaza Tejera,Lateo Media,GENERAL DIRECTOR
Latgales Druka Ltd.,latgales-druka-ltd,Latvia,Halle 3.1,A33,,,
La Tribu,la-tribu,France,Halle 3.1,G125,,,
Latvian Literature,latvian-literature,Latvia,Halle 3.1,A33,Ieva Kunga,Latvian Literature,Managerin
Latvian Publishers Association,latvian-publishers-association,Latvia,Halle 3.1,A33,,,
Latvijas Mediji,latvijas-mediji,Latvia,Halle 3.1,A33,,,
Lauter Verlag,lauter-verlag,Germany,Halle 4.0,B43,,,
"Law Press China Co., Ltd.",law-press-china-co-ltd,China,Halle 5.1,D140,,,
Laxfield Literary Associates,laxfield-literary-associates,United Kingdom,Halle 1.2,LitAg,,,
Layman Publishing Partners,layman-publishing-partners,United States,Halle 4.1,J79 / Workstation,Kourtnay King,Layman Publishing Partners,Managing Director
Layman Publishing Partners,layman-publishing-partners,United States,Halle 4.1,J79 / Workstation,Jayne Stevens,Layman Publishing Partners,Director of Content and Licensing
LEAF Verlag,leaf-verlag,Germany,Festhalle,C33,,,
Learnetic SA,learnetic-sa-cda6ce74,Poland,Halle 4.1,C64,,,
Leavitt Peak Press,leavitt-peak-press,United States,Halle 3.1,A104,,,
Le Boréal Express LTÉE,le-boral-express-lte,Canada,Halle 3.1,F85,,,
Le Bruit du Monde (part of Editis),le-bruit-du-monde,France,Halle 3.1,H97,,,
Le Cavalier Bleu,le-cavalier-bleu-ditions,France,Halle 3.1,G125,,,
Le Cercle Ouvert (part of Terre neuve éditeurs),le-cercle-ouvert-part-of-terre-neuve-diteurs,France,Halle 3.1,H145,,,
Le Cherche Midi (part of Editis),le-cherche-midi,France,Halle 3.1,H59,,,
L'école des loisirs,lcole-des-loisirs-sa,France,Halle 3.1,H96,,,
lectorbooks GmbH,lectorbooks-gmbh,Switzerland,Halle 3.0,F97,,,
Lecturable SRL de CV,lecturable-srl-de-cv,Mexico,Halle 3.1,E96,Nancy García,Lecturable SRL de CV,CEO
Lecturable SRL de CV,lecturable-srl-de-cv,Mexico,Halle 3.1,E96,Carlos Rojas,Lecturable SRL de CV,Co-founder / Strategies designer
Leduc (part of Albin Michel),editions-leduc-part-of-albin-michel,France,Halle 3.1,H145,,,
"Leed Publishing Co., Ltd.",leed-publishing-co-ltd,Japan,Halle 3.1,G25 / Workstation,,,
Lee Man Publication,lee-man-publication,Hong Kong,Halle 5.1,D121,,,
Leetra,leetra-final-sa-de-cv,Mexico,Halle 3.1,E96,,,
Lehmanns Media GmbH,lehmanns-media-gmbh,Germany,Halle 4.1,J52,Annette Felix,Lehmanns Media GmbH,Key Account Managerin
Lehmanns Media GmbH,lehmanns-media-gmbh,Germany,Halle 4.1,J52,Thomas Flentge,Lehmanns Media GmbH,Leitung Key Account Management
Lehmanns Media GmbH,lehmanns-media-gmbh,Germany,Halle 4.1,J52,Stephan Heller,Lehmanns Media GmbH,Key Account Manager Datenbanken
Lehmanns Media GmbH,lehmanns-media-gmbh,Germany,Halle 4.1,J52,Markus Moser,Lehmanns Media GmbH,Geschäftsführer Lehmanns Media AG Schweiz
Lehmanns Media GmbH,lehmanns-media-gmbh,Germany,Halle 4.1,J52,Sebiha Offermanns,Lehmanns Media GmbH,Marketing Managerin
Lehmanns Media GmbH,lehmanns-media-gmbh,Germany,Halle 4.1,J52,Falk Fischer,Lehmanns Media GmbH,Leiter eContent Team
Lehmanns Media GmbH,lehmanns-media-gmbh,Germany,Halle 4.1,J52,Tanja Müller,Lehmanns Media GmbH,Key Account Managerin
Lehrmittelverlag Zürich,lehrmittelverlag-des-kantons-zrich,Switzerland,Halle 3.0,F97,Sabina Kalamujic,Lehrmittelverlag Zürich,Fachspezialistin Kommunikation
Lehrmittelverlag Zürich,lehrmittelverlag-des-kantons-zrich,Switzerland,Halle 3.0,F97,Sanela Ravic,Lehrmittelverlag Zürich,Marketing Fachspezialistin
Leibniz-Zentrum für Archäologie,leibniz-zentrum-fr-archologie,Germany,Halle 3.0,F157,Stefan Albrecht,Leibniz-Zentrum für Archäologie,
Leibniz-Zentrum für Archäologie,leibniz-zentrum-fr-archologie,Germany,Halle 3.0,F157,Claudia Nickel,Leibniz-Zentrum für Archäologie,
Leipziger Buchmesse c/o Leipziger Messe GmbH,leipziger-buchmesse-co-leipziger-messe-gmbh,Germany,,,,,
L'Élan vert,llan-vert,France,Halle 3.1,J131,,,
Le Lombard (part of Media Participations),le-lombard,Belgium,Halle 3.1,G125,,,
Léman Publishing Claudia Frankl,lman-publishing-claudia-frankl,Switzerland,Halle 3.0,F97,,,
Leméac Editeur Inc.,lemac-diteur,Canada,Halle 3.1,F85,,,
Lenos Verlag AG,lenos-verlag-82482bc8,Switzerland,Halle 3.0,F92,,,
Leo Paper Products Ltd.,leo-paper-products-ltd,Hong Kong,Halle 5.1,D121,,,
Lernen Books,lernen-books,Mexico,Halle 3.1,E96,Sol Ortega Ruelas,Lernen Books,Editorial Production Manager
Lerner Publishing Group,lerner-publishing-group-808dc003,United States,Halle 4.2,H42,,,
Les Arènes,sarl-editions-des-arnes,France,Halle 3.1,H145,,,
Les Aventuriers d'ailleurs (part of Bamboo group),les-aventuriers-dailleurs-part-of-bamboo-group,France,Halle 3.1,H96,,,
Les Avrils (part of Editis),les-avrils---groupe-delcourt,France,Halle 3.1,H59,,,
Les Corps conducteurs,les-corps-conducteurs,France,Halle 3.1,G145,,,
Leseabenteuer GmbH,leseabenteuer-gmbh,Germany,Halle 4.0,G65,,,
Les Éditeurs singuliers,les-editeurs-singuliers,Belgium,Halle 3.1,F97,,,
Les éditions de l'instant même Inc.,linstant-mme,Canada,Halle 3.1,F85,,,
Les Éditions de Minuit,les-ditions-de-minuit,France,Halle 3.1,G125,,,
Les éditions E.T.C. Inc.,les-ditions-etc-ab032059,Canada,Halle 3.1,F85,,,
Les Éditions Goélette,les-ditions-golette-c3a1f951,Canada,Halle 4.2,J79,Stephanie Briand,Les Éditions Goélette,Executive Assistant
Les Éditions Goélette,les-ditions-golette-c3a1f951,Canada,Halle 4.2,J79,Donna Webber,Les Éditions Goélette,Sales Director
Les Éditions Noir sur Blanc,les-editions-noir-sur-blanc,Switzerland,Halle 3.0,F97,,,
Les éditions Québec-Amérique Inc.,ditions-qubec-amrique,Canada,Halle 3.1,F85,,,
Les Éditions Visibles,editions-visibles,Switzerland,Halle 3.0,F97,Licia Chery,Les Éditions Visibles,Founder
Leseinsel der unabhängigen Verlage,leseinsel-der-unabhngigen-verlage,Germany,Halle 3.0,C69,Karsten Dehler,Leseinsel der unabhängigen Verlage,Kurt Wolff Stiftung zur Förderung einer vielfältigen Verlags- und Literaturszene
Leseinsel der unabhängigen Verlage,leseinsel-der-unabhngigen-verlage,Germany,Halle 3.0,C69,Michael Kirchner,Leseinsel der unabhängigen Verlage,Key Account Manager DACH
Le Sénevé (part of Elidia),le-snev-part-of-elidia,France,Halle 3.1,G145,,,
Les Escales (part of Editis),les-escales-an-imprint-of-edi8,France,Halle 3.1,H59,,,
Les Fourmis rouges,les-fourmis-rouges,France,Halle 3.1,J131,,,
Les Impressions Nouvelles,les-impressions-nouvelles,Belgium,Halle 3.1,F97,,,
Les Livres du Dragon d'Or (part of Editis),les-livres-du-dragon-dor-an-imprint-of-edi8,France,Halle 3.1,H59,,,
Lester Literary Agency,lester-literary-agency,France,Halle 3.1,H145,,,
Letimio,sas-1d345,France,Halle 4.1,F15,Anna Berthod,Letimio,International Business Developement manager
Letimio,sas-1d345,France,Halle 4.1,F15,Ralp Gaerlan,Letimio,Head of Business Development - APAC
Letterland International Ltd.,letterland-international-ltd-da713c75,United Kingdom,Halle 5.1,C92,,,
Leuchtkraft GmbH,leuchtkraft-gmbh-7ea98170,Germany,Halle 5.0,D147,,,
Leuchtturm1917 GmbH,leuchtturm-gruppe-gmbh--co-kg-3d45245d,Germany,Halle 5.0,C135,,,
Levent Ofset,levent-ofset-basim-ve-ambalaj-sanas-a9e300e7,Türkiye,Halle 3.0,D26,,,
Lex The Saurus®,the-other-way,Switzerland,Halle 4.0,C88,Jo .,Lex The Saurus®,Volunteer
Lex The Saurus®,the-other-way,Switzerland,Halle 4.0,C88,Tamas Major,Lex The Saurus®,Founder
Lex The Saurus®,the-other-way,Switzerland,Halle 4.0,C88,Laetitia Tudeau,Lex The Saurus®,Illustrator
LeYa,leya,Portugal,Halle 3.1,F139,,,
LeYa,gailivro,Portugal,Halle 3.1,F139,,,
Leykam Buchverlagsgesellschaft m.b.H. & CO. KG,leykam-buchverlagsgesellschaft-mbh--co-kg,Austria,Halle 5.0,D15,,,
"Liaoning Gengu Intelligent Technology Services Co., Ltd.",liaoning-gengu-intelligent-technology-services-co-ltd,China,Halle 5.1,C132,,,
Liaoning Science and Technology Publishing House Ltd.,liaoning-science-and-technology-publishing-house-ltd,China,Halle 4.0,B106,,,
Liatrist Company,liatrist-company,Thailand,Halle 5.1,A113,,,
Libella SAS,libella-sas-fbfe83d2,France,Halle 3.1,G107,,,
Liberalia Ediciones,liberalia-ediciones,Chile,Halle 3.1,F102,,,
Libreka GmbH,libreka-gmbh,Germany,Halle 4.1,F35,,,
Librería Carlos Fuentes,librera-carlos-fuentes,Mexico,Halle 3.1,E96,,,
Libreria Editrice Vaticana,libreria-editrice-vaticana-a2bf15d1,Vatican City,Halle 3.1,C128,,,
Libri GmbH,libri-gmbh-4950dd12,Germany,Halle 4.1,H1,Benedikt Löhr,Libri GmbH,Leitung Strategischer Einkauf
Libri GmbH,libri-gmbh-4950dd12,Germany,Halle 4.1,H1,Karsten Kaufmann,Libri GmbH,Leitung Print-on-Demand Services
Libri GmbH,libri-gmbh-4950dd12,Germany,Halle 4.1,H1,Mareen Kunze,Libri GmbH,
Libro Co. Italia S.r.l.,libro-co-italia-srl,Italy,Halle 3.0,F124,,,
Libros Cúpula Imprint of Planeta Corporación S.R.L.,libros-cpula-imprint-of-planeta-corporacin-srl,Spain,Halle 3.1,D98,,,
"Libros del Asteroide, S.L.U.",libros-del-asteroide-slu,Spain,Halle 3.1,E131,,,
Libros de Seda,libros-de-seda,Spain,Halle 3.1,D135,,,
Libros Grano de Sal SA de CV,libros-grano-de-sal-sa-de-cv,Mexico,Halle 3.1,E96,,,
Libros para Imaginar SA de CV,libros-para-imaginar-sa-de-cv,Mexico,Halle 3.1,E96,,,
Lichtgrenze Bremen e.V.,lichtgrenze-bremen-ev,Germany,Halle 3.0,B104,Selin Aydin,Lichtgrenze Bremen e.V.,
L'Iconoclaste,liconoclaste,France,Halle 3.1,H145,,,
LID Business Media Ltd.,lid-business-media-ltd-8b036067,United Kingdom,Halle 4.2,D35,,,
"Lidel - Edições Técnicas, Lda.",lidel---edies-tcnicas-lda,Portugal,Halle 3.1,F139,,,
Lidel Saúde e Bem-Estar,lidel-sade-e-bem-estar,Portugal,Halle 3.1,F139,,,
lieblingsdruck.de  c/o Franziska Neubert,lieblingsdruckde--co-franziska-neubert,Germany,Halle 3.0,H148,,,
Liels un mazs publishing house,liels-un-mazs-publishing-house,Latvia,Halle 3.1,A33,,,
Liepman AG,liepman-ag-8e2544c1,Switzerland,Halle 1.2,LitAg,,,
Lietuvos leideju asociacija - Lithuanian Publishers Association,lietuvos-leideju-asociacija---lithuanian-publishers-association,Lithuania,Halle 3.1,D61,,,
Lilla Piratförlaget,lilla-piratfrlaget,Sweden,Halle 3.1,B67,,,
Lilys Editions ASBL,lilys-editions-asbl,Belgium,Halle 3.1,F97,,,
limbion,limbion,Germany,Halle 4.0,C46,,,
Limbus Verlag,limbus-verlag,Austria,Halle 5.0,E13,,,
"Limited Company ""Publishing House Eksmo""",eksmo-publishing-house-ltd,Russian Federation,Halle 4.2,A104,,,
Limmat Verlag,limmat-verlag,Switzerland,Halle 3.0,F97,,,
Lindau srl.,lindau-srl-a9041a28,Italy,Halle 3.1,B102,,,
Lingea s.r.o.,lingea-sro,Czechia,Halle 3.1,C65,,,
lingua-arabica,lingua-arabica-9ac3406e,Germany,Halle 3.0,H30,,,
Linwood Messina Literary Agency,linwood-messina-literary-agency-2cb92dec,France,Halle 1.2,LitAg,,,
Lions Club Frankfurt - Neues Frankfurt,lions-frderverein-des-lions-clubs-frankfurt-rhein-main-ev-3df2db1c,Germany,Agora,E27,Holger Ehling,Lions Club Frankfurt - Neues Frankfurt,
Lireka,lireka,France,Halle 5.0,A11,Lucie Dupré,Lireka,
LiteRadio,literadio,Austria,Halle 5.0,E13,,,
Litera Libros (Juan M. Romero Corell),litera-libros-juan-m-romero-corell,Spain,Halle 3.1,E120,JUAN MANUEL ROMERO CORELL,Litera Libros (Juan M. Romero Corell),Editor
Literareon im utzverlag GmbH,literareon-im-utzverlag-gmbh-39e0ce09,Germany,Halle 3.0,B48,,,
Literarische Agentur Gaeb & Eggers GmbH,literarische-agentur-gaeb--eggers-gmbh,Germany,Halle 1.2,LitAg,,,
Literarische Agenturhandlung Schreiner e.U.,literarische-agenturhandlung-schreiner-eu,Austria,Halle 1.2,LitAg,,,
Literarische Agentur Kossack,literarische-agentur-kossack-f52db081,Germany,Halle 1.2,LitAg,,,
Literarische Agentur Mertin Inh. Nicole Witt,literarische-agentur-mertin-inh-nicole-witt-3674ef33,Germany,Halle 1.2,LitAg,,,
Literarische Agentur Silke Weniger,literarische-agentur-silke-weniger-e4cf0ff0,Germany,Halle 1.2,LitAg,,,
Literarische Agentur Simon,literarische-agentur-simon,Germany,Halle 1.2,LitAg,,,
Literarischer Europäer,literarischer-europer,Germany,Halle 3.0,A128,,,
Literárna bašta,literrna-bata,Slovakia,Halle 3.1,C50,,,
Literary Agency OVO,literary-agency-ovo,Ukraine,Halle 3.1,C13,,,
Literary Agency Pluh,literary-agency-pluh,Netherlands,Halle 3.1,C65,,,
Literary Agents & Scouts Centre -  Frankfurter Buchmesse,literary-agents--scouts-centre----frankfurter-buchmesse,Germany,Halle 1.2,LitAg,,,
Literary Gate Publishing,literary-gate-publishing,Ukraine,Halle 3.1,C13,,,
Literary Press Group of Canada,literary-press-group-of-canada-a100d4d1,Canada,Halle 4.2,H15,Lauren Perruzza,Literary Press Group of Canada,
Literati Media Agency Ltd,literati-media,,Halle 1.2,LitAg,,,
Literaturagentur Christiane Düring,literaturagentur-christiane-dring-a5780ade,Germany,Halle 1.2,LitAg,,,
Literaturagentur Maria Schliesser,literaturagentur-maria-schliesser,Germany,Halle 3.1,A66,,,
Literaturagentur Petra Hermanns GmbH,literaturagentur-petra-hermanns-gmbh-e0b9cd2c,Germany,Halle 1.2,LitAg,,,
Literaturca Verlag,suzel-gmbh,Germany,Halle 3.0,G93,,,
Literature Ireland,literature-ireland,Ireland,Halle 5.1,C49,,,
Literaturensohn,literaturensohn,Germany,Halle 5.0,C141,,,
"Literature, Publishing & Translation Commission",literature-publishing--translation-commission-bbf1eb05,Saudi Arabia,Halle 5.1,A39,,,
Literature Translation Institute of Korea (LTI Korea),literature-translation-institute-of-korea-lti-korea-8aa679c0,Republic of Korea,Halle 5.1,B143,,,
Literatur Publications,literatur-publications,Türkiye,Halle 3.1,G70,,,
Literaturverlag Droschl GmbH,literaturverlag-droschl-gmbh-2d692307,Austria,Halle 3.0,D136,,,
Literaturzeitschrift Johnny,studentische-literaturzeitschrift-johnny--co-schreibzentrum-der-goethe-universitt,Germany,Halle 3.0,D87,Susanne Herrmann,Literaturzeitschrift Johnny,
lit ground,lit-ground,Ukraine,Halle 3.1,C13,,,
Lit Prime Solutions LLC,litprime-solutions-llc,United States,Halle 4.2,M39,,,
Litprom,litprom-ev,Germany,Halle 3.1,E53,,,
litradukt Literatureditionen Dr. Manuela Zeilinger-Trier,litradukt-literatureditionen-dr-manuela-zeilinger-trier,Germany,Halle 3.0,B69,,,
"Little Box Studio Visual And Cultural Development Co.,Ltd",little-box-studio-visual-and-cultural-development-coltd,China,Halle 3.0,F132,,,
Little Cosmos Co.,little-cosmos-company,Hong Kong,Halle 5.1,D121,,,
Little Pearl Books (A Division of Nutech Print Services - India),little-pearl-books-a-division-of-nutech-print-services---india-2470170f,India,Halle 4.2,A71,,,
Little Tiger Press Ltd.,little-tiger-press-ltd-53dee75e,United Kingdom,Halle 4.2,B1,,,
Little Tiger Verlag GmbH,little-tiger-verlag-gmbh,Germany,Halle 3.0,F61,,,
Liturgical Press,liturgical-press,United States,Halle 4.2,C83,,,
Liverpool University Press,liverpool-university-press,United Kingdom,Halle 4.2,J7,,,
Liv Keen,liv-keen,Germany,Festhalle,B49,,,
Livonia Print Sia,livonia-print-sia-b45b7924,Latvia,Halle 3.0,H129,,,
Livres Canada Books,livres-canada-books-70701bb6,Canada,Halle 4.2,G1,Mariana Bianchini,Livres Canada Books,Events Manager
LivreSuisse,livre-suisse-editeurs-et-libraires,Switzerland,Halle 3.0,F97,Damien Tornincasa,LivreSuisse,
Livr’S Éditions,livrs-editions,Belgium,Halle 3.1,F97,,,
Lizenzagentur Riedel,lizenzagentur-riedel-ce79eeb6,Germany,Halle 1.2,LitAg,,,
"Liz Gately Book Scouting, Inc.",liz-gately-book-scouting-inc-790b28e3,United States,Halle 1.2,LitAg,,,
Lizia,lizia,France,Halle 5.0,E142,Maxime Douillet,Lizia,Salesman
Lizia,lizia,France,Halle 5.0,E142,Ilias Badre,Lizia,International Business Developer
Lizia,lizia,France,Halle 5.0,E142,Paul Charpentier,Lizia,Salesman
"LLC ""Artbooks Publishing House""",artbooks-publishing-house,Ukraine,Halle 3.1,C13,Alyona Brosko,"LLC ""Artbooks Publishing House""",
LLC Matarebeli Comics,llc-matarebeli-comics,Georgia,Halle 3.1,E53,,,
"LLC Publishing House ""ADEF-Ukraine""",llc-publishing-house-adef-ukraine,Ukraine,Halle 3.1,C13,,,
LLC ''Unisoft EU'',llc-unisoft-eu,Poland,Halle 3.0,F146,Artem Oberemok,LLC ''Unisoft EU'',
"Llewellyn Worldwide, Ltd.",llewellyn-worldwide-ltd-100f34b9,United States,Halle 4.2,H57,,,
"Llibres del 9 Angle, SL - Angle Editorial",llibres-del-9-angle-sl---angle-editorial,Spain,Halle 3.1,E131,,,
LM Bookie GmbH,lm-bookie-gmbh,Germany,,,,,
Loescher Editore Divisione di Zanichelli Editore S.p.A,loescher-editore-divisione-di-zanichelli-editore-spa-e3821ecb,Italy,Halle 3.1,A108,,,
Loewe Verlag GmbH,loewe-verlag-gmbh-68f7e969,Germany,Halle 4.0,C19,Angelina Geld,Loewe Verlag GmbH,Veranstaltungsmanagement
Loewe Verlag GmbH,loewe-verlag-gmbh-ec309d35,Germany,Halle 1.2,PRC,Lisa-Marie Röller,Loewe Verlag GmbH,
LOGISTA LIBROS - SGEL LIBROS S.L.,sgel-libros-sl,Spain,Halle 3.1,D135,,,
London Book Fair,the-london-book-fair--reed-exhibitions-limited,United Kingdom,Halle 4.2,J95,,,
London Literary Scouting,london-literary-scouting-854a61cb,United Kingdom,Halle 1.2,LitAg,,,
Lonely Planet Global Limited,lonely-planet-global-limited-0139e63a,Ireland,Halle 5.1,C68,Nicole Valdez,Lonely Planet Global Limited,Sr Publicity Manager
Loredana Rotundo Literary Agency,loredana-rotundo-literary-agency-006f68a7,Italy,Halle 1.2,LitAg,,,
Lorella Belli Literary Agency Ltd.,lorella-belli-literary-agency-ltd-767858b0,United Kingdom,Halle 1.2,LitAg,,,
L'orma editore,lorma-editore,Italy,Halle 3.1,B119,,,
Louisa Pritchard Associates,louisa-pritchard-associates-3bd1a469,United Kingdom,Halle 1.2,LitAg,,,
"LOVE English Book Co., Ltd.",love-english-book-co-ltd,Taiwan,Halle 4.2,A75,,,
Love for Livres,love-for-livres-sas,France,,,Céline Mas,Love for Livres,Cofounder
Love for Livres,love-for-livres-sas,France,,,Omar Peraza Delgado,Love for Livres,Cofounder & Research director
Lovinbookscandle  Björn Schlegel,lovinbookscandle--bjrn-schlegel,Germany,Festhalle,A48,,,
Löwenzahn Verlag in der Studienverlag GesmbH,lwenzahn-verlag-in-der-studienverlag-gesmbh-4749b798,Austria,Halle 3.0,C154,,,
Loyal Print SL,loyal-print-sl-a8b51c99,Spain,Halle 4.0,B47,,,
Luabooks,lua-books,Colombia,Halle 3.1,E83,,,
Lua de Papel,lua-de-papel,Portugal,Halle 3.1,F139,,,
Lübbe Audio in der Bastei Lübbe AG,lbbe-audio-in-der-bastei-lbbe-ag,Germany,Halle 4.0,J44,,,
Lübbe Verlag in der Bastei Lübbe AG,lbbe-verlag-in-der-bastei-lbbe-ag,Germany,Halle 5.0,C65,,,
Lucas Wetzel / Andrews McMeel Publishing,andrews-mcmeel-publishing,United States,Halle 3.1,E53,,,
Lucerna,lucerna,Portugal,Halle 3.1,F139,,,
Luciérnaga Imprint of Planeta Corporación S.R.L.,lucirnaga-imprint-of-planeta-corporacin-srl,Spain,Halle 3.1,D98,,,
Lucy Abrahams Literary Scouting,lucy-abrahams-literary-scouting,United Kingdom,Halle 1.2,LitAg,,,
LUJI PRESS,luji-press,Germany,Halle 3.0,B80,,,
Lukas Verlag für Kunst- und Geistesgeschichte,lukas-verlag-fr-kunst--und-geistesgeschichte,Germany,Halle 3.0,B110,,,
Luk Chan Chinese International Education Publishing Group Limited,luk-chan-chinese-international-education-publishing-group-limited,Hong Kong,Halle 5.1,D121,,,
"Lulu Press, Inc.",lulu-press-inc,United States,Halle 4.1,A88,Emily Bair,"Lulu Press, Inc.",
"Lulu Press, Inc.",lulu-press-inc,United States,Halle 4.1,A88,Matt Briel,"Lulu Press, Inc.",Chief Marketing Officer
"Lulu Press, Inc.",lulu-press-inc,United States,Halle 4.1,A88,Sarah Franklin,"Lulu Press, Inc.",
"Lulu Press, Inc.",lulu-press-inc,United States,Halle 4.1,A88,Haley Johnson,"Lulu Press, Inc.",
Lumina Datamatics Limited,lumina-datamatics-limited,India,Halle 4.1,F38,,,
Lunam Libros,lunam-libros,Guatemala,Halle 3.1,E62,,,
Lunar Literary Agency,lunar-literary-agency,United States,Halle 1.2,LitAg,Tiffani Rippy,Lunar Literary Agency,
Lund Humphries,scolar-fine-art--lund-humphries,United Kingdom,Halle 4.2,D83,Eleanor Hooker,Lund Humphries,Head of Sales & Marketing | Rights Manager
"Lunwerg, S.A. Imprint of Planeta Corporación S.R.L.",lunwerg-sa-imprint-of-planeta-corporacin-srl,Spain,Halle 3.1,D98,,,
Luster NV,luster-nv,Belgium,Halle 3.1,D23,,,
LUX,lux,Czechia,Halle 3.1,C65,,,
LVB&Co. Agência e Consultoria Literária,lvbco-agncia-e-consultoria-literria,Brazil,Halle 1.2,LitAg,,,
Lycrow Verlag,lycrow-verlag,Germany,Festhalle,A35,,,
"Lynne Rienner Publishers, Inc.",lynne-rienner-publishers-inc-4cbe8fa0,United States,Halle 4.2,H89,,,
LYX Verlag in der Bastei Lübbe AG,lyx-verlag-in-der-bastei-lbbe-ag-7e1d2735,Germany,Halle 4.0,A71,,,
MABOPA Events Sdn Bhd,mabopa-events-sdn-bhd,Malaysia,Halle 5.1,A54,,,
Macan,macan-doo,Croatia,Halle 3.0,J140,Anja Macan,Macan,Chief Marketing Officer
Macedonian Association of Publishers,macedonian-association-of-publishers,North Macedonia,Halle 3.1,B12,Snezhana Stojchevska,Macedonian Association of Publishers,Secretary
MACK Books Ltd.,mack-books-ltd-b998c830,United Kingdom,Halle 4.2,D105,,,
Mackinger Verlag,mackinger-verlag,Austria,Halle 5.0,E13,,,
Macmillan Education,macmillan-education-32ff1a67,,Halle 4.1,E16,,,
"Macmillan Learning, Div. Of Macmillan Publishers, Inc. / Bedford Freeman & Worth Publishing Group",macmillan-learning-div-of-macmillan-publishers-incbedford-freeman--worth-publishing-group,United States,Halle 4.2,H75,,,
Macmillan Publishers International Ltd,macmillan-publishers-international-ltd-04aec5a9,United Kingdom,Halle 5.1,D43,Lucy Grainger,Macmillan Publishers International Ltd,
Macromedia GmbH,macromedia-gmbh,Germany,Halle 4.1,J79 / Campus Weekend,Philip Baugut,Macromedia GmbH,Professor
Macromedia GmbH,macromedia-gmbh,Germany,Halle 4.1,J79 / Campus Weekend,Lara Lorenz,Macromedia GmbH,
Macromedia GmbH,macromedia-gmbh,Germany,Halle 4.1,J79 / Campus Weekend,Tim Weiffenbach,Macromedia GmbH,Professor Fachbereich Design
Macromedia GmbH,macromedia-gmbh,Germany,Halle 4.1,J79 / Campus Weekend,Elisa Weisman,Macromedia GmbH,
Mad Cave Studio,mad-cave-studios,United States,Halle 3.1,H23 / Comics Business Centre,,,
"Madeleine Milburn Ltd. Literary, TV & Film Agency",madeleine-milburn-ltd-literary-tv--film-agency-a60a86cc,United Kingdom,Halle 1.2,LitAg,,,
Madris,madris,Latvia,Halle 3.1,A33,,,
"Magazine House Co., Ltd.",magazine-house-co-ltd,Japan,Halle 4.2,F34,,,
Magellan GmbH & Co. KG,magellan-gmbh--co-kg-b771fcce,Germany,Halle 4.0,D50,,,
Magenta,magenta,France,Halle 3.1,J131,,,
Magenta Ediciones,magenta-ediciones,Mexico,Halle 3.1,E96,,,
Magic Cat Publishing Ltd.,magic-cat-publishing-ltd-26fc2892,United Kingdom,Halle 4.2,C24,Sofia Monleone,Magic Cat Publishing Ltd.,Foreign Rights Coordinator
Magic Cat Publishing Ltd.,magic-cat-publishing-ltd-26fc2892,United Kingdom,Halle 4.2,C24,Maria Treacy-Lord,Magic Cat Publishing Ltd.,Finance and Operations Director
Magic International Pvt. Ltd.,magic-international-pvt-ltd,India,Halle 4.2,B106,,,
"Magination Press, Books for Kids from American Psychological Association",magination-press-books-for-kids-from-american-psychological-association-b8999ce3,United States,Halle 4.2,J82,,,
MAGNET - Werkstatt für Verständigung gUG,magnet---werkstatt-fr-verstndigung-gug,Germany,,,Leonie Pessara,MAGNET - Werkstatt für Verständigung gUG,Projektleitung
MAGNIFICUM GmbH,magnificum-gmbh,Germany,Halle 3.0,D2,,,
MAGS Vertriebs GmbH,mags-vertriebs-gmbh,Germany,Halle 5.0,E117,,,
Magveto Kiadó,magveto-kiad,Hungary,Halle 3.1,C34,,,
Mahrousa Publishing House,mahrousa-publishing-house,Egypt,Halle 3.1,E53,,,
mainbook,mainbook-b22b39fe,Germany,Halle 3.0,B50,,,
Main Matsuri Event GmbH,main-matsuri-event-gmbh,Germany,Freigelände 4.0/6.0,A10,Lars Cramer,Main Matsuri Event GmbH,Orga
Main Matsuri Event GmbH,main-matsuri-event-gmbh,Germany,Freigelände 4.0/6.0,A10,Raphael Samylin,Main Matsuri Event GmbH,
Main Matsuri Event GmbH,main-matsuri-event-gmbh,Germany,Freigelände 4.0/6.0,A10,Mario Schankelies,Main Matsuri Event GmbH,
Main Matsuri Event GmbH,main-matsuri-event-gmbh,Germany,Freigelände 4.0/6.0,A10,Abbas Ali Shah,Main Matsuri Event GmbH,
Mainspring Books,mainspring-books,United States,Halle 4.2,M20,,,
MAIRDUMONT GmbH & Co. KG,mairdumont-gmbh--co-kg,Germany,Halle 3.1,G25 / Workstation,,,
MAIRDUMONT GmbH & Co. KG,mairdumont-gmbh--co-kg-23a9e02b,Germany,Halle 5.0,B122,,,
Make Believe Ideas Ltd.,make-believe-ideas-ltd-e9303576,United Kingdom,Halle 4.2,B74,,,
MalaTesta Lit. Ag.,malatesta-lit-ag-8f785154,Italy,Halle 1.2,LitAg,,,
Malik in der Piper Verlag GmbH,malik-in-der-piper-verlag-gmbh-a546af75,Germany,Halle 3.0,A58,,,
"Malinc Publishing House - Založba Malinc, Aleš Cigale s.p.",zaloba-malinc-ale-cigale-sp,Slovenia,Halle 3.1,C35,,,
Maloine (part of Vigot Maloine),ditions-maloine-an-imprint-of-vigot-ditions,France,Halle 3.1,H125,,,
Mammoth World,mammoth-world,India,Halle 4.2,A82,,,
Mammoth World,mammoth-world-2d78d982,United States,Halle 6.1,E24,,,
Mandelbaum Verlag eG,mandelbaum-verlag-eg,Austria,Halle 5.0,E13,,,
Manfred Bücker,manfred-bcker,Germany,Halle 3.0,C2,Manfred Buecker,Manfred Bücker,
Manifest Llibres,manifest-llibres,Spain,Halle 3.1,E131,,,
Manifesto Press Co-operative,manifesto-press-an-imprint-of-corata-group-ltd,United Kingdom,Halle 4.2,J47,Yvonne Busisiwe Phyllis,Manifesto Press Co-operative,Director
Manifesto Press Co-operative,manifesto-press-an-imprint-of-corata-group-ltd,United Kingdom,Halle 4.2,J47,Gavin Clayton,Manifesto Press Co-operative,Cultures in Resistance
Manifesto Press Co-operative,manifesto-press-an-imprint-of-corata-group-ltd,United Kingdom,Halle 4.2,J47,Annemarie Jaeggi,Manifesto Press Co-operative,
Manifesto Press Co-operative,manifesto-press-an-imprint-of-corata-group-ltd,United Kingdom,Halle 4.2,J47,Orah Johnson,Manifesto Press Co-operative,
Manifesto Press Co-operative,manifesto-press-an-imprint-of-corata-group-ltd,United Kingdom,Halle 4.2,J47,Paul Macgee,Manifesto Press Co-operative,Director
Manifesto Press Co-operative,manifesto-press-an-imprint-of-corata-group-ltd,United Kingdom,Halle 4.2,J47,Kate McKenzie,Manifesto Press Co-operative,"Commissioning Editor (Education) manifesto press, chief operations officer, Red Star media"
Manifesto Press Co-operative,manifesto-press-an-imprint-of-corata-group-ltd,United Kingdom,Halle 4.2,J47,Aphiwe Ngalo,Manifesto Press Co-operative,Managing Editor
Manifesto Press Co-operative,manifesto-press-an-imprint-of-corata-group-ltd,United Kingdom,Halle 4.2,J47,Maise Riley,Manifesto Press Co-operative,
Manipal Technologies Limited,manipal-technologies-ltd-indias-most-trusted-book-printing-company,India,Halle 4.2,K10,Dinesh Ravesh,Manipal Technologies Limited,Vice President - International Sales
Manó Könyvek,man-knyvek,Hungary,Halle 3.1,C34,,,
"Man Sang Envelope Manufacturing Co., Ltd.",man-sang-envelope-manufacturing-co-ltd,Hong Kong,Halle 5.1,D121,,,
Mantelverlag e.U.,mantelverlag-eu,Austria,Halle 5.0,D15,,,
Mantikore-Verlag,mantikore-verlag,Germany,Halle 4.0,H55,Nicolai Bonczyk,Mantikore-Verlag,
Manuscrito Editora,manuscrito-editora,Portugal,Halle 3.1,F139,,,
MANZ'sche Verlags- und Universitätsbuchhandlung GmbH,manzsche-verlags--und-universittsbuchhandlung-gmbh,Austria,Halle 5.0,D15,,,
Mapin Publishing (Pvt.) Ltd.,mapin-publishing-pvt-ltd,India,Halle 4.2,J5,,,
Marcador,marcador,Portugal,Halle 3.1,F139,,,
Marcel & Joachim (part of Madrigall),marcel--joachim,France,Halle 3.1,H97,,,
Marchialy (part of Editis),marchialy---groupe-delcourt,France,Halle 3.1,H59,,,
Marencin pt,marencin-pt,Slovakia,Halle 3.1,C50,,,
Mare Nostrum Group Ltd.,mare-nostrum-group-ltd-be1ebaf5,United Kingdom,Halle 4.1,E33,Amanda Drew,Mare Nostrum Group Ltd.,Operations
mareverlag eG,mareverlag-gmbh--co-ohg-33ff4a57,Germany,Halle 3.0,C84,,,
Margarete Tischler Verlag,margarete-tischler-verlag,Austria,Halle 5.0,E13,,,
Marginesy,marginesy,Poland,Halle 3.1,B54,,,
Margot (part of L'école des loisirs group),ditions-margot,France,Halle 3.1,H96,,,
Maria B. Campbell Associates,maria-b-campbell-associates-8687755c,United States,Halle 1.2,LitAg,,,
Maria B. Campbell Associates UK,maria-b-campbell-associates-uk-1aa40dc0,United Kingdom,Halle 1.2,LitAg,,,
Marianne Schönbach Literary Agency bv,marianne-schnbach-literary-agency-bv-05665808,Netherlands,Halle 1.2,LitAg,,,
"Maria Pinto-Peuckmann, Literary Agency, World Copyright Promotion",maria-pinto-peuckmann-literary-agency-world-copyright-promotion-1fe36128,Germany,Halle 1.2,LitAg,,,
Marie Claire Éditions,editions-marie-claire--massin,France,Halle 3.1,H125,,,
MariellageArt,mariellageart,Germany,Halle 3.1,E121,Gabriela Gómez Erro,MariellageArt,Communication / Social Media Manager
MariellageArt,mariellageart,Germany,Halle 3.1,E121,Mariela Gomez Erro,MariellageArt - Germany,Literary agent
MariellageArt,mariellageart,Germany,Halle 3.1,E121,Miguel Ángel Jiménez Jiménez,MariellageArt,
MARINA Books - Marina Huguet Cuevas,marina-books,Spain,Halle 1.2,LitAg,,,
Marjacq Scripts Ltd.,marjacq-scripts-ltd-74983709,United Kingdom,Halle 1.2,LitAg,,,
Markono Group Pte. Ltd.,markono-group-pte-ltd,Singapore,Halle 4.1,A18,,,
Markus D. Mühleisen Selfpublisher,markus-d-mhleisen-selfpublisher,Germany,Halle 3.0,B27,Anja Marquardt,Markus D. Mühleisen Selfpublisher,
MaroVerlag,maroverlag-8fe906be,Germany,Halle 3.0,C70,Sarah Käsmayr,MaroVerlag,Verlegerin
Marquis Book Printing,marquis-book-printing,Canada,Halle 4.2,H14,,,
Marshall Cavendish Education Pte Ltd,marshall-cavendish-education-pte-ltd,Singapore,Halle 4.1,A9,,,
Martin Schmitz Verlag,martin-schmitz-verlag-64b18b2b,Germany,Halle 3.0,A136,,,
Mary Cronos (Colors of Cronos),mary-cronos-colors-of-cronos,Germany,Halle 4.0,H47,Mary Cronos,Mary Cronos (Colors of Cronos),
Mary Cronos (Colors of Cronos),mary-cronos-colors-of-cronos,Germany,Halle 4.0,H47,Julia Ehrenberg,Mary Cronos (Colors of Cronos),
Mary Glasgow Magazines SCHOLASTIC LIMITED,mary-glasgow-magazines-scholastic-limited-d246bb48,United Kingdom,Halle 5.1,D73,,,
März Verlag GmbH,mrz-verlag-gmbh-1f0a493b,Germany,Halle 3.0,C55,Finn Job,März Verlag GmbH,
März Verlag GmbH,mrz-verlag-gmbh-1f0a493b,Germany,Halle 3.0,C55,Feridun Zaimoglu,März Verlag GmbH,
Masaryk University Press,masaryk-university-press,Czechia,Halle 4.1,D94,,,
Masaryk University Press,masaryk-university-press-1eabaccd,Czechia,Halle 3.1,C65,,,
Massie McQuilkin & Altman,massie--mcquilkin-180299ab,United States,Halle 1.2,LitAg,,,
"Matichon Public Co., Ltd.",matichon-public-co-ltd,Thailand,Halle 5.1,A113,,,
Maurizio Corraini S.r.l.,maurizio-corraini-srl,Italy,Halle 3.1,B134,,,
Maximilian Verlag GmbH & Co. KG,maximilian-verlag-gmbh--co-kg,Germany,Halle 3.0,F61,Katarina Hochnadel,Maximilian Verlag GmbH & Co. KG,
Maximilian Verlag GmbH & Co. KG,maximilian-verlag-gmbh--co-kg-7dc963e3,Germany,Halle 5.0,B137,,,
MB Agencia Literaria S.L.,mb-agencia-literaria-sl-54d5646f,Spain,Halle 1.2,LitAg,,,
M BOOKS | Inhaber: Michael Kraus,m-books--books-on-architecture-and-related-fields---inhaber-michael-kraus-e065e1af,Germany,Halle 3.0,G149,,,
McGill-Queen's University Press,mcgill-queens-university-press,Canada,Halle 4.2,H18,Anna Maria Del Col,McGill-Queen's University Press,Marketing Manager
McGraw Hill,mcgraw-hill-aba70355,United Kingdom,Halle 4.1,B55,Zoe Arey,McGraw Hill,Sr International Rights Manager
McGraw Hill,mcgraw-hill-aba70355,United Kingdom,Halle 4.1,B55,Tamara Haq,McGraw Hill,International Rights Senior Manager
McPherson & Company,mcpherson--company,United States,Halle 4.2,K14,Bruce McPherson,McPherson & Company,Publisher
"MDPI, AG",mdpi-ag,Switzerland,Halle 4.1,C85,Bob Vrooman,"MDPI, AG",
mdv Mitteldeutscher Verlag GmbH,mdv-mitteldeutscher-verlag-gmbh-94b4594c,Germany,Halle 3.0,B112,,,
Meadows Wye & Company,meadows-wye--company-c8e256e7,United States,Halle 4.2,H83,,,
Meander Publishing,meander-publishing,Czechia,Halle 3.1,C65,,,
mediaprint solutions GmbH,mediaprint-solutions-gmbh,Germany,Halle 4.1,H78,Dominik Haacke,mediaprint solutions GmbH,Chief Commercial Officer
mediaprint solutions GmbH,mediaprint-solutions-gmbh,Germany,Halle 4.1,H78,Kristine Ilse Ilse,mediaprint solutions GmbH,Head of Marketing & Sustainability
mediaprint solutions GmbH,mediaprint-solutions-gmbh,Germany,Halle 4.1,H78,Vogt Thorsten,mediaprint solutions GmbH,Chief Sales Officer
Media Rodzina Publishers,media-rodzina-publishers,Poland,Halle 3.1,B54,,,
mediaTEXT Jena GmbH,mediatext-jena-gmbh-6c7a135a,Germany,Halle 4.1,J79 / Workstation,,,
Mediatoon Licensing (part of Media Participations),mediatoon-licensing-part-of-media-participations,France,Halle 3.1,G125,,,
Media Vaca,media-vaca---vicente-ferrer-azcoiti,Spain,Halle 3.1,E120,Begoña Lobo Abascal,Media Vaca,
Medienagentur Breitling,medienagentur-breitling,Germany,Halle 1.2,LitAg,,,
Mediengruppe Deutscher Apotheker Verlag,mediengruppe-deutscher-apotheker-verlag,Germany,Halle 3.0,B142,Roda Simo,Mediengruppe Deutscher Apotheker Verlag,Projektleitung Messen & Events
Mediengruppe Neuer Weg GmbH,verlag-neuer-weg-in-der-mediengruppe--neuer-weg-gmbh-fdbc51c9,Germany,Halle 3.0,C58,,,
Medien Service Runge GmbH - Verlag SCHNELL,medien-service-runge-gmbh---verlag-schnell,Germany,Halle 3.0,G93,,,
Medizinisch Wissenschaftliche Verlagsgesellschaft mbH & Co.,medizinisch-wissenschaftliche-verlagsgesellschaft-mbh--co,Germany,Halle 3.0,B142,,,
MEDU Verlag,medu-verlag,Germany,Halle 3.0,B100,,,
Meet The Author - Frankfurter Buchmesse,meet-the-author---frankfurter-buchmesse,Germany,Agora,B14,,,
Meet The Author - Frankfurter Buchmesse,meet-the-author---frankfurter-buchmesse-d6de370d,Germany,Agora,B12,,,
Meet The Author - Frankfurter Buchmesse,meet-the-author---frankfurter-buchmesse-38324686,Germany,Agora,B10,,,
Mega Basim Yayin San.Tic A.S.,mega-basim-yayin-santic-as,Türkiye,Halle 3.0,H147,Ayberk Bucak,Mega Basim Yayin San.Tic A.S.,Customer Representative
Mega Basim Yayin San.Tic A.S.,mega-basim-yayin-santic-as,Türkiye,Halle 3.0,H147,Chaima Dekhili,Mega Basim Yayin San.Tic A.S.,Customer Representative
Mega Basim Yayin San.Tic A.S.,mega-basim-yayin-santic-as,Türkiye,Halle 3.0,H147,NOUR EL HOUDA DEKHILI,Mega Basim Yayin San.Tic A.S.,Senior Customer Representative
Mega Basim Yayin San.Tic A.S.,mega-basim-yayin-santic-as,Türkiye,Halle 3.0,H147,Süleyman Utku Karakurt,Mega Basim Yayin San.Tic A.S.,Sales & Marketing
Mega Basim Yayin San.Tic A.S.,mega-basim-yayin-santic-as,Türkiye,Halle 3.0,H147,Ali Mutlu,Mega Basim Yayin San.Tic A.S.,Kundenberater
Mega Basim Yayin San.Tic A.S.,mega-basim-yayin-santic-as,Türkiye,Halle 3.0,H147,Cem Şimşek,Mega Basim Yayin San.Tic A.S.,International Sales Manager
Mega Basim Yayin San.Tic A.S.,mega-basim-yayin-santic-as,Türkiye,Halle 3.0,H147,Mehmet Sait Usak,Mega Basim Yayin San.Tic A.S.,Customer Representative
Melanie Amélie Opalka / Marley Alexis Owen  mao_Autorin,melanie-amlie-opalka--marley-alexis-owen--maoautorin,Germany,Halle 5.0,D44,,,
Melanie Gurenko,melanie-gurenko,Germany,Festhalle,B48,Melina Coniglio,Melanie Gurenko,
Melanie Ostell Literary,melanie-ostell-literary,Australia,Halle 1.2,LitAg,,,
Melbourne University Publishing,melbourne-university-publishing,Australia,Halle 4.2,J74,,,
MeMo,ditions-memo,France,Halle 3.1,J131,,,
memo verlag,memo-verlag,Germany,Halle 3.0,G93,,,
Mengès - Place des Victoires,editions-mengs---place-des-victoires,France,Halle 3.1,H125,,,
Mentoren-Media-Verlag GmbH,mentoren-media-verlag-gmbh,Germany,Halle 3.0,F120,Özdemir Deniz S.,Mentoren-Media-Verlag GmbH,Fachliche Lektoratsleitung
Mentoren-Media-Verlag GmbH,mentoren-media-verlag-gmbh,Germany,Halle 3.0,F120,Natalie Pöttinger,Mentoren-Media-Verlag GmbH,
Mentoren-Media-Verlag GmbH,mentoren-media-verlag-gmbh,Germany,Halle 3.0,F120,Göller Thomas,Mentoren-Media-Verlag GmbH,Geschäftsführer & Gesellschafter
Menu Publishing House,menu-publishing-house,Estonia,Halle 3.1,B34,,,
M.E.O. Éditions,meo-ditions,Belgium,Halle 3.1,F97,,,
Mercatorfonds (Exhibitions Int),mercatorfonds-exhibitions-int,Belgium,Halle 3.1,D23,,,
Mercier Press,mercier-press,Ireland,Halle 5.1,C50,,,
Mercileslivres (part of Miscellane Group),mercileslivres-part-of-miscellane-group,France,Halle 3.1,J131,,,
Mercis Publishing bv Dick Bruna inc.,mercis-publishing-bv-dick-bruna-inc,Netherlands,Halle 3.1,E21,,,
Mercurio Srl,mercurio-srl,Italy,Halle 3.1,B102,,,
"Merriam-Webster, Inc.",merriam-webster-inc-94c7df8b,United States,Halle 4.2,H84,,,
Merseburger Verlag,verlag-merseburger-berlin-gmbh-inh-renate-matthei,Germany,Halle 3.0,D87,,,
Merve Verlag,merve-verlag-82f67922,Germany,Halle 3.0,A138,,,
"Merz Akademie, University of Applied Arts, Design and Media",merz-akademie,Germany,Halle 4.1,J79 / Campus Weekend,,,
MetaComet Systems,metacomet-systems,United States,Halle 4.2,H31,,,
Metafisica Tercer Milenio Editores SL - MTM Editores,metafisica-tercer-milenio-editores-sl---mtm-editores,Spain,Halle 3.1,E131,,,
Meta Systems Publishing & Printservices GmbH,meta-systems-publishing--printservices-gmbh,Germany,Halle 4.1,H93,,,
"MFA Publications, Museum of Fine Arts",mfa-publications-museum-of-fine-arts,United States,Halle 4.2,E52,,,
MF Éditions,ditions-mf,France,Halle 3.1,G145,,,
MFG Medien- und Filmgesellschaft Baden-Württemberg mbH,mfg-medien--und-filmgesellschaft-baden-wrttemberg-mbh-ac47868c,Germany,Halle 5.0,B86,,,
MGGU - Giersch der Goethe-Universität,mggu---giersch-der-goethe-universitt,Germany,,,Johannes Heisig,MGGU - Giersch der Goethe-Universität,
MGGU - Giersch der Goethe-Universität,mggu---giersch-der-goethe-universitt,Germany,,,Christine Karmann,MGGU - Giersch der Goethe-Universität,
MGGU - Giersch der Goethe-Universität,mggu---giersch-der-goethe-universitt,Germany,,,Michael Opitz,MGGU - Giersch der Goethe-Universität,
MGGU - Giersch der Goethe-Universität,mggu---giersch-der-goethe-universitt,Germany,,,Susanne Wartenberg,MGGU - Giersch der Goethe-Universität,
Mialet-Barrault Éditeurs (part of Madrigall),mialet-barrault-diteurs,France,Halle 3.1,H97,,,
Michael Imhof Verlag GmbH & Co. KG,michael-imhof-verlag-gmbh--co-kg-409926b1,Germany,Halle 3.0,G157,,,
Michael Müller Verlag GmbH,michael-mller-verlag-gmbh-ce88bef4,Germany,Halle 5.0,B122,,,
Michael O'Mara Books Ltd.,michael-omara-books-ltd-51aaff71,United Kingdom,Halle 4.2,B48,Aimée Fox,Michael O'Mara Books Ltd.,Foreign Rights Executive
Michel Lafon,michel-lafon-publishing,France,Halle 3.1,G125,,,
Michelle Kass Associates Ltd,michelle-kass-associates-ltd-f8fecc4f,United Kingdom,Halle 1.2,LitAg,,,
Michelle Reiter,michelle-manuela-reiter,Germany,Festhalle,A71,,,
"Micro Magazine, Inc.",micro-magazine-inc,Japan,Halle 3.1,H23 / Comics Business Centre,,,
Midas Verlag AG,midas-verlag-ag-6dc7ec45,Switzerland,Halle 3.0,F97,,,
Midori Harada,midori-harada,Germany,Halle 4.0,A91,Nicole Suzuki,Midori Harada,Managerin
Midsummer Ltd.,midsummer-ltd,Israel,Halle 4.1,K9 / Audio Business Centre,Yaara Erlich Beer,Midsummer Ltd.,Bizdev associate
Mijade,mijade-48d3dfe1,Belgium,Halle 3.1,H72,,,
mikrotext,mikrotext,Germany,Halle 3.0,B72,Nikola Richter,mikrotext,Verlegerin
Mila Éditions (part of Miscellane group),mila-ditions,France,Halle 3.1,J131,,,
Milan (part of Bayard),editions-milan-0236e15c,France,Halle 3.1,H97,,,
MILENA Verlag,milena-verlag,Austria,Halle 5.0,E13,,,
"Milflores Publishing, Inc.",milflores-publishing-inc,Philippines,Halle 5.1,A95,,,
"Millennium Liber, S.L.",millennium-liber-sl,Spain,Halle 3.0,F125,Martha Barrios-Kraft,"Millennium Liber, S.L.",
"Millennium Liber, S.L.",millennium-liber-sl,Spain,Halle 3.0,F125,Alberto Sanchez,"Millennium Liber, S.L.",Editor
Millennium Packaging Group International Ltd,millennium-packaging-group-international-ltd,Hong Kong,Halle 5.1,D121,,,
Milo Books Ltd.,milo-books-ltd,United Kingdom,Halle 4.2,D87,,,
Mi:Lu Publishing,milu-publishing,Czechia,Halle 3.1,C65,Tomas Rizek,Mi:Lu Publishing,Publisher / Illustrator
Mindvolution Limited,mindvolution-limited,Hong Kong,Halle 5.1,D121,,,
Ming Pao Education Publications Ltd.,ming-pao-education-publications-ltd,Hong Kong,Halle 5.1,D121,,,
Ming Pao Publications Limited,ming-pao-publications-limited,Hong Kong,Halle 5.1,D121,,,
Minibombo,tiwi-studio-srl,Italy,Halle 3.1,B134,,,
Ministère de la Fédération Wallonie-Bruxelles Promotion des Lettres,ministre-de-la-fdration-wallonie-bruxelles-promotion-des-lettres,Belgium,Halle 3.1,F97,,,
Ministerio de Cultura,ministerio-de-cultura,Spain,Halle 3.1,D135,,,
"Ministerio de las Culturas, las Artes y el Patrimonio de Chile",ministry-of-cultures-arts-and-heritage-of-chile,Chile,Halle 3.1,F102,,,
"Ministerio de las Culturas, las Artes y los Saberes",biblioteca-nacional-de-colombia---ministerio-de-las-culturas-las-artes-y-los-saberes,Colombia,Halle 3.1,E83,Isabel Cristina Giraldo Ramírez,"Ministerio de las Culturas, las Artes y los Saberes",Coordinator of Colombia's Participation at the Frankfurt International Book Fair
Ministry of Culture of Romania,ministry-of-culture-of-romania-9da03d0c,Romania,Halle 3.1,B86,Alexandru Popescu,Ministry of Culture of Romania,Ministry of Culture of Romania
Ministry of Foreign Affairs,ministry-of-foreign-affairs,Chile,Halle 3.1,F102,,,
mintloop,mintloop,Germany,,,,,
Mirabilis Verlag Barbara Miklaw,mirabilis-verlag-barbara-miklaw,Germany,Halle 3.0,B53,,,
"Mirae N Co., Ltd.",mirae-n-co-ltd,Republic of Korea,Halle 5.1,A143,,,
Miscellane,groupe-miscellane,France,Halle 3.1,J131,,,
Miscellane group,circonflexe-part-of-miscellane-group,France,Halle 3.1,J131,,,
Mison Publishing House,mison-publishing-house,Ukraine,Halle 3.1,C13,Kateryna Vasylenkova,Mison Publishing House,
MIŠ Publishing - Založba MIŠ,zaloba-mi---mi-publishing-751e6c2b,Slovenia,Halle 3.1,C35,,,
Missing Link Versandbuchhandlung eG,missing-link-versandbuchhandlung-eg-26452351,Germany,Halle 4.1,J80,,,
Miss Motte Audio GmbH,miss-motte-audio-gmbh,Germany,Halle 4.0,H17,Ilinca Herdlicka,Miss Motte Audio GmbH,
MISTU,mistu,Guatemala,Halle 3.1,E62,,,
MITGIFT Verlag,mitgift-verlag,Austria,Halle 5.0,E13,,,
MKF Logistics PVT LTD,mkf-logistics-pvt-ltd,India,Halle 4.2,E5,,,
Mladinska knjiga Zalozba d.d.,mladinska-knjiga-zalozba-dd-bc1fac45,Slovenia,Halle 3.1,D30,,,
MM Educational Group,mm-publications-sa-7a253b19,Greece,Halle 4.1,C1,,,
mobile.schule Campus GmbH,mobileschule-campus-gmbh,Germany,,,Andreas Hofmann,mobile.schule Campus GmbH,
Moccagroup,moccagroup,Thailand,Halle 5.1,A113,,,
Modern Education Press,modern-education-press,China,Halle 5.1,D147,,,
"Modern Press Co., Ltd.",modern-press-co-ltd,China,Halle 5.1,D147,,,
Mohammed Bin Rashid Al Maktoum Knowledge Foundation,mohammed-bin-rashid-al-maktoum-knowledge-foundation-7a57ace3,United Arab Emirates,Halle 4.1,D31,,,
Mohrbooks AG Literary Agency,mohrbooks-ag-literary-agency-14faac78,Switzerland,Halle 1.2,LitAg,,,
Mohr Siebeck GmbH & Co. KG,mohr-siebeck-gmbh--co-kg-6add309e,Germany,Halle 4.1,E53,Chiara Killenberger,Mohr Siebeck GmbH & Co. KG,Data Management
Mohr Siebeck GmbH & Co. KG,mohr-siebeck-gmbh--co-kg-6add309e,Germany,Halle 4.1,E53,Kendra Mäschke,Mohr Siebeck GmbH & Co. KG,Leitung Marketing
Mohr Siebeck GmbH & Co. KG,mohr-siebeck-gmbh--co-kg-6add309e,Germany,Halle 4.1,E53,Alexander Rieger,Mohr Siebeck GmbH & Co. KG,Assistent der Geschäftsleitung
Mohr Siebeck GmbH & Co. KG,mohr-siebeck-gmbh--co-kg-6add309e,Germany,Halle 4.1,E53,László Simon-Nanko,Mohr Siebeck GmbH & Co. KG,Head of Sales and Customer Service
Mohr Siebeck GmbH & Co. KG,mohr-siebeck-gmbh--co-kg-6add309e,Germany,Halle 4.1,E53,Eva Wantzen,Mohr Siebeck GmbH & Co. KG,Key Account Manager
Mohr Siebeck GmbH & Co. KG,mohr-siebeck-gmbh--co-kg-6add309e,Germany,Halle 4.1,E53,Ove Kähler,Mohr Siebeck GmbH & Co. KG,Geschäftsführer
Mohr Siebeck GmbH & Co. KG,mohr-siebeck-gmbh--co-kg-6add309e,Germany,Halle 4.1,E53,Manuela Kerkhoff,Mohr Siebeck GmbH & Co. KG,Rechte & Lizenzen
Mo Literary Services,mo-literary-services,Netherlands,Halle 1.2,LitAg,,,
MoMA – The Museum of Modern Art,moma--the-museum-of-modern-art,United States,Halle 4.2,E52,Hannah Kim,MoMA – The Museum of Modern Art,Business and Marketing Director
Mondadori Libri S.p.A.,mondadori-imprint-of-gruppo-mondadori,Italy,Halle 3.1,D142,,,
Mondlicht Verlag,mondlicht-verlag,Germany,Festhalle,C18,,,
Monika Kempf Literaturagentur,monika-kempf-literaturagentur,Germany,Halle 1.2,LitAg,,,
monkey.moods Verlags GmbH,monkeymoods-verlags-gmbh,Austria,Halle 5.0,E13,,,
Monokel,monokel,Slovakia,Halle 3.1,C50,,,
Moody Publishers,moody-publishers-ed8b0028,United States,Halle 4.2,C89,,,
Moon Notes im Verlag Friedrich Oetinger GmbH,moon-notes-im-verlag-friedrich-oetinger-726c1ca6,Germany,Halle 4.0,B32,,,
Moon S.r.l.,moon-srl,Italy,Halle 4.2,M69,,,
Moore Street Media,rockpool-publishing-pty-ltd,Australia,Halle 4.2,J73,Hayley Tomlinson,Moore Street Media,
Moore Street Media,rockpool-publishing-pty-ltd,Australia,Halle 4.2,J73,Lisa Hanrahan,Moore Street Media,
Moore Street Media,rockpool-publishing-pty-ltd,Australia,Halle 4.2,J73,Vicky Smith,Moore Street Media,
Moore Street Media,rockpool-publishing-pty-ltd,Australia,Halle 4.2,J73,Jon Stefani,Moore Street Media,
Moore Street Media,rockpool-publishing-pty-ltd,Australia,Halle 4.2,J73,Lesley Williams,Moore Street Media,
Móra Könyvkiadó,mra-kiad,Hungary,Halle 3.1,C34,,,
Moravian Library,moravian-library,Czechia,Halle 3.1,C65,Martina Bartonova,Moravian Library,Coordinator
Moravian Library,moravian-library-0a59b4ce,Czechia,Halle 3.1,H23 / Comics Business Centre,Andrea Vinšová,Moravian Library,
Mörderische Schwestern e.V.,mrderische-schwestern-ev,Germany,Halle 5.0,D43,,,
Morex GM Sp. z o.o.,awm-morex,Poland,Halle 3.1,B54,,,
Morio Verlag,morio-verlag,Germany,Halle 3.0,B112,,,
Moritz Verlag GmbH,moritz-verlag-gmbh-3c844556,Germany,Halle 4.0,C16,,,
Mosaic Press,mosaic-press-92150811,Canada,Halle 4.2,G41,Jeannette Aster,Mosaic Press,Publishing associate
Moseley Road Inc.  International Rights and Packaging,moseley-road-international,United States,Halle 4.2,K2,,,
moses. Verlag GmbH,moses-verlag-gmbh-1abf608d,Germany,Halle 4.0,D68,Paula Kohlemann,moses. Verlag GmbH,Marketing Managerin
moses. Verlag GmbH,moses-verlag-gmbh-1abf608d,Germany,Halle 4.0,D68,Friederike Wehse,moses. Verlag GmbH,
Mosquito,mosquito,France,Halle 3.1,H97,,,
Mosquito Books Barcelona SL,mosquito-books-barcelona-sl,Spain,Halle 3.1,E131,,,
Motilal Banarsidass Publications,motilal-banarsidass-publications,India,Halle 4.2,J56,Pranav Jain,Motilal Banarsidass Publications,Partner
Motilal Banarsidass Publishing House,motilal-banarsidass-publishing-house,India,Halle 4.2,F35,,,
MOVE it MEDIA GmbH,move-it-media-gmbh,Germany,Halle 4.0,C92,,,
Mozaik Education Ltd.,mozaik-education-ltd-ff8c449c,Hungary,Halle 4.1,B65,Pap András,Mozaik Education Ltd.,International Business Associate
Mozaik Education Ltd.,mozaik-education-ltd-ff8c449c,Hungary,Halle 4.1,B65,Zsuzsa László,Mozaik Education Ltd.,Business Development Manager
Mozaik Education Ltd.,mozaik-education-ltd-ff8c449c,Hungary,Halle 4.1,B65,Alexander Pushkin,Mozaik Education Ltd.,Business Development Manager
Mozaik Education Ltd.,mozaik-education-ltd-ff8c449c,Hungary,Halle 4.1,B65,Dr. Laura Tashman,Mozaik Education Ltd.,Business Development Manager
Mozaik Education Ltd.,mozaik-education-ltd-ff8c449c,Hungary,Halle 4.1,B65,Peter Török,Mozaik Education Ltd.,Deputy CEO
MPS Limited,mps-limited,India,Halle 4.1,G47,Shikha Bhati,MPS Limited,Event Coordinator - Marketing
MR Ediciones Imprint of Planeta Corporación S.R.L.,mr-ediciones-imprint-of-planeta-corporacin-srl,Spain,Halle 3.1,D98,,,
MSB Matthes & Seitz Berlin Verlagsgesellschaft mbH,msb-matthes--seitz-berlin-verlagsgesellschaft-mbh-f5720cbe,Germany,Halle 3.0,C146,,,
MSH Medien System Haus GmbH & Co. KG,msh-medien-system-haus-gmbh--co-kg-c1e5a1ef,Germany,Halle 4.1,G16,,,
MS-Software GmbH,ms-software-gmbh-9ed89ae0,Germany,Halle 4.1,J79 / Workstation,Theresa Stratmann,MS-Software GmbH,Kundenberaterin
MS-Software GmbH,ms-software-gmbh-9ed89ae0,Germany,Halle 4.1,J79 / Workstation,Manuela Stratmann,MS-Software GmbH,Vertrieb und Kundenbetreuung
MS-Software GmbH,ms-software-gmbh-9ed89ae0,Germany,Halle 4.1,J79 / Workstation,Jonas Struck,MS-Software GmbH,Projektleitung
MTLS Literary Scouts Ltd.,mira-trenchard-literary-scouting-d9e64b31,United Kingdom,Halle 1.2,LitAg,,,
MTS Edizioni,mts-edizioni-srls,Italy,Halle 3.1,B102,Simone Carbone,MTS Edizioni,Author
MTS Edizioni,mts-edizioni-srls,Italy,Halle 3.1,B102,Lucia Mitidieri,MTS Edizioni,
Multibem Publications,multibem-publications,Türkiye,Halle 3.1,G58,,,
Multilingual Matters Channel View Publications Ltd.,multilingual-matters-channel-view-publications-ltd-dd56cfc9,United Kingdom,Halle 4.1,G89,,,
MultiSkript,multiskript-ug,Germany,Halle 3.0,D87,,,
"Munárriz Márquez Dos Passos, S.L",munrriz-mrquez-dos-passos-sl,Spain,Halle 1.2,LitAg,Daniela Forero,"Munárriz Márquez Dos Passos, S.L",Agent
Münchner Verlagsgruppe GmbH,mnchner-verlagsgruppe-gmbh-028dd371,Germany,Halle 3.0,A35,,,
Mundt Agency UK,mundt-agency-uk-f52a9fec,United Kingdom,Halle 4.2,G85,,,
Munhakdongne Publishing Corp.,munhakdongne-publishing-corp,Republic of Korea,Halle 5.1,A143,,,
Munpia Inc.,munpia-inc,Republic of Korea,Halle 5.1,A143,,,
Münster Verlag GmbH,mnster-verlag-gmbh-co-persnlich-verlag-ag,Switzerland,Halle 5.0,B117,Nico Klemann,Münster Verlag GmbH,Verleger
Münzgalerie München HandelsgmbH & Co. Joker KG - Kochbuch-Verlag Olli Leeb,mnzgalerie-mnchen-handelsgmbh--co-joker-kg---kochbuch-verlag-olli-leeb,Germany,Halle 5.0,C75,,,
Murdoch Books,murdoch-books-960e331b,United Kingdom,Halle 4.2,G107,,,
Murmann Publishers GmbH,murmann-publishers-gmbh,Germany,Halle 3.0,G93,,,
murmeldick.de / Matthias Fuhrland,murmeldickde--matthias-fuhrland,Germany,Halle 4.0,H51,Matthias Fuhrland,murmeldick.de / Matthias Fuhrland,
Murmures,murmures,,Halle 1.2,LitAg,,,
Müry Salzmann Verlag,mry-salzmann-verlag,Austria,Halle 5.0,D15,,,
MuseArta GmbH,musearta-gmbh,Germany,Halle 5.0,C114,Hossam Abdelhalim,MuseArta GmbH,
MuseArta GmbH,musearta-gmbh,Germany,Halle 5.0,C114,Alexander Chaykovskiy,MuseArta GmbH,
Museum für Kommunikation,museum-fr-kommunikation,Germany,,,,,
Museum of Modern Art in Warsaw,muzeum-sztuki-nowoczesnej,Poland,Halle 3.1,B54,,,
Mushens Entertainment Ltd,mushens-entertainment-ltd-346eb144,United Kingdom,Halle 1.2,LitAg,,,
Musumeci SRL a socio unico,musumeci-spa-a-socio-unico,Italy,Halle 3.1,B134,Luisa Ferrandi,Musumeci SRL a socio unico,
MVB,mvb-gmbh,Germany,Halle 4.1,G15,Katrin Friedl,MVB,Marketing Managerin
MVB,mvb-gmbh,Germany,Halle 4.1,G15,Anna Göckel,MVB,
MVB,mvb-gmbh,Germany,Halle 4.1,G15,Sophie O'Neill,MVB Books UK,Managing Director
MVB,mvb-gmbh,Germany,Halle 4.1,G15,Gabriele Richardt,MVB,
MVB,mvb-gmbh,Germany,Halle 4.1,G15,Eva Singer,MVB,Key Account Managerin Digital
MVB,mvb-gmbh,Germany,Halle 4.1,G15,Rahel Trotta,MVB,Key Account Managerin Buchhandel VLB-TIX
MVB,mvb-gmbh,Germany,Halle 4.1,G15,Karolin Weide,MVB,Leitung Produktbereich Büchergutschein
MVB,mvb-gmbh,Germany,Halle 4.1,G15,Michael Falcus,MVB,
MVB,mvb-gmbh,Germany,Halle 4.1,G15,Markus Fertig,MVB,PR-Manager
MVB,mvb-gmbh,Germany,Halle 4.1,G15,Susanne Fuchs,MVB,Key Account Managerin Digital
M-V-MEDIA  Norbert Böddecker,m-v-media--norbert-bddecker-5e46728b,Germany,Agora,A30,,,
myCostumes - Kostüme und Accessoires Nathalie Quillmann,mycostumes---kostme-und-accessoires-nathalie-quillmann,Germany,Festhalle,A42,,,
Myown-Verlag Rebecca Wilhelm,myown-verlag-rebecca-wilhelm,Germany,Halle 4.0,H70,,,
My Royal Tree Srl,my-royal-tree-srl,Italy,Halle 1.2,LitAg,,,
myshow Verlag,myshow-verlag,Germany,Halle 3.0,G93,Carola Christiansen,myshow Verlag,
myshow Verlag,myshow-verlag,Germany,Halle 3.0,G93,Westhagen Claudia,myshow Verlag,"Autorin, Verlegerin, Buch- und Filmlizenzen"
myshow Verlag,myshow-verlag,Germany,Halle 3.0,G93,Swart Katrin,myshow Verlag,Mentorin für Sternenmamas und Autorin
myshow Verlag,myshow-verlag,Germany,Halle 3.0,G93,Norma K. Koenig,myshow Verlag,Schriftstellerin
myshow Verlag,myshow-verlag,Germany,Halle 3.0,G93,Hannelore Koch,myshow Verlag,Autorin
myshow Verlag,myshow-verlag,Germany,Halle 3.0,G93,Baier Thomas,myshow Verlag,Head of Licenses and Sales
myshow Verlag,myshow-verlag,Germany,Halle 3.0,G93,Peter Vogel,myshow Verlag,
Mystetskyi Arsenal National Art and Culture Museum Complex,mystetskyi-arsenal-national-art-and-culture-museum-complex,Ukraine,Halle 3.0,H120,,,
Nachtschatten Verlag AG,nachtschatten-verlag-ag-69cc18f9,Switzerland,Halle 3.0,G93,,,
Nadie Distribuye SA de CV,nadie-distribuye-sa-de-cv,Mexico,Halle 3.1,E96,Alonso Salmerón,Nadie Distribuye SA de CV,
Nakladatelstvi CREW,nakladatelstvi-crew,Czechia,Halle 3.1,C65,,,
Nakladatelstvi Svet,published-by-svet,Czechia,Halle 3.1,C65,Petr Ondrusak,Nakladatelstvi Svet,
"Nankodo Co., Ltd.",nankodo-co-ltd-08962fae,Japan,Halle 4.1,E54,,,
"Nanmee Books Co., Ltd.",nanmee-books-co-ltd,Thailand,Halle 5.1,A113,,,
Narodni galerie v Praze / National Gallery Prague,narodni-galerie-v-praze--national-gallery-prague,Czechia,Halle 3.1,C65,,,
Národní technické muzeum - National technical museum,nrodn-technick-muzeum---national-technical-museum,Czechia,Halle 3.1,C65,,,
Narodowe Centrum Kultury,narodowe-centrum-kultury,Poland,Halle 3.1,B54,,,
Narr Francke Attempto Verlag GmbH + Co. KG,narr-francke-attempto-verlag-gmbh--co-kg-f5ab132b,Germany,Halle 3.0,A120,,,
Nash Format Publishers,nash-format-publishers,Ukraine,Halle 3.1,C13,,,
Nathan (part of Editis),editions-nathan,France,Halle 3.1,H96,,,
National Arts Council Singapore,national-arts-council-singapore,Singapore,Halle 5.1,B67,,,
"National Book Centre, Ministry of Cultural Affairs, Government of the People's Republic of Bangladesh",national-book-centre-ministry-of-cultural-affairs-government-of-the-peoples-republic-of-bangladesh,Bangladesh,Halle 4.2,G39,,,
National Book Development Board - Philippines,national-book-development-board---philippines,Philippines,Halle 5.1,A95,Anthony Steven Belgira,National Book Development Board - Philippines,Project Development Officer
National Book Development Board - Philippines,national-book-development-board---philippines,Philippines,Halle 5.1,A95,Vincent Paolo Naval,National Book Development Board - Philippines,Industry Development Officer
"National Book Trust, India",national-book-trust-india,India,Halle 4.2,F35,Ibrahim Alsalama,"National Book Trust, India",Commercial & Business Development Section Head
"National Book Trust, India",national-book-trust-india,India,Halle 4.2,F35,Werner Bandel,"National Book Trust, India",
"National Book Trust, India",national-book-trust-india,India,Halle 4.2,F35,Kumar Vikram,"National Book Trust, India",Chief Editor & Joint Director
"National Book Trust, India",national-book-trust-india,India,Halle 4.2,F35,Surekha Sachdeva,"National Book Trust, India",
National Council for Promotion of Urdu Language,national-council-for-promotion-of-urdu-language,India,Halle 4.2,F35,,,
National Galleries Scotland,national-galleries-of-scotland-publishing,United Kingdom,Halle 4.2,H108,Catherine Aitken,National Galleries Scotland,Publishing Project Editor
National Galleries Scotland,national-galleries-of-scotland-publishing,United Kingdom,Halle 4.2,H108,Megan Boyle,National Galleries Scotland,
National Library of China Publishing House,national-library-of-china-publishing-house,China,Halle 5.1,D140,,,
National Library of Estonia,national-library-of-estonia,Estonia,Halle 3.1,B34,,,
National State Book Chamber of the Republic of Kazakhstan,national-state-book-chamber-of-the-republic-of-kazakhstan,Kazakhstan,Halle 3.1,G49,,,
National Taiwan University Press,national-taiwan-university-press,Taiwan,Halle 4.2,F69,,,
Natoli Stefan & Oliva S.a.s Agenzia Letteraria,natoli-stefan--oliva-sas-agenzia-letteraria-cf828159,Italy,Halle 1.2,LitAg,,,
Natuli,natuli,Poland,Halle 3.1,B54,,,
Nature Portfolio,nature-portfolio,,Halle 4.1,E16,,,
Naturzeit Reiseverlag e.K. - Vanlife Guides & Familienreiseführer,naturzeit-reiseverlag-ek---vanlife-guides--familienreisefhrer,Germany,Halle 5.0,A115,,,
NautaColecciones Editores,nautacolecciones-editores,Chile,Halle 3.1,F102,,,
Nederlands Letterenfonds Dutch Foundation for Literature,nederlands-letterenfonds-dutch-foundation-for-literature-af0561e7,Netherlands,Halle 3.1,E21,,,
"Neissuferverlag GbR Brückner, Hörhold & Thiem",neissuferverlag-gbr-brckner-hrhold--thiem,Germany,Halle 3.0,B62,,,
Neko Books Imprint of Planeta Corporación S.R.L.,neko-books-imprint-of-planeta-corporacin-srl,Spain,Halle 3.1,D98,,,
"NE Neungyule, Inc.",ne-neungyule-inc,Republic of Korea,Halle 4.1,C79,Joon Soh,"NE Neungyule, Inc.",Manager
Neodharma Éditions,neodharma-ditions,Canada,Halle 3.1,F85,BÉATRICE LAFLAMME,Neodharma Éditions,Président - Fondateur
Neofelis Verlag GmbH,neofelis-verlag-gmbh,Germany,Halle 3.0,B66,,,
Neografia,neografia,Slovakia,Halle 3.1,C50,,,
NERDIC GmbH,nerdic-gmbh,Germany,Festhalle,C91,Gianni Sommer,NERDIC GmbH,CEO
NERDIC GmbH,nerdic-gmbh,Germany,Festhalle,C91,Alice Wensch,NERDIC GmbH,Communcations Manager
NeroVerlag,neroverlag,Germany,Halle 3.0,D87,,,
Netflix Services Germany GmbH,netflix-services-germany-gmbh,Germany,,,,,
NetGalley LLC,netgalley-llc,United States,Halle 4.2,H31,,,
Networking Areal - Frankfurter Buchmesse,networking-areal---frankfurter-buchmesse,Germany,Halle 3.1,G29,,,
Neue Erde GmbH,neue-erde-gmbh-4f038493,Germany,Halle 3.0,G93,,,
Neue Freunde GmbH,neue-freunde-gmbh,Germany,Halle 5.0,E118,,,
Neukirchener Verlagsgesellschaft mbH,neukirchener-verlagsgesellschaft-mbh,Germany,Halle 3.0,F61,,,
Neukirchener Verlagsgesellschaft mbH,neukirchener-verlagsgesellschaft-mbh-504c4c33,Germany,Halle 3.0,G65,,,
new academic press,new-academic-press,Austria,Halle 5.0,E13,,,
New Era Publications International ApS,new-era-publications-international-aps-2b4b6be8,Denmark,Halle 3.1,G26,Francesca Csorba,New Era Publications International ApS,Director of Public Relations
New Era Publications International ApS,new-era-publications-international-aps-2b4b6be8,Denmark,Halle 3.1,G26,Alexey Gribanov,New Era Publications International ApS,Director of International Sales
New Era Publications International ApS,new-era-publications-international-aps-2b4b6be8,Denmark,Halle 3.1,G26,Antonello Peronnia,New Era Publications International ApS,Vice President for PR & Distribution
Newgen KnowledgeWorks,newgen-knowedgeworks,United Kingdom,Halle 4.1,G30,,,
New Harbinger Publications,new-harbinger-publications-7cae5b34,United States,Halle 4.2,H39,,,
New Island Books,new-island-books,Ireland,Halle 5.1,C49,,,
New Life Ministries,new-life-ministries-846a5dc8,Japan,Halle 3.1,H56,,,
Newmag Publishing House,newmag-publishing-house,Armenia,Halle 3.1,B11,,,
New River Literary Ltd.,new-river-literary-ltd-34538f18,United Kingdom,Halle 1.2,LitAg,,,
NewSouth Books,newsouth-books,Australia,Halle 4.2,J73,Andrew Robertson,NewSouth Books,Sales Manager
"New Star Press Co., Ltd.",new-star-press-co-ltd,China,Halle 5.1,D152,,,
New Vessel Press,new-vessel-press,United States,Halle 4.2,K14,,,
New World Press,new-world-press,China,Halle 5.1,D152,,,
New York University Press,new-york-university-press-cc85743e,United States,Halle 4.1,E33,,,
Nextquisite Ltd,nextquisite-ltd-80e311a0,United Kingdom,Halle 4.2,D86,,,
Nielsen Book Services Ltd.,nielsen-book-services-ltd-94e128dd,United Kingdom,Halle 4.2,E38,Mariana Bueno,Nielsen Book Services Ltd.,Coordinator of Economic and Market Research
Nielsen Book Services Ltd.,nielsen-book-services-ltd-94e128dd,United Kingdom,Halle 4.2,E38,Stephanie Enderby,Nielsen Book Services Ltd.,Head of Marketing
Nielsen Book Services Ltd.,nielsen-book-services-ltd-94e128dd,United Kingdom,Halle 4.2,E38,Hazel Kenyon,Nielsen Book Services Ltd.,BookData Commercial Director
Nielsen Book Services Ltd.,nielsen-book-services-ltd-94e128dd,United Kingdom,Halle 4.2,E38,Vikrant Mathur,Nielsen Book Services Ltd.,
Nielsen Book Services Ltd.,nielsen-book-services-ltd-94e128dd,United Kingdom,Halle 4.2,E38,Fabien Rondeau,Nielsen Book Services Ltd.,
Nielsen Mexico Services S de RL de CV,nielsen-mexico-services-s-de-rl-de-cv,Mexico,Halle 3.1,E96,DAVID PEMAN,Nielsen Mexico Services S de RL de CV,
Nifam,nifam,Chile,Halle 3.1,F102,,,
"Ningbo Haigong Printing Co., Ltd.",ningbo-haigong-printing-co-ltd,China,Halle 3.0,G138,,,
"Ningbo Ricky Trading Co., Ltd.",ningbo-ricky-trading-co-ltd,China,Halle 4.2,L18,,,
Nito Kitap (Nurten Nalan Alkan),nito-kitap-nurten-nalan-alkan,Türkiye,Halle 3.1,G58,,,
Nobel Academic Publishing,nobel-academic-publishing,Türkiye,Halle 3.1,G70,,,
Noble Publishing Hub,noble-publishing-hub,United States,Halle 4.2,M16,,,
Noema Magazine,berggruen-institute,United States,Halle 4.2,K18,Marianne Andres,Noema Magazine,Event Specialist
Noema Magazine,berggruen-institute,United States,Halle 4.2,K18,Tami Abdollah,Noema Magazine,Deputy Editor
Noema Magazine,berggruen-institute,United States,Halle 4.2,K18,Jennifer Prohov,Noema Magazine,Content Strategist
noinoi,technisat-digital-gmbh,Germany,Halle 4.0,F1,,,
Nomen Verlag,nomen-verlag,Germany,Halle 3.0,D87,,,
Nonbook 5.0 - Frankfurter Buchmesse,nonbook-30---frankfurter-buchmesse-504b4961,Germany,Halle 5.0,E143,,,
nonsolo Verlag UG,nonsolo-verlag-ug,Germany,Halle 3.0,B69,,,
Norbert Biba  Autoglasdoktor,norbert-biba--autoglasdoktor,Germany,Agora,E17,,,
Nord Compo,nord-compo,France,Halle 4.2,E13,Laurence Bennett,Nord Compo,"Executive Director, North America"
Nord Compo,nord-compo,France,Halle 4.2,E13,Arnaud LECOMPTE,Nord Compo,Vice President of Sales
Nord Compo,nord-compo,France,Halle 4.2,E13,Kathy Krenzien,Nord Compo,Business Development
Nordin Agency AB,nordin-agency-ab-6e7ee511,Sweden,Halle 1.2,LitAg,,,
NordSüd Verlag AG,nordsd-verlag-ag-fcb090a1,Switzerland,Halle 4.0,F21,Jacqueline Frei,NordSüd Verlag AG,
NordSüd Verlag AG,nordsd-verlag-ag-fcb090a1,Switzerland,Halle 4.0,F21,Janine Moor,NordSüd Verlag AG,Head of Administration
"NORLA Norwegian Literature Abroad, fiction & Non-fiction",norla-norwegian-literature-abroad-fiction--non-fiction-b56a5f01,Norway,Halle 3.1,B70,,,
Norma Editorial S.A.,norma-editorial-sa,Spain,Halle 3.1,E131,,,
Norstedts Agency Foerlagsgrupp AB,norstedts-agency-foerlagsgrupp-ab-09e88ee8,Sweden,Halle 1.2,LitAg,,,
North Atlantic Books,north-atlantic-books-5ba556b6,United States,Halle 4.2,H81,Sarah Serafimidis,North Atlantic Books,Associate Director of Rights
North Atlantic Books,north-atlantic-books-5ba556b6,United States,Halle 4.2,H81,Maxie Moua,North Atlantic Books,
Northern Stories,northern-stories,Norway,Halle 1.2,LitAg,,,
Northern Women And Children's Publishing House,northern-women-and-childrens-publishing-house,China,Halle 5.1,D147,,,
North Parade Publishing Limited,north-parade-publishing-limited-430443f1,United Kingdom,Halle 6.1,B86,,,
North Parade Publishing Limited,north-parade-publishing-limited,United Kingdom,Halle 4.2,K108,,,
"NorthSouth Books, Inc.",northsouth-books-inc-3c92717b,United States,Halle 4.0,F21,,,
"No Starch Press, Inc",no-starch-press-inc-f03b661c,United States,Halle 4.1,D64,,,
Nosy Crow Ltd.,nosy-crow-ltd-b6cb53bd,United Kingdom,Halle 4.2,A2,Abby Donaldson,Nosy Crow Ltd.,Rights Assistant
Nouvelle Cité (part of Elidia),nouvelle-cit-part-of-elidia,France,Halle 3.1,G145,,,
Nová beseda,nov-beseda,Czechia,Halle 3.1,C65,,,
Novalis Publishing Inc.,novalis-publishing-inc,Canada,Halle 4.2,H22,,,
Nova MD GmbH,nova-md-gmbh,Germany,Festhalle,B33,,,
novum publishing gmbH,novum-publishing-gmbh-2b9671a4,Austria,Halle 3.0,B46,,,
N Press s.r.o.,n-press-sro,Slovakia,Halle 3.1,C50,,,
NubeOcho Planet 8 Group S.L. (Album),nubeocho-planet-8-group-sl-album,Spain,Halle 3.1,D135,,,
Nünnerich-Asmus Verlag & Media GmbH,nnnerich-asmus-verlag--media-gmbh-d8935046,Germany,Halle 3.0,D157,,,
Nutech Print Services Pvt Ltd,nutech-print-services-75e41724,India,Halle 4.2,A65,,,
Obrador Editorial S.L.,obrador-editorial-sl,Spain,Halle 3.1,E131,,,
Occhialispessi,softed-sas-di-santi-paolo--c,Italy,Halle 3.1,B102,,,
Odia Media Private Limited,odia-media-private-limited,India,Halle 4.2,K70,,,
Odile Jacob,odile-jacob-sas,France,Halle 3.1,G145,,,
Oficina do Livro,oficina-do-livro,Portugal,Halle 3.1,F139,,,
Ofset Yapimevi,ofset-yapimevi-d306fe9e,Türkiye,Halle 3.0,G139,,,
OGAI Technologies Private Limited,ogai-technologies-private-limited,India,Halle 4.0,C30,Tamilselvam G,OGAI Technologies Private Limited,Managing Director & CEO
OGAI Technologies Private Limited,ogai-technologies-private-limited,India,Halle 4.0,C30,Satheesh K,OGAI Technologies Private Limited,Assistant Vice President
"Ohmsha, Ltd.",ohmsha-ltd,Japan,Halle 4.2,F34,,,
Okidokid,okidokid,France,Halle 3.1,J131,,,
Ökobuch Verlag GmbH,kobuch-verlag-gmbh-8b5d7d04,Germany,Halle 3.0,C24,,,
Okumayi Tesvik Dernegi / Turkiye,okumayi-tesvik-dernegi--turkiye,Türkiye,Halle 3.0,H54,,,
Oliver Wurm / Medienverlag,oliver-wurm--medienverlag,Germany,Halle 3.0,B99,,,
"Ölsner Verlag, Inhaberin: Carolin Ölsner",lsner-verlag-inhaberin-carolin-lsner,Germany,Halle 4.0,B87,,,
Om Book Shop,om-book-shop-5805b8de,India,Halle 4.2,A40,,,
Om Books International,om-books-international-cd447edf,India,Halle 4.2,A42,,,
Omes Yayincilik Dagitim ve Ticaret Grubu,omes-yayincilik-dagitim-ve-ticaret-grubu,Türkiye,Halle 3.1,G58,,,
OmniLibris LLC,omnilibris-llc,United States,,,,,
Ömür Printing & Packaging,mr-printing--packaging,Türkiye,Halle 4.2,E30,Onur Alkan,Ömür Printing & Packaging,Deputy Export Manager
Ömür Printing & Packaging,mr-printing--packaging,Türkiye,Halle 4.2,E30,Hasan SARIKAYA,Ömür Printing & Packaging,Account Representative
Ömür Printing & Packaging,mr-printing--packaging,Türkiye,Halle 4.2,E30,Niran Yıkık,Ömür Printing & Packaging,
"OMUSUBI Co., Ltd.",omusubi-co-ltd,Japan,Halle 1.2,LitAg,,,
One30One Agency LLC - Hannigan Getzler Literary,one30one-agency-llc---hannigan-getzler-literary-89580800,United States,Halle 1.2,LitAg,,,
ONE Verlag in der Bastei Lübbe AG,one-verlag-in-der-bastei-lbbe-ag-2791f924,Germany,Halle 5.0,C65,,,
Oneworld Publications,oneworld-publications-4c54c3ef,United Kingdom,Halle 4.2,J39,,,
On ne compte pas pour du beurre,on-ne-compte-pas-pour-du-beurre,France,Halle 3.1,J131,,,
OpenAthens,jisc-services-limited-openathens-c11cdd10,United Kingdom,Halle 4.1,F69,Liv Brew,OpenAthens,
OpenAthens,jisc-services-limited-openathens-c11cdd10,United Kingdom,Halle 4.1,F69,Laura Bloomfield Hall,OpenAthens,Senior events and community manager
OpenAthens,jisc-services-limited-openathens-c11cdd10,United Kingdom,Halle 4.1,F69,Kieran Prince,OpenAthens,Business Development Manager
OpenAthens,jisc-services-limited-openathens-c11cdd10,United Kingdom,Halle 4.1,F69,Christos Skoutas,OpenAthens,Senior Business Development Manager
OpenAthens,jisc-services-limited-openathens-c11cdd10,United Kingdom,Halle 4.1,F69,Jock Wright,OpenAthens,Senior Account Manager
Open Books,open-books,Spain,Halle 3.1,E131,,,
Open Publishing GmbH / bilandia,open-publishing-gmbh--bilandia,Germany,Halle 4.1,F9,,,
Open Road Integrated Media,open-road-integrated-media,United States,Halle 4.2,H84,,,
Opolgraf Printing House,opolgraf-sa,Poland,Halle 3.0,F150,,,
ORAEN INC.,orange-agency-co-ltd,Republic of Korea,Halle 3.1,J23 / Comics Business Centre,Amandine Kim,ORAEN INC.,agent
ORAEN INC.,orange-agency-co-ltd,Republic of Korea,Halle 3.1,J23 / Comics Business Centre,Sunah Yoon,ORAEN INC.,
ORAEN INC.,orange-agency-co-ltd,Republic of Korea,Halle 3.1,J23 / Comics Business Centre,Jisoo Lee,ORAEN INC.,
ORAEN INC.,orange-agency-co-ltd,Republic of Korea,Halle 3.1,J23 / Comics Business Centre,Hyungran Moon,ORAEN INC.,
Oratia Media,oratia-media,New Zealand,Halle 4.2,G29,Peter Dowling,Oratia Media,Publisher
Orbis Books,orbis-books,United States,Halle 4.2,C81,,,
O'Reilly UK Ltd,oreilly,United Kingdom,Halle 4.1,J79 / Workstation,Helen Monroe,O'Reilly UK Ltd,Head of Rights
Orlanda Verlag GmbH,orlanda-verlag-gmbh-34329cac,Germany,Halle 3.0,C66,Annette Michael,Orlanda Verlag GmbH,Verlegerin
Orlando Publishing House,orlando-publishing-house,Spain,Halle 3.1,C13,,,
Osho International,osho-international-285a1227,United States,Halle 1.2,LitAg,,,
Oslo Literary Agency (part of Aschehoug Group),oslo-literary-agency-part-of-aschehoug-group-32885504,Norway,Halle 1.2,LitAg,,,
Osnovy Publishing,osnovy-publishing,Ukraine,Halle 3.0,F142,,,
Osnovy Publishing,osnovy-publishing-90f52890,Ukraine,Halle 3.1,C13,,,
OSTASIEN Verlag,ostasien-verlag,Germany,Halle 3.0,G93,,,
Otava Publishing Company Ltd.,otava-publishing-company-ltd,Finland,Halle 3.1,B67,Mari Kyyhkynen,Otava Publishing Company Ltd.,
Other Press,other-press-a63e6bc6,United States,Halle 1.2,PRC,,,
Otto Harrassowitz GmbH & Co. KG Booksellers & Subscription Agents,otto-harrassowitz-gmbh--co-kg-booksellers--subscription-agents-aa53ab86,Germany,Halle 4.1,G43,Julia Gegenfurtner,Otto Harrassowitz GmbH & Co. KG Booksellers & Subscription Agents,Sales Europe
Otto Müller Verlag Gesellschaft m.b.H.,otto-mller-verlag-gesellschaft-mbh,Austria,Halle 3.0,C48,,,
Ouroboros,ouroboros,Ukraine,Halle 3.1,C13,,,
Out of the Box Books Ltd,out-of-the-box-books-ltd-9f716422,United Kingdom,Halle 4.2,K78,,,
OverDrive,overdrive-0a18b84d,United States,Halle 5.1,D62,,,
"Overlap, Inc.",overlap-inc,Japan,Halle 4.2,F34,,,
Owlkids Books,owlkids-books-423440f6,Canada,Halle 4.2,H22,Karen Boersma,Owlkids Books,
Oxford University Press,oxford-university-press-a50ba5e8,United Kingdom,Halle 4.1,E91,,,
Oxford University Press (China) Ltd.,oxford-university-press-china-ltd,Hong Kong,Halle 5.1,D121,,,
P.A. Broß Verlag,pa-bro-verlag,Germany,Halle 5.0,B116,Dr. Oliver Böhme,P.A. Broß Verlag,
Pacom Korea,pacom-korea-22bcc0df,Republic of Korea,Halle 5.1,C164,,,
Pactor,pactor,Portugal,Halle 3.1,F139,,,
Pactor Kids,pactor-kids,Portugal,Halle 3.1,F139,,,
"Pagès Editors, S.L.",pags-editors-sl,Spain,Halle 3.1,E131,,,
Page & Vine / Meredith Wild LLC,page--vine--meredith-wild-llc,United States,Halle 1.2,PRC,,,
pagina GmbH Publikationstechnologien,pagina-gmbh-publikationstechnologien,Germany,Halle 4.1,H78,Lisa Dobs,pagina GmbH Publikationstechnologien,
pagina GmbH Publikationstechnologien,pagina-gmbh-publikationstechnologien,Germany,Halle 4.1,H78,Hermann Eckel,pagina GmbH Publikationstechnologien,Produktmanager BOOXITE
pagina GmbH Publikationstechnologien,pagina-gmbh-publikationstechnologien,Germany,Halle 4.1,H78,Dorothee Ronge,pagina GmbH Publikationstechnologien,
pagina GmbH Publikationstechnologien,pagina-gmbh-publikationstechnologien,Germany,Halle 4.1,H78,Larissa Schröter,pagina GmbH Publikationstechnologien,
pagina GmbH Publikationstechnologien,pagina-gmbh-publikationstechnologien,Germany,Halle 4.1,H78,Sabine Ott,pagina GmbH Publikationstechnologien,
Pagony Kiadó / Orchard Global,pagony-kiad--orchard-agency,Hungary,Halle 3.1,C34,,,
Päike ja Pilv,pike-ja-pilv,Estonia,Halle 3.1,B34,,,
Palacký University Press,palack-university-press,Czechia,Halle 3.1,C65,,,
Paladise GmbH,paladise-gmbh,Germany,Halle 5.0,D142,,,
Palette... (part of Miscellane group),palette-ditions-part-of-miscellane-group,France,Halle 3.1,J131,,,
Palgrave Macmillan,palgrave-macmillan-c963e3ef,,Halle 4.1,E16,,,
Palitra L Publishing Ltd.,palitra-l-publishing-ltd,Georgia,Halle 3.1,A52,,,
PalmArtPress,palmartpress-a5fe029d,Germany,Halle 3.0,B111,Catharine Nicely,PalmArtPress,Verlegerin
Paloma Agency AB,paloma-agency-ab,Sweden,Halle 1.2,LitAg,,,
Palo Publishing,palo-publishing,Thailand,Halle 5.1,A113,,,
PAL Verlagsgesellschaft mbH,pal-verlagsgesellschaft-mbh,Germany,Halle 3.0,F61,,,
"Pamiela Etxa, S.L.",pamiela-etxa-sl,Spain,Halle 3.1,E104,,,
Pampa Negra Ediciones,pampa-negra-ediciones,Chile,Halle 3.1,F102,,,
Panini Spa,panini-comics,Italy,Halle 3.1,H36,,,
Pan Verlag,pan-verlag-gmbh,Germany,Halle 3.0,D87,,,
Paoline Editoriale Libri/Istituto Pia Società Figlie di San Paolo,paoline-editoriale-libri,Italy,Halle 3.1,C127,,,
Papadakis Books,academy-editions-ltd-papadakis-publisher,United Kingdom,Halle 4.2,D82,,,
Paperblanks Ltd.,paperblanks-ltd,Ireland,Halle 5.0,D138,,,
Paper Literary Ltd.,paper-literary-ltd-b4d7cad5,United Kingdom,Halle 1.2,LitAg,,,
papertoons GmbH,papertoons-gmbh-7cbfb3ae,Germany,Halle 5.0,C65,,,
Papeteria Verlags UG,papeteria-verlags-ug,Germany,Halle 5.0,D126,,,
PAPP International,papp-international-0a9871d6,Canada,Halle 4.2,A24,Dubois Vanessa,PAPP International,Sales & Marketing Coordinator
PAPP International,papp-international-0a9871d6,Canada,Halle 4.2,A24,Diana Izzi,PAPP International,Sales Coordinator
Papyrus Nova gUG,papyrus-culture-gug,Germany,,,,,
Park Books AG,park-books,Switzerland,Halle 3.0,G145,,,
"Park, Fine & Brower Literary Management",park--fine-literary--media-61c7925a,United States,Halle 1.2,LitAg,,,
park x ullstein / Ullstein Buchverlage GmbH,park-x-ullstein,Germany,Halle 3.0,A90,,,
Parodos Verlag,parodos-verlag,Germany,Halle 3.0,B66,,,
Parthian Books,parthian-books,United Kingdom,Halle 3.1,B22,,,
Particular Editora,particular-editora,Portugal,Halle 3.1,F139,,,
"Party Building Books Publishing House Co., Ltd.",party-building-books-publishing-house-co-ltd,China,Halle 5.1,D147,,,
Party History Publishing House of CPC,the-cpc-party-history-publishing-house,China,Halle 5.1,D140,,,
PASEKA,paseka,Czechia,Halle 3.1,C65,,,
Passagen Verlag GmbH,passagen-verlag-gmbh,Austria,Halle 5.0,E31,,,
Passerelle Design bv,passerelle-design-bv,Belgium,Halle 5.0,E143,,,
Passés composés (part of Terre neuve éditeurs),passs-composs-part-of-humensis,France,Halle 3.1,H145,,,
Pastel (part of L'école des loisirs group),pastel-an-imprint-of-lcole-des-loisirs,Belgium,Halle 3.1,H96,,,
Patmos Verlag in der Verlagsgruppe Patmos der Schwabenverlag AG,patmos-verlag-in-der-verlagsgruppe-patmos-der-schwabenverlag-ag,Germany,Halle 3.0,G65,,,
Paula Peretti Literarische Agentur,paula-peretti-literarische-agentur,Germany,Halle 4.0,G65,,,
Paulist Press,paulist-press,United States,Halle 4.2,C73,,,
Paul & Peter Fritz AG Literaturagentur,paul--peter-fritz-ag-literaturagentur-ca91491f,Switzerland,Halle 1.2,LitAg,,,
Paul Pietsch Verlage GmbH & Co.KG,paul-pietsch-verlage-gmbh--cokg-pietsch-verlag,Germany,Halle 5.0,B137,,,
Paul Pietsch Verlage GmbH & Co.KG,paul-pietsch-verlage-gmbh--cokg,Germany,Halle 3.0,F61,,,
Paul Zsolnay Verlag Ges.m.b.H,paul-zsolnay-verlag-gesmbh,Austria,Halle 3.0,E69,,,
Payot & Rivages (part of Actes Sud),editions-payot--rivages,France,Halle 3.1,G145,,,
Pearson,pearson,United States,Halle 4.1,C65,,,
Pehuén Editores S.A.,pehun-editores-sa,Chile,Halle 3.1,F102,,,
Peking University Press,peking-university-press,China,Halle 5.1,D147,,,
Pelckmans Uitgevers,pelckmans-uitgevers,Belgium,Halle 3.1,D23,,,
Pelikan Basim ve Matbaa amb. san. tic. ltd. sti.,pelikan-basim-ve-matbaa-amb-san-tic-ltd-sti,Türkiye,Halle 3.1,G36,,,
pen2nature,pen2nature-5716b84a,Germany,Halle 5.0,C74,,,
PEN Berlin e.V.,pen-berlin-ev,Germany,Halle 3.0,E60,,,
Pendragon Connect,pendragon-connect-c01cf895,Germany,Halle 3.0,B90,,,
Pendragon Verlag,pendragon-verlag-b52bdd78,Germany,Halle 3.0,B88,,,
Penguin Publishing Group,penguin-publishing-group,United States,Halle 5.1,D19,,,
Penguin Random House,penguin-random-house,United States,Halle 5.1,D19,,,
Penguin Random House Canada,penguin-random-house-canada,United States,Halle 5.1,D19,,,
Penguin Random House Grupo Editorial,penguin-random-house-grupo-editorial,Spain,Halle 3.1,D69,,,
Penguin Random House Grupo Editorial S.A.,penguin-random-house-grupo-editorial-sa,Argentina,Halle 3.1,F86,,,
Penguin Random House UK,penguin-random-house-uk,United States,Halle 5.1,D19,,,
Penguin Random House Verlagsgruppe GmbH,penguin-random-house-verlagsgruppe-gmbh-2ba201d8,Germany,Halle 3.0,E23,Aaraby Kugan,Penguin Random House Verlagsgruppe GmbH,
Penguin Random House Verlagsgruppe GmbH,penguin-random-house-verlagsgruppe-gmbh-2ba201d8,Germany,Halle 3.0,E23,Carina Weigert,Penguin Random House Verlagsgruppe GmbH,
Penguin Random House Verlagsgruppe GmbH,penguin-random-house-verlagsgruppe-gmbh-2ba201d8,Germany,Halle 3.0,E23,Astrid von Willmann,Penguin Random House Verlagsgruppe GmbH,Teamleitung Übergreifende Events Penguin Random House Verlagsgruppe GmbH
Penguin Random House Verlagsgruppe GmbH,penguin-random-house-verlagsgruppe-gmbh-b48fa6cc,Germany,Halle 1.2,PRC,,,
Penguin Random House Verlagsgruppe GmbH,penguin-random-house-verlagsgruppe-gmbh-923d3a95,Germany,Halle 4.0,D90,,,
Penguin Random House Verlagsgruppe GmbH,penguin-random-house-verlagsgruppe-gmbh-7fb30d04,Germany,Halle 3.0,E48,,,
Penguin Random House Verlagsgruppe GmbH,penguin-random-house-verlagsgruppe-gmbh-5363572a,Germany,Halle 3.0,F61,,,
Penguin Random House Verlagsgruppe GmbH Anaconda Verlag,penguin-random-house-verlagsgruppe-gmbh-anaconda-verlag-86c7377e,Germany,Halle 3.0,E23,,,
Penguin Random House Verlagsgruppe GmbH Anaconda Verlag,penguin-random-house-verlagsgruppe-gmbh-anaconda-verlag-c7b0c0a0,Germany,Halle 4.0,D90,,,
Penguin Random House Verlagsgruppe GmbH Ansata Verlag,penguin-random-house-verlagsgruppe-gmbh-ansata-verlag,Germany,Halle 3.0,E23,,,
Penguin Random House Verlagsgruppe GmbH Ariston Verlag,penguin-random-house-verlagsgruppe-gmbh-ariston-verlag,Germany,Halle 3.0,E23,,,
Penguin Random House Verlagsgruppe GmbH Arkana Verlag,penguin-random-house-verlagsgruppe-gmbh-arkana-verlag,Germany,Halle 3.0,E23,,,
Penguin Random House Verlagsgruppe GmbH Bassermann Verlag,penguin-random-house-verlagsgruppe-gmbh-bassermann-verlag,Germany,Halle 3.0,E23,,,
Penguin Random House Verlagsgruppe GmbH Bassermann Verlag,penguin-random-house-verlagsgruppe-gmbh-bassermann-verlag-22023b66,Germany,Halle 4.0,D90,,,
Penguin Random House Verlagsgruppe GmbH Blanvalet Verlag,penguin-random-house-verlagsgruppe-gmbh-blanvalet-verlag-61850bf9,Germany,Halle 3.0,E23,,,
Penguin Random House Verlagsgruppe GmbH Blessing Verlag,penguin-random-house-verlagsgruppe-gmbh-blessing-verlag,Germany,Halle 3.0,E23,,,
Penguin Random House Verlagsgruppe GmbH Bloom Verlag,penguin-random-house-verlagsgruppe-gmbh-bloom-verlag,Germany,Halle 3.0,E23,,,
Penguin Random House Verlagsgruppe GmbH Blush Verlag,penguin-random-house-verlagsgruppe-gmbh-blush-verlag,Germany,Halle 3.0,E23,,,
Penguin Random House Verlagsgruppe GmbH btb Verlag,penguin-random-house-verlagsgruppe-gmbh-btb-verlag,Germany,Halle 3.0,E23,,,
Penguin Random House Verlagsgruppe GmbH C. Bertelsmann Verlag,penguin-random-house-verlagsgruppe-gmbh-c-bertelsmann-verlag,Germany,Halle 3.0,E23,,,
Penguin Random House Verlagsgruppe GmbH / cbj Audio,penguin-random-house-verlagsgruppe-gmbh--cbj-audio,Germany,Halle 4.0,D90,,,
Penguin Random House Verlagsgruppe GmbH / cbj Audio,penguin-random-house-verlagsgruppe-gmbh--cbj-audio-3e498c7a,Germany,Halle 3.0,E47,,,
Penguin Random House Verlagsgruppe GmbH cbj Verlag,penguin-random-house-verlagsgruppe-gmbh-cbj-verlag,Germany,Halle 4.0,D90,,,
Penguin Random House Verlagsgruppe GmbH cbt Verlag,penguin-random-house-verlagsgruppe-gmbh-cbt-verlag,Germany,Halle 4.0,D90,,,
Penguin Random House Verlagsgruppe GmbH / Der Hörverlag,penguin-random-house-verlagsgruppe-gmbh--der-hrverlag,Germany,Halle 3.0,E47,,,
Penguin Random House Verlagsgruppe GmbH Diederichs-Verlag,penguin-random-house-verlagsgruppe-gmbh-diederichs-verlag,Germany,Halle 3.0,E23,,,
Penguin Random House Verlagsgruppe GmbH DVA Verlags-Anstalt,penguin-random-house-verlagsgruppe-gmbh-dva-verlags-anstalt,Germany,Halle 3.0,E23,,,
Penguin Random House Verlagsgruppe GmbH Goldmann Verlag,penguin-random-house-verlagsgruppe-gmbh-goldmann-verlag-5852da7e,Germany,Halle 3.0,E23,,,
Penguin Random House Verlagsgruppe GmbH Gütersloher Verlagshaus,penguin-random-house-verlagsgruppe-gmbh-gtersloher-verlagshaus,Germany,Halle 3.0,E23,,,
Penguin Random House Verlagsgruppe GmbH  Gütersloher Verlagshaus / GVH Kösel-Verlag,penguin-random-house-verlagsgruppe-gmbh--gtersloher-verlagshaus--gvh--ksel-verlag,Germany,Halle 3.0,G65,,,
Penguin Random House Verlagsgruppe GmbH {heartlines} Verlag,penguin-random-house-verlagsgruppe-gmbh-heartlines-verlag,Germany,Halle 3.0,E23,,,
Penguin Random House Verlagsgruppe GmbH Heyne Verlag,penguin-random-house-verlagsgruppe-gmbh-heyne-verlag-88714f8f,Germany,Halle 3.0,E23,,,
Penguin Random House Verlagsgruppe GmbH Integral Verlag,penguin-random-house-verlagsgruppe-gmbh-integral-verlag,Germany,Halle 3.0,E23,,,
Penguin Random House Verlagsgruppe GmbH Irisiana Verlag,penguin-random-house-verlagsgruppe-gmbh-irisiana-verlag,Germany,Halle 3.0,E23,,,
Penguin Random House Verlagsgruppe GmbH Kailash Verlag,penguin-random-house-verlagsgruppe-gmbh-kailash-verlag,Germany,Halle 3.0,E23,,,
Penguin Random House Verlagsgruppe GmbH Kösel-Verlag,penguin-random-house-verlagsgruppe-gmbh-ksel-verlag,Germany,Halle 3.0,E23,,,
Penguin Random House Verlagsgruppe GmbH Limes Verlag,penguin-random-house-verlagsgruppe-gmbh-limes-verlag,Germany,Halle 3.0,E23,,,
Penguin Random House Verlagsgruppe GmbH Lotos Verlag,penguin-random-house-verlagsgruppe-gmbh-lotos-verlag,Germany,Halle 3.0,E23,,,
Penguin Random House Verlagsgruppe GmbH Luchterhand Literaturverlag,penguin-random-house-verlagsgruppe-gmbh-luchterhand-literaturverlag,Germany,Halle 3.0,E23,,,
Penguin Random House Verlagsgruppe GmbH Ludwig Verlag,penguin-random-house-verlagsgruppe-gmbh-ludwig-verlag,Germany,Halle 3.0,E23,,,
Penguin Random House Verlagsgruppe GmbH Manesse Verlag,penguin-random-house-verlagsgruppe-gmbh-manesse-verlag,Germany,Halle 3.0,E23,,,
Penguin Random House Verlagsgruppe GmbH Mosaik Verlag,penguin-random-house-verlagsgruppe-gmbh-mosaik-verlag,Germany,Halle 3.0,E23,,,
Penguin Random House Verlagsgruppe GmbH Pantheon Verlag,penguin-random-house-verlagsgruppe-gmbh-pantheon-verlag,Germany,Halle 3.0,E23,,,
Penguin Random House Verlagsgruppe GmbH Penguin junior Verlag,penguin-random-house-verlagsgruppe-gmbh-penguin-junior-verlag,Germany,Halle 4.0,D90,,,
Penguin Random House Verlagsgruppe GmbH Penguin Verlag,penguin-random-house-verlagsgruppe-gmbh-penguin-verlag-1087dcbf,Germany,Halle 3.0,E23,,,
Penguin Random House Verlagsgruppe GmbH Penhaligon Verlag,penguin-random-house-verlagsgruppe-gmbh-penhaligon-verlag-bb1da79e,Germany,Halle 3.0,E23,,,
Penguin Random House Verlagsgruppe GmbH Prestel junior Verlag,penguin-random-house-verlagsgruppe-gmbh-prestel-junior-verlag,Germany,Halle 4.0,D90,,,
Penguin Random House Verlagsgruppe GmbH Prestel Publishing Ltd.,penguin-random-house-verlagsgruppe-gmbh-prestel-publishing-ltd,Germany,Halle 3.0,E23,,,
Penguin Random House Verlagsgruppe GmbH / Random House Audio,penguin-random-house-verlagsgruppe-gmbh--random-house-audio,Germany,Halle 3.0,E47,Christian Held,Penguin Random House Verlagsgruppe GmbH / Random House Audio,Gesamtprojektleitung Messe
Penguin Random House Verlagsgruppe GmbH Siedler Verlag,penguin-random-house-verlagsgruppe-gmbh-siedler-verlag,Germany,Halle 3.0,E23,,,
Penguin Random House Verlagsgruppe GmbH Südwest Verlag,penguin-random-house-verlagsgruppe-gmbh-sdwest-verlag,Germany,Halle 3.0,E23,,,
Penguin Random House Verlagsgruppe GmbH Tulipan Verlag,penguin-random-house-verlagsgruppe-gmbh-tulipan-verlag,Germany,Halle 4.0,D90,,,
Penguin Random House Verlagsgruppe GmbH Wunderraum Verlag,penguin-random-house-verlagsgruppe-gmbh-wunderraum-verlag,Germany,Halle 3.0,E23,,,
Penguin Random House Verlagsgruppe GmbH Yuna Verlag,penguin-random-house-verlagsgruppe-gmbh-yuna-verlag,Germany,Halle 3.0,E23,,,
Penguin Young Readers,penguin-young-readers,United States,Halle 5.1,D19,,,
Pen So Artlab,pen-so-artlab,Hong Kong,Halle 5.1,D121,,,
Pen & Sword Books Ltd.,pen--sword-books-ltd,United Kingdom,Halle 5.1,C78,,,
PEN-Zentrum Deutschland e.V.,pen-zentrum-deutschland-ev,Germany,Halle 3.0,A71,Matthias Politycki,PEN Deutschland,Schriftsteller und Präsident
"People's Literature Publishing House Co., Ltd.",peoples-literature-publishing-house-co-ltd,China,Halle 5.1,D147,,,
"People's Medical Publishing House Co., Ltd.",peoples-medical-publishing-house-co-ltd,China,Halle 5.1,D147,,,
People's Publishing House,peoples-publishing-house,China,Halle 5.1,D147,,,
Pérez Literary & Entertainment Ltd.,prez-literary--entertainment-ltd-9db6f288,United Kingdom,Halle 1.2,LitAg,,,
"Perfekt, a.s.",perfekt-as,Slovakia,Halle 3.1,C50,,,
Péridot - Ferdinand Lutz,pridot---ferdinand-lutz,Germany,Halle 3.0,C32,,,
Perrin (part of Editis),perrin-an-imprint-of-place-de-editeurs,France,Halle 3.1,H59,,,
PersPektiv Editions,perspektiv-editions,Luxembourg,Halle 3.0,F98,,,
"PE ""SCHOOL"" Publishing House",pe-school-publishing-house,Ukraine,Halle 3.1,C13,,,
Petergailis,petergailis,Latvia,Halle 3.1,A33,,,
Peter Hammer Verein für Literatur e.V.,peter-hammer-verein-fr-literatur-ev-2401ce48,Germany,Halle 3.0,B87,,,
Peter Hammer Verlag,peter-hammer-verlag-7b254e9d,Germany,Halle 3.0,B91,,,
Peter Hohmann,peter-hohmann,Germany,Halle 4.0,J90,,,
Peter Lang Group AG,peter-lang-group-ag-cdcfc79a,Switzerland,Halle 4.1,D30,,,
Peter Lang Group AG,peter-lang-group-ag-631e9aa4,Switzerland,Halle 3.0,F97,,,
Peter Molden Literarische Agentur,peter-molden-literarische-agentur-42a980ed,Germany,Halle 1.2,LitAg,,,
Petersen Buchimport GmbH,petersen-buchimport-gmbh-73231356,Germany,Halle 4.1,H47,,,
"Peters, Fraser + Dunlop Ltd.",peters-fraser--dunlop-ltd-aeac14d1,United Kingdom,Halle 1.2,LitAg,,,
Petöfi Agency Nonprofit Ltd.,petfi-agency-nonprofit-ltd-e753c097,Hungary,Halle 3.1,C34,,,
Petöfi Agency Nonprofit Ltd.,petfi-agency-nonprofit-ltd,Hungary,Halle 3.1,G25 / Workstation,,,
Petradi International Rights Services,riggins-international-rights-services-c6c9568a,United States,Halle 4.2,C100,,,
Petra Ediciones,petra-ediciones,Mexico,Halle 3.1,E96,,,
Petra Sluka,petra-sluka-da4a3ed7,United Kingdom,Halle 1.2,LitAg,,,
Petra Yvonne Kraus,petra-yvonne-kraus,Germany,Halle 5.0,E48,Yvonne Kraus,Buchcoach Yvonne Kraus,
"Petrel Publishing House Co., Ltd.",petrel-publishing-house-co-ltd,China,Halle 5.1,D147,,,
Petrone Print,petrone-print,Estonia,Halle 3.1,B34,,,
PEW Literary Agency Limited,pew-literary-agency-limited-090b575f,United Kingdom,Halle 1.2,LitAg,Cora MacGregor,PEW Literary Agency Limited,
Pfaueninsel Verlag in der Bastei Lübbe AG,pfaueninsel-verlag-in-der-bastei-lbbe-ag,Germany,Halle 5.0,C65,,,
Phaidon Press Limited,phaidon-press-limited,United Kingdom,Halle 4.2,J90,,,
Phantastik Autoren Lounge - Frankfurter Buchmesse,phantastik-autoren-lounge---frankfurter-buchmesse,Germany,Halle 4.0,J21,Stefan Cernohuby,Phantastik Autoren Lounge - Frankfurter Buchmesse,2. Vorstandsvorsitzender
Phantastik-Autor*innen-Netzwerk e.v. (PAN),phantastik-autorinnen-netzwerk-ev-pan,Germany,Halle 4.0,J29,Christina Löw,Phantastik-Autor*innen-Netzwerk e.v. (PAN),Schriftführerin und Archivarin
Phidal Publishing Inc.,phidal-publishing-inc,Canada,Halle 4.2,B38,,,
Philipp Reclam jun. Verlag GmbH,philipp-reclam-jun-verlag-gmbh-90eb65f1,Germany,Halle 3.0,A106,,,
Philipp Reclam jun. Verlag GmbH,philipp-reclam-jun-verlag-gmbh-992e9668,Germany,Halle 3.0,F61,,,
philovo® kunstVERLAG,philovo-kunstverlag,Germany,Halle 3.0,D87,,,
Phoenix LLC,phoenix-llc-c90d0766,Russian Federation,Halle 4.2,B101,,,
"Phoenix Publishing & Media, Inc.",phoenix-publishing--media-inc,China,Halle 5.1,D101,,,
PHOTON Verlag,photon-verlag,Germany,Halle 3.0,F61,,,
Piccin Nuova Libraria S.p.A.,piccin-nuova-libraria-spa,Italy,Halle 3.1,B102,,,
Picus Verlag Ges. m.b.H.,picus-verlag-ges-mbh-41fe6a10,Austria,Halle 3.0,D133,,,
PIE International Inc. (PIE Books),pie-international-inc-pie-books,Japan,Halle 4.2,F34,,,
Piemonte Agency,centro-estero-per-linternazionalizzazione-scpa,Italy,Halle 3.1,B134,Camilla Bianco,Piemonte Agency,Specialist
Piemonte Agency,centro-estero-per-linternazionalizzazione-scpa,Italy,Halle 3.1,B134,Aida Shiroka,Piemonte Agency,Project Manager in International Tenders & Publishing
Piergiorgio Nicolazzini Literary Agency (PNLA),piergiorgio-nicolazzini-literary-agency-pnla-29969711,Italy,Halle 1.2,LitAg,,,
PierraaGroup GmbH,pierraagroup-gmbh,Germany,Halle 4.0,G92,Saskia Pierschek,Pierraa Verlagshaus GmbH,CEO
PierraaGroup GmbH,pierraagroup-gmbh,Germany,Halle 4.0,G92,Lisa Kalden,PierraaGroup GmbH,
PierraaGroup GmbH,pierraagroup-gmbh,Germany,Halle 4.0,G92,Hanna-Sophie König,PierraaGroup GmbH,
PierraaGroup GmbH,pierraagroup-gmbh,Germany,Halle 4.0,G92,Alexandra Plinke,PierraaGroup GmbH,
Pilgrim Publishing House,pilgrim-publishing-house,Estonia,Halle 3.1,B34,,,
pinguletta Verlag,pinguletta-verlag,Germany,Halle 3.0,B54,,,
Pinqi HK Limited,pinqi-hk-limited,Hong Kong,Halle 5.0,C124,,,
Pinus Media,pinus-media,Poland,Halle 3.1,B54,,,
Piper Verlag GmbH,piper-verlag-gmbh-c51ea55b,Germany,Halle 3.0,A58,,,
Piper Verlag GmbH,piper-verlag-gmbh,Germany,Agora,B21,Monika Hertle,Piper Verlag GmbH,Veranstaltungsreferentin
Planeta Cómic Imprint of Planeta Corporación S.R.L.,planeta-cmic-imprint-of-planeta-corporacin-srl,Spain,Halle 3.1,D98,,,
"PLANETA CORPORATION, SRL",planeta-corporation-srl-5b3e047e,Spain,Halle 3.1,D98,,,
Planeta Gastro Imprint of Planeta Corporación S.R.L.,planeta-gastro-imprint-of-planeta-corporacin-srl,Spain,Halle 3.1,D98,,,
Planeta Infantil & Juvenil Imprint of Planeta Corporación S.R.L.,planeta-infantil--juvenil-imprint-of-planeta-corporacin-srl,Spain,Halle 3.1,D98,,,
Plantvs GmbH,plantvs-gmbh,Germany,Halle 3.0,G93,,,
Plataforma Editorial SL,plataforma-editorial-sl,Spain,Halle 3.1,D135,,,
plattform – Johannes Martinek Verlag,plattform--johannes-martinek-verlag,Austria,Halle 5.0,E13,,,
playaway,playaway,United States,Halle 4.1,K9 / Audio Business Centre,,,
Play Bac,play-bac,France,Halle 3.1,J131,,,
PLeaSe Comics Rights and Events Agency SAS,please-comics-rights-and-events-agency,France,Halle 3.1,J23 / Comics Business Centre,CELIMON SEBASTIEN,PLeaSe Comics Rights and Events Agency SAS,CEO
PLeaSe Comics Rights and Events Agency SAS,please-comics-rights-and-events-agency,France,Halle 3.1,J23 / Comics Business Centre,Pierre SERY,PLeaSe Comics Rights and Events Agency SAS,Cofounder
PLeaSe Comics Rights and Events Agency SAS,please-comics-rights-and-events-agency,France,Halle 3.1,J23 / Comics Business Centre,Laurent MELIKIAN,PLeaSe Comics Rights and Events Agency SAS,Cofounder
Plein vent (part of Elidia),plein-vent-part-of-elidia,Monaco,Halle 3.1,G145,,,
Plon (part of Editis),plon-an-imprint-of-place-des-editeurs,France,Halle 3.1,H59,,,
Plückefinken,plckefinken,Germany,Halle 5.0,E148,,,
Plume Blanche,plume-blanche,France,Halle 3.1,J131,,,
PLURAL Publications GmbH,plural-publications-gmbh-d078a538,Germany,Halle 3.0,J26,,,
Pluto Press,pluto-press-a078476d,United Kingdom,Halle 4.2,J49,,,
Pocketbook Readers GmbH,pocketbook-readers-gmbh,Germany,Halle 3.0,F110,Susanne Wölkl,Pocketbook Readers GmbH,Marketing Managerin
Pocket Entertainment Services LLC,pocket-entertainment-services-llc,United States,Halle 1.2,PRC,,,
Podium,podium,Austria,Halle 5.0,E13,,,
Podium Subco LLC,podium-subco-llc,United States,Halle 1.2,PRC,,,
Point Nemo Publishing,point-nemo-publishing,Luxembourg,Halle 3.0,F98,,,
P.O.L.,pol-editeur,France,Halle 3.1,G125,,,
POLA Verlag in der Bastei Lübbe AG,pola-verlag-in-der-bastei-lbbe-ag,Germany,Halle 5.0,C65,,,
Politiken Literary Agency- JP Politiken,politiken-literary-agency--jp-politiken-881cdbcc,Denmark,Halle 1.2,LitAg,,,
Polskie Wydawnictwo Muzyczne - PWM Edition,polskie-wydawnictwo-muzyczne---pwm-edition,Poland,Halle 3.1,B54,,,
PONDUS Software GmbH,pondus-software-gmbh-3c2aad88,Germany,Halle 4.1,G10,,,
PONS Langenscheidt GmbH,pons-langenscheidt-gmbh-beb6d6d2,Germany,Halle 3.0,F33,Gabriele Kokler,PONS Langenscheidt GmbH,Messeorganisation
PONS Langenscheidt GmbH,pons-langenscheidt-gmbh-2acabff0,Germany,Halle 3.0,F61,,,
Pontas Literary & Film Agency,pontas-literary--film-agency-c977c1b9,Spain,Halle 1.2,LitAg,,,
"Poplar Publishing Co., Ltd",poplar-publishing-co-ltd,Japan,Halle 1.2,PRC,,,
"Poplar Publishing Co., Ltd",poplar-publishing-co-ltd-463987bb,Japan,Halle 4.2,F34,,,
Poradnia K,poradnia-k,Poland,Halle 3.1,B54,,,
"Porto Editora, S.A.",porto-editora-sa,Portugal,Halle 3.1,F139,,,
Postimees Publishing,postimees-publishing,Estonia,Halle 3.1,B34,,,
"Posts and Telecom Press Co.,Ltd.",posts-and-telecom-press-coltd,China,Halle 5.1,D140,,,
Post Wave Publishing,post-wave-publishing,United Kingdom,Halle 4.2,J83,Emma Hopkin,Post Wave Publishing,Managing Director
Poulpe Fictions (An imprint Edi8),poulpe-fictions-an-imprint-edi8,France,Halle 3.1,H59,,,
"Pozotron, Inc.",pozotron-inc,,Halle 4.1,K12,Adam Fritz,"Pozotron, Inc.",CEO
"Pozotron, Inc.",pozotron-inc,,Halle 4.1,K12,Daria Kaporovska,"Pozotron, Inc.",Senior BusDev & Customer Success Manager
PPUR Presses polytechniques et universitaires romandes,ppur--quanto,Switzerland,Halle 3.0,F97,,,
Prague Book Tower,prague-book-tower,Czechia,Halle 3.1,A64,Polina de Mauny,Éditions Tourgueneff (Paris),Founder and publisher
Prague Book Tower,prague-book-tower,Czechia,Halle 3.1,A64,Alexandra Finogenova,Prague Book Tower,Foreign Rights Manager
Prague Book Tower,prague-book-tower,Czechia,Halle 3.1,A64,Pavel Istomin,eBook Applications LLC (Book Club BAbook),CEO
Prague Book Tower,prague-book-tower,Czechia,Halle 3.1,A64,Svetlana Khvostova,Prague Book Tower,Project Coordinator
Prague Book Tower,prague-book-tower,Czechia,Halle 3.1,A64,Alexandra Vakhrusheva,Prague Book Tower,Founder and Director
Prague City Gallery (GHMP),prague-city-gallery-ghmp,Czechia,Halle 3.1,C65,Jana Jarošová,Prague City Gallery (GHMP),
Prague Literary Agency,prague-literary-agency,Czechia,Halle 3.1,C65,,,
Práh Publishing,prh-publishing,Czechia,Halle 3.1,C65,,,
Prakash International Inc.,prakash-international-inc,Canada,Halle 4.2,A32,Riya Sahni,Prakash International Inc.,Sales Manager
Prakash International Inc.,prakash-international-inc-77b47b2a,Canada,Halle 4.2,A31,,,
"Praphansarn Publishing Co., Ltd.",praphansarn-publishing-co-ltd,Thailand,Halle 5.1,A113,,,
Präsenz Medien & Verlag,prsenz-medien--verlag-thomas-hein--erich-koslowski-gbr-c8aed514,Germany,Halle 5.0,E143,,,
Praxisverlag buch + musik gGmbH,praxisverlag-buch--musik-ggmbh,Germany,Halle 3.0,G65,,,
Presses de la Cité (part of Editis),presses-de-la-cit-an-imprint-of-place-des-editeurs,France,Halle 3.1,H59,,,
Presses de Sciences Po,presses-de-sciences-po,France,Halle 3.1,G145,,,
Presses Universitaires de France - PUF (part of Terre neuve éditeurs),presses-universitaires-de-france---puf,France,Halle 3.1,H145,,,
Presses universitaires de Louvain,presses-universitaires-de-louvain,Belgium,Halle 3.1,F97,,,
Prestel Publishing Limited,prestel-publishing-ltd,United Kingdom,Halle 4.2,E100,,,
Primeira Edição,primeira-edio,Portugal,Halle 3.1,F139,,,
Princeton University Press,princeton-university-press-087838cf,United States,Halle 5.1,C103,,,
Principia Editora,principia-editora,Portugal,Halle 3.1,F139,,,
Print Company,print-company-3c0b4b14,United Kingdom,Halle 4.2,K102,,,
Printers Row Publishing Group part of Readerlink Distribution Services,printers-row-publishing-group-part-of-readerlink-distribution-services-9082e5e5,United States,Halle 4.2,C34,,,
Printer Trento S.p.A.,printer-trento-srl,Italy,Halle 3.0,G134,,,
Print Plus Pvt Ltd,print-plus-pvt-ltd,India,Halle 4.2,K16,,,
ProChile - Dirección General de Promoción de Exportaciones,prochile---direccin-general-de-promocin-de-exportaciones,Chile,Halle 3.1,F102,German Vergara,ProChile - Dirección General de Promoción de Exportaciones,Director Prochile Germany
ProChile - Dirección General de Promoción de Exportaciones,prochile---direccin-general-de-promocin-de-exportaciones,Chile,Halle 3.1,F102,Johanna Whittle,ProChile - Dirección General de Promoción de Exportaciones,Commercial Assistant - Trade Commission of Chile in Berlin
Profile Books Ltd.,profile-books-ltd-af4e2746,United Kingdom,Halle 4.2,J30,,,
Pro Helvetia Schweizer Kulturstiftung,pro-helvetia-swiss-arts-council,Switzerland,Halle 3.0,F86,Flückiger Adrian,Pro Helvetia Schweizer Kulturstiftung,Literature Specialist
Pro Helvetia Schweizer Kulturstiftung,pro-helvetia-swiss-arts-council,Switzerland,Halle 3.0,F86,Gajić Bojana,Pro Helvetia Schweizer Kulturstiftung,Communications Specialist
Pro Helvetia Schweizer Kulturstiftung,pro-helvetia-swiss-arts-council,Switzerland,Halle 3.0,F86,Fasciati Oriana,Pro Helvetia Schweizer Kulturstiftung,
Pro Helvetia Schweizer Kulturstiftung,pro-helvetia-schweizer-kulturstiftung-e008e8c6,Switzerland,Halle 3.0,F97,,,
Pro Igel Connect gGmbH | Verlag Pro Igel,pro-igel---verein-fr-integrierten-naturschutz-deutschland-ev,Germany,Halle 3.0,G93,,,
Prolit Verlagsauslieferung GmbH,prolit-verlagsauslieferung-gmbh,Germany,Halle 3.0,D87,,,
Promargentina,fundacin-argentina-para-la-promocin-de-inversiones-y-comercio-internacional,Argentina,Halle 3.1,F86,delfina amaral,Promargentina,
PROMAT PRINTING HOUSE,promat-printing-publishing-industry-trade-inc,Türkiye,Halle 3.1,A70,Ahmet Ürkmezgil,PROMAT PRINTING HOUSE,Export Specialist
PROMAT PRINTING HOUSE,promat-printing-publishing-industry-trade-inc,Türkiye,Halle 3.1,A70,Ayşegül Özkan,PROMAT PRINTING HOUSE,Corporate Communications Manager
Promedia Druck- und Verlagsges.m.b.H.,promedia-druck--und-verlagsgesmbh,Austria,Halle 5.0,E13,,,
Prong Press Verlags GmbH,prong-press-verlags-gmbh,Switzerland,Halle 3.0,F97,,,
Pro Peace - Forum Ziviler Friedensdienst e.V.,pro-peace---forum-ziviler-friedensdienst-ev,Germany,Halle 3.0,H32,,,
Propyläen / Ullstein Buchverlage GmbH,propylen-verlag-ein-unternehmen-der-ullstein-buchverlage-gmbh,Germany,Halle 3.0,A90,,,
Protechnologies Pvt. Ltd,protechnologies-pvt-ltd,United States,Halle 4.2,M17,,,
P. & R. Permissions & Rights Ltd.,prava-i-prevodip--r-permissions-and-rights-limited,Cyprus,Halle 1.2,LitAg,,,
Psychosozial-Verlag GmbH & Co. KG,psychosozial-verlag-gmbh--co-kg-b9803c4f,Germany,Halle 3.0,A129,Melanie Fehr-Fichtner,Psychosozial-Verlag GmbH & Co. KG,Presse- und Öffentlichkeitsarbeit | Marketing
Psychosozial-Verlag GmbH & Co. KG,psychosozial-verlag-gmbh--co-kg-b9803c4f,Germany,Halle 3.0,A129,Felicia Grimmell,Psychosozial-Verlag GmbH & Co. KG,
PSYGARDEN PUBLISHING COMPANY,psygarden-publishing-company,Taiwan,Halle 4.2,F69,,,
Publicaciones de la Universitat Jaume I,publicaciones-de-la-universitat-jaume-i,Spain,Halle 3.1,D135,,,
Publicaciones Dharma Books & Publishing,publicaciones-dharma-books--publishing-sa-de-cv,Mexico,Halle 3.1,E96,,,
Publicacions de la Universitat de València,universidad-de-valencia-estudi-general-de-valencia---publicacions-de-la-universitat-de-valncia-6dbba24d,Spain,Halle 3.1,E120,Teresa Coll Collado,Publicacions de la Universitat de València,Comercial and promotion director
Publication Industry Promotion Agency of Korea (KPIPA),publication-industry-promotion-agency-of-korea-kpipa,Republic of Korea,Halle 5.1,A143,,,
Publication Industry Promotion Agency of Korea (KPIPA),publication-industry-promotion-agency-of-korea-kpipa-1891f9cd,Republic of Korea,Halle 5.1,A153,,,
Publicat S.A.,publicat-sa,Poland,Halle 3.1,B54,,,
PublishDrive Inc.,publishdrive,United States,,,Stephen Griffin,PublishDrive Inc.,Growth Director
PUBLISHER EVENTS LLC,publisher-events-llc,United Arab Emirates,Halle 3.1,F15,,,
Publishers Association of New Zealand Te Rau o Takupu,publishers-association-of-new-zealand-te-rau-o-takupu,New Zealand,Halle 4.2,G29,Chavon Bringans,Publishers Association of New Zealand Te Rau o Takupu,Administrator
Publishers' Licensing Services Limited,publishers-licensing-services-limited,United Kingdom,Halle 4.2,D26,Esme Lee,Publishers' Licensing Services Limited,External Relations Manager
Publishers Rights Centre - Frankfurter Buchmesse GmbH,publishers-rights-centre---frankfurter-buchmesse,Germany,Halle 1.2,PRC,,,
"Publishers Services International, Inc. (PSI)",publishers-services-international-inc-psi-3a8291a7,United States,Halle 4.2,H53,,,
Publishers Weekly,publishers-weekly,United States,Halle 4.2,K9,,,
Publishing House ACCA,publishing-house-acca,Ukraine,Halle 3.1,C13,,,
Publishing House Athena,publishing-house-athena,Ukraine,Halle 3.1,C13,,,
Publishing House Bernardinum Ltd.,publishing-house-bernardinum-ltd,Poland,Halle 3.1,B54,,,
Publishing House Canopus,publishing-house-canopus,Estonia,Halle 3.1,B34,,,
Publishing House Mamino,publishing-house-mamino,Ukraine,Halle 3.1,C13,,,
"Publishing house Moravská Bastei MOBA, s. r. o.",publishing-house-moravsk-bastei-moba-s-r-o,Czechia,Halle 3.1,C65,,,
"Publishing House of Electronics Industry Co., Ltd.",publishing-house-of-electronics-industry-co-ltd,China,Halle 5.1,D140,,,
Publishing House Vesna,publishing-house-vesna,Ukraine,Halle 3.1,C13,,,
Publishing Ireland,publishing-ireland,Ireland,Halle 5.1,C50,,,
Publishing Perspectives,publishing-perspectives-d09fb87a,United States,,,Erin L. Cox,Publishing Perspectives,Publisher
Publishing Perspectives,publishing-perspectives-d09fb87a,United States,,,Meike Eckern,Publishing Perspectives,Advertising Manager
Publishing Plus,publishing-plus,Hong Kong,Halle 5.1,D121,,,
Publishing Scotland,publishing-scotland-0f8e8d86,United Kingdom,Halle 4.2,H108,Vikki Reilly,Publishing Scotland,Marketing & Trade Development Manager
Publishing Scotland,publishing-scotland-0f8e8d86,United Kingdom,Halle 4.2,H108,Sheila Pinder,Publishing Scotland,
Publiship,publiship,United Kingdom,Halle 4.2,J8,,,
Pubtech Consulting Limited,pubtech-consulting-limitedtrilogy-publishing-systems,Canada,Halle 4.2,H40,,,
Puentes Agency,puentes-agency,Chile,Halle 3.1,F102,,,
Pulp Master Frank Nowatzki Verlag,pulp-master-frank-nowatzki-verlag-024f5005,Germany,Halle 3.0,B67,,,
PunktMaus Verlag,punktmaus-verlag,Austria,Halle 5.0,E13,,,
Puntas Reportagen AG,puntas-reportagen-ag,Switzerland,Halle 3.0,F97,,,
Puppypal Printing Ltd.,puppypal-printing-ltd,China,Halle 3.1,H38,,,
Pushkin Press Ltd,pushkin-press-ltd,United Kingdom,Halle 4.2,J91,Ruth Logan,Pushkin Press Ltd,Rights Director
Pustaka Nasional Pte Ltd,pustaka-nasional-pte-ltd,Singapore,Halle 5.1,B67,Nur-El-Hudaa Jaffar,Pustaka Nasional Pte Ltd,
Qiushi Journal Press,qiushi-journal-press,China,Halle 5.1,D140,,,
"Quaderns Crema, S.A.  (Editorial Acantilado)",quaderns-crema-sa--editorial-acantilado-ab82e034,Spain,Halle 3.1,C110,,,
Quadriga Verlag in der Bastei Lübbe AG,quadriga-verlag-in-der-bastei-lbbe-ag-0f29ad70,Germany,Halle 5.0,C65,,,
Quadrille Publishing Ltd.,quadrille-publishing-ltd,United Kingdom,Halle 4.2,F85,,,
Qualibre Inc.,qualibre-inc,United States,Halle 4.2,K25,,,
Quartier Libre,quartier-libre,France,Halle 3.1,G145,,,
Quart Verlag GmbH,quart-verlag-gmbh,Switzerland,Halle 3.0,G146,,,
Québec Édition,qubec-dition-b0de9829,Canada,Halle 3.1,F85,,,
Querverlag GmbH,querverlag-gmbh-40c5e7dc,Germany,Halle 3.0,B103,,,
Que sais-je ? (part of Terre neuve éditeurs),que-sais-je--part-of-humensis,France,Halle 3.1,H145,,,
Quetzal,quetzal-editores,Portugal,Halle 3.1,F139,,,
Quinta Essência,quinta-essncia,Portugal,Halle 3.1,F139,,,
Quipper Prints,quipper-prints,United States,Halle 4.2,L29,Guadalupe Ibale,Quipper Prints,Author Support Representative / Production Manager
Quipper Prints,quipper-prints,United States,Halle 4.2,L29,Jenn Ross,Quipper Prints,Production Coordinator
Quiuí Editora,quiu-editora,Portugal,Halle 3.1,F139,,,
RABBIT Literaturförderverein i.G.,rabbit-literaturfrderverein-ig,Germany,Festhalle,A62,,,
Rachel Hecht Children's Scouting (trading as Kin & Co. Literary Scouting),kincoliterary-scouting-752d3675,United States,Halle 1.2,LitAg,,,
Rachel Mills Literary Ltd.,rachel-mills-literary-ltd-bc338d82,United Kingdom,Halle 1.2,LitAg,,,
"Rachel Richardson, trading as Rich Lit Rights",rich-lit-rights,United Kingdom,Halle 1.2,LitAg,,,
Radish AB,radish-ab,Sweden,Halle 4.1,C86,,,
Radish AB,radish-ab-6f20baa8,Sweden,Halle 4.1,C86,,,
Raffaello Cortina Editore SRL,raffaello-cortina-editore-srl,Italy,Halle 3.1,B134,Sara Amateis,Raffaello Cortina Editore,Foreign Rights Manager
Rageot (part of Hachette Livre),rageot-part-of-hachette-livre,France,Halle 3.1,J131,,,
Rahva Raamat Publishers,rahva-raamat-publishers,Estonia,Halle 3.1,B34,,,
Raig Verd Editorial SL,raig-verd-editorial,Spain,Halle 3.1,E131,,,
Rainbow S.p.a.,rainbow-spa-74969d95,Italy,Halle 3.1,C122,,,
Rainsteppe Publications Limited,rainsteppe-publications-limited,Hong Kong,Halle 5.1,D121,,,
Raiz Editora,raiz-editora,Portugal,Halle 3.1,F139,,,
Ralf Einert Verlag,ralf-einert-verlag,Germany,Halle 3.0,A131,Ralf Einert,Ralf Einert Verlag,Autor und Verleger
Randle Editorial & Literary Consultancy,randle-editorial--literary-consultancy-ddd97dd1,United Kingdom,Halle 1.2,LitAg,,,
Random House Children's Books,random-house-childrens-books,United States,Halle 5.1,D19,,,
Random House Publishing Group,random-house-publishing-group,United States,Halle 5.1,D19,,,
Ranok Publishing House Limited,ranok-publishing-house-limited,Ukraine,Halle 3.1,C13,,,
Ransom Publishing Ltd.,ransom-publishing-ltd-98ec21ca,United Kingdom,Halle 4.2,K81,Danielle Carver,Ransom Publishing Ltd.,
raptor publishing GmbH,raptor-publishing-gmbh,Germany,Halle 4.0,A87,,,
RASS Language,rass-language,Hong Kong,Halle 5.1,D121,,,
Ratna Sagar Pvt. Ltd. Offshoot Books,offshoot-books,India,Halle 4.2,K56,,,
Raum Conclusio (CMF) - Frankfurter Buchmesse,raum-conclusio-cmf---frankfurter-buchmesse,Germany,CMF2,A3,,,
Raum Fantasie (CMF) -  Frankfurter Buchmesse,raum-fantasie-cmf----frankfurter-buchmesse,Germany,CMF3,A2,,,
Raum Illusion (CMF) -  Frankfurter Buchmesse,raum-illusion-cmf----frankfurter-buchmesse,Germany,CMF3,A3,,,
Raum Spektrum (CMF) - Frankfurter Buchmesse,raum-spektrum-cmf---frankfurter-buchmesse,Germany,CMF2,A2,,,
Ravensburger Verlag GmbH,ravensburger-verlag-gmbh-e502b1b9,Germany,Halle 4.0,F9,Silke Biber,Ravensburger Verlag GmbH,Manager Trade Fairs & Events
Ravensburger Verlag GmbH,ravensburger-verlag-gmbh-e502b1b9,Germany,Halle 4.0,F9,Sarah Fleury,Ravensburger Verlag GmbH,Autorin
Ravensburger Verlag GmbH,ravensburger-verlag-gmbh-e502b1b9,Germany,Halle 4.0,F9,Johanna Just,Ravensburger Verlag GmbH,Author Relations Manager & Marketing Specialist
Ravensburger Verlag GmbH,ravensburger-verlag-gmbh-e502b1b9,Germany,Halle 4.0,F9,Anne Lück,Ravensburger Verlag GmbH,Autorin
Ravensburger Verlag GmbH,ravensburger-verlag-gmbh-e502b1b9,Germany,Halle 4.0,F9,Meike Haas,Ravensburger Verlag GmbH,
Ravensburger Verlag GmbH,ravensburger-verlag-gmbh-e502b1b9,Germany,Halle 4.0,F9,Saskia Louis,Ravensburger Verlag GmbH,Autorin
Ravensburger Verlag GmbH,ravensburger-verlag-gmbh-e502b1b9,Germany,Halle 4.0,F9,Greta Milán,Ravensburger Verlag GmbH,Autorin
Ravensburger Verlag GmbH,ravensburger-verlag-gmbh-e502b1b9,Germany,Halle 4.0,F9,Rolf Zuckowski,Ravensburger Verlag GmbH,
RAYA Agency for Arabic Literature - Jraissati Yasmine,raya-agency-for-arabic-literature---jraissati-yasmine-122b989a,France,Halle 1.2,LitAg,,,
Rayany Publishing,rayany-publishing,United Kingdom,Halle 4.2,H108,,,
"RBA Coleccionables, S.A.",rba-coleccionables-sa,Spain,Halle 1.2,PRC,,,
"RBA Libros y Publicaciones, S.L.",rba-libros-y-publicaciones-sl,Spain,Halle 1.2,PRC,,,
RBmedia Verlag GmbH,rbmedia-verlag-gmbh-b132f945,Germany,Halle 4.0,H17,,,
RDC Agencia Literaria S.L.,rdc-agencia-literaria-sl-ef89441a,Spain,Halle 1.2,LitAg,,,
ReadersMagnet LLC,readersmagnet-llc-687ea99e,United States,Halle 4.2,M5,Ivy Barria,ReadersMagnet LLC,
ReadersMagnet LLC,readersmagnet-llc-687ea99e,United States,Halle 4.2,M5,Paul Boerger,ReadersMagnet LLC,
ReadersMagnet LLC,readersmagnet-llc-687ea99e,United States,Halle 4.2,M5,Adriene Caldwell,ReadersMagnet LLC,Author
ReadersMagnet LLC,readersmagnet-llc-687ea99e,United States,Halle 4.2,M5,Dr. Joyce Addo-Atuah,ReadersMagnet LLC,"Author of Are You Grateful? Gratitude Living: Science, Scripture, & Testimonials Confirm Its Power"
ReadersMagnet LLC,readersmagnet-llc-687ea99e,United States,Halle 4.2,M5,Seigfred Enero,ReadersMagnet LLC,Brand & Marketing Generalist
ReadersMagnet LLC,readersmagnet-llc-687ea99e,United States,Halle 4.2,M5,Swapna Gangopadhyay,ReadersMagnet LLC,
Reading China,china-national-publications-import--export-group-co-ltd,China,Halle 5.1,D147,,,
Reading Glass Books,the-reading-glass-books,United States,Halle 4.2,L26,,,
READO GmbH,reado-gmbh-4042f413,Germany,Festhalle,A95,,,
Reaktion Books Ltd.,reaktion-books-ltd-23927133,United Kingdom,Halle 4.2,J35,Maria Kilcoyne,Reaktion Books Ltd.,Rights Manager
Really Decent Books Ltd.,really-decent-books-ltd-c9cbc089,United Kingdom,Halle 4.2,G75,,,
Rebellion Publishing / 2000 AD,rebellion-developments-ltd,United Kingdom,Halle 3.1,H23 / Comics Business Centre,Sam Birkett,Rebellion Publishing / 2000 AD,Rights Manager
Rebo International B.V.,rebo-international-bv-67806314,Netherlands,Halle 5.1,D54,,,
Récamier (part of Editis),ditions-rcamier-an-imprint-of-place-des-editeurs,France,Halle 3.1,H59,,,
Red Hen Press,red-hen-press,United States,Halle 4.2,K14,,,
Red Penguin Books,red-penguin-books,United States,Halle 4.2,L22,,,
Red Publish,red-publish,Hong Kong,Halle 5.1,D121,,,
Red Rock Publishers,the-webbench-llc,United States,Halle 4.2,L31,,,
Red Wheel Weiser LLC,red-wheel-weiser-llc-d8d516b0,United States,Halle 4.2,H66,Michael Kerber,Red Wheel Weiser LLC,President
Red Wheel Weiser LLC,red-wheel-weiser-llc-d8d516b0,United States,Halle 4.2,H66,Christine LeBlond,Red Wheel Weiser LLC,Rights Manager
Reemers Publishing Services GmbH,reemers-publishing-services-gmbh,Germany,Halle 4.1,H57,,,
Regal Hoffmann & Associates LLC,regal-hoffmann--associates-llc-a522e76a,United States,Halle 1.2,LitAg,,,
Regal House Publishing,regal-house-publishing,United States,Halle 4.2,K14,,,
Reggio Children - International Center for the Defence and Promotion of the Rights and Potential of all Children,reggio-children---international-center-for-the-defence-and-promotion-of-the-rights-and-potential-of-all-children,Italy,Halle 3.1,B134,,,
Regio Ltd.,regio-ltd,Estonia,Halle 3.1,B34,,,
Regione Puglia - Puglia Culture,regione-puglia---puglia-culture,Italy,Halle 3.1,B102,,,
Regroupement des éditeurs franco-canadiens,regroupement-des-diteurs-franco-canadiens,Canada,Halle 3.1,F85,,,
Rehberg + Sommerfeld GbR,rehberg--sommerfeld-gbr,Germany,Halle 5.0,E40,,,
Reichert Verlag,reichert-verlag-89058c81,Germany,Halle 3.0,A133,,,
Reisebuchladen.net - V. Hager & M. Oberdorfer GbR,reisebuchladennet---v-hager--m-oberdorfer-gbr,Germany,Halle 5.0,A115,,,
Reise Know-How Verlag Peter Rump GmbH,reise-know-how-verlag-peter-rump-gmbh,Germany,Halle 5.0,B122,,,
Re-Naissance LLC,re-naissance-agency,United States,Halle 4.2,H41,,,
Renata de la Chapelle Agency,renata-de-la-chapelle-agency,Poland,Halle 3.1,H145,,,
Replika Press Pvt. Ltd.,replika-press-pvt-ltd-1ccde9dc,India,Halle 4.2,D29,,,
Reporter ohne Grenzen e.V.,reporter-ohne-grenzen-ev,Germany,,,,,
Reprodukt GmbH,reprodukt-gmbh-27905a9c,Germany,Halle 3.0,C54,,,
Repro India Ltd,repro-india-ltd,India,Halle 4.1,J56,Lucy McBride,Repro India Ltd,International Sales
Repro India Ltd,repro-india-ltd,India,Halle 4.1,J56,Farhan Shaikh,Repro India Ltd,
Republic of Bulgaria Ministry of Culture Bulgarian Book Association,republic-of-bulgaria-ministry-of-culture-bulgarian-book-association,Bulgaria,Halle 3.1,B19,,,
Republic of Türkiye Ministry of Culture and Tourism,ministry-of-culture-and-tourism-of-republic-of-trkiye,Türkiye,Halle 3.1,G58,,,
Research4Life,friends-of-research4life,United States,Halle 4.1,D98,Sarah Phibbs,Research4Life,"Consultant, Equity & Inclusion"
Research Consulting Limited,research-consulting-limited,United Kingdom,Halle 4.1,G92,Rob Johnson,Research Consulting Limited,Managing Director
Research Consulting Limited,research-consulting-limited,United Kingdom,Halle 4.1,G92,Dylan Storan,Research Consulting Limited,Senior Consultant
Research Information,ri-media-ltd,United Kingdom,Halle 4.1,J76,,,
Research Solutions,research-solutions,United States,Halle 4.1,J79 / Workstation,Chris Bendall,Research Solutions,VP Product Strategy
Research Solutions,research-solutions,United States,Halle 4.1,J79 / Workstation,Stefan Bungartz,Research Solutions,Sr. Customer Engagement Manager
Research Solutions,research-solutions,United States,Halle 4.1,J79 / Workstation,Lydia Lindenberg,Research Solutions,Senior Director of Content Marketing
Research Solutions,research-solutions,United States,Halle 4.1,J79 / Workstation,Melanie Mack,Research Solutions,"Sr. Manager, Client Services and Strategic Accounts"
Research Solutions,research-solutions,United States,Halle 4.1,J79 / Workstation,Chahrazed Poignant,Research Solutions,Senior Account Manager
Research Solutions,research-solutions,United States,Halle 4.1,J79 / Workstation,Giovanni Rosales,Research Solutions,Head of Document Delivery Services
Residenz Verlag GmbH,residenz-verlag-gmbh-af22c816,Austria,Halle 3.0,C138,Manon Rieser,Residenz Verlag GmbH,Social Media und Veranstaltungen
RETROFABRIK GmbH,retrofabrik-gmbh,Germany,Halle 4.0,A76,Mustafa Ceyhan,RETROFABRIK GmbH,Geschäfstführer/CEO
Rettore Ltd.,rettore-ltd-11f16f8e,Hong Kong,Halle 4.2,G71,,,
REX Book Store,rex-group-of-companies,Philippines,Halle 5.1,A95,,,
Reykjavik Literary Agency (Forlagid),reykjavik-literary-agency-forlagid,Iceland,Halle 1.2,LitAg,,,
Rey Naranjo Editores SAS,rey-naranjo-editores-sas,Colombia,Halle 3.1,E83,,,
R.G. Fischer Verlag GmbH,rg-fischer-verlag-gmbh-10f5f39e,Germany,Halle 3.0,B49,Markus Baumgartner,R.G. Fischer Verlag GmbH,
Rhapsera - Splendit IT-Consulting GmbH,rhapsera---splendit-it-consulting-gmbh,Austria,Halle 4.1,K9 / Audio Business Centre,,,
Rhein-Mosel-Verlag Arne Houben e.K.,rhein-mosel-verlag-arne-houben-ek-d14cb9ef,Germany,Halle 3.0,E158,,,
Rich and Famous Film GmbH,rich-and-famous-film-gmbh,Germany,Halle 4.0,A90,,,
Richard Mayer Buchbinderei GmbH,richard-mayer-buchbinderei-gmbh-b9e0fc90,Germany,Halle 3.0,H140,,,
Richmond ELT,sinirsiz-egitim-hizm-yay-san-ve-tic-as,United Kingdom,Halle 4.1,B32,Arturo Calderon Lopez,Richmond ELT,Global Product Director
Richmond ELT,sinirsiz-egitim-hizm-yay-san-ve-tic-as,United Kingdom,Halle 4.1,B32,Alastair Cameron,Richmond ELT,International Sales Director
Richmond ELT,sinirsiz-egitim-hizm-yay-san-ve-tic-as,United Kingdom,Halle 4.1,B32,Islas Mauricio,Richmond ELT,Global Marketing Manager
Riff Agency,riff-agency-2b2ba40c,Brazil,Halle 1.2,LitAg,,,
Rightman Publishing Limited,rightman-publishing-limited,Hong Kong,Halle 5.1,D121,,,
Rightol Media Limited,rightol-media-limited-a21c4503,China,Halle 1.2,LitAg,,,
Rights & Brands / R&B Licensing Oy,rights--brands--rb-licensing-oy,Finland,Halle 3.1,B67,,,
RightsMix,rightsmix,United States,Halle 4.2,H38,Terry Nathan,Independent Book Publishers Association,Chief Operations Officer
Rights People Working Partners Ltd,rights-people-working-partners-ltd-08a04244,United Kingdom,Halle 1.2,LitAg,,,
RightsZone Ltd.,rightszone-ltd,United Kingdom,Halle 4.2,J89,,,
Ringier Medien AG,ringier-medien-ag,Switzerland,Halle 3.0,F97,Verena Koch,Ringier Medien AG,Vertriebs- und Marketingmanagerin
Rinoa Verlag,rinoa-verlag,Germany,Festhalle,C38,,,
Ritter Verlag,ritter-verlag,Austria,Halle 5.0,D15,,,
Riveneuve,riveneuve,France,Halle 3.1,J131,,,
"River Books Press Co., Ltd.",river-books-press-co-ltd,Thailand,Halle 5.1,A113,,,
Rizzoli International Publications Inc.,rizzoli-international-publications-inc,United States,Halle 4.2,E48,Phillip Vercellone,Rizzoli International Publications Inc.,
Roberto Koch Editore s.r.l.,roberto-koch-editore-srl,Italy,Halle 3.1,B134,,,
Robert Rose Inc.,robert-rose-inc,Canada,Halle 4.2,H11,,,
ROBOTIME EUROPE LTD,robotime-eu,Bulgaria,Halle 5.0,D99,,,
ROBZZ Digital,robzz-digital,United States,Halle 4.2,K89,,,
"Rocky Nook, Inc.",rocky-nook-inc,United States,Halle 5.1,C71,Scott Cowlin,"Rocky Nook, Inc.",Publisher & CEO
"Rocky Nook, Inc.",rocky-nook-inc,United States,Halle 5.1,C71,Damon Hampson,"Rocky Nook, Inc.",Director of New Product and Business Development
Rocobricks S.L.,rocobricks-sl,Spain,Halle 3.1,D135,,,
"Rogers, Coleridge & White Ltd.",rogers-coleridge--white-ltd-19871d36,United Kingdom,Halle 1.2,LitAg,,,
Rolling Books Ltd.,rolling-books-ltd,Hong Kong,Halle 5.1,D121,,,
ROMEON Verlags GmbH,romeon-verlags-gmbh,Germany,Halle 3.0,G93,,,
Ronzani srl,ronzani-editore,Italy,Halle 3.1,B102,,,
Rosa Baumann,rosa-baumann,Germany,Festhalle,B86,,,
Rosaria Carpinelli Consulenze Editoriali SrL,rosaria-carpinelli-consulenze-editoriali-srl-50892e91,Italy,Halle 1.2,LitAg,,,
Rota do Livro,rota-do-livro,Portugal,Halle 3.1,F139,,,
Rotary Club Elementarbildung,rotary-club-elementarbildung,Germany,Halle 4.0,E32,Martin Dr. Hüttermann,Rotary Club Elementarbildung,
Rotary Club Elementarbildung,rotary-club-elementarbildung,Germany,Halle 4.0,E32,Sophie Gotthardt,Rotary Club Elementarbildung,Projektmanagerin im Bereich Leseempfehlungen und Engagement bei der Stiftung Lesen
Rotary Club Elementarbildung,rotary-club-elementarbildung,Germany,Halle 4.0,E32,Martina Honsel,Rotary Club Elementarbildung,
Rotary Club Elementarbildung,rotary-club-elementarbildung,Germany,Halle 4.0,E32,Katja Hüttermann,Rotary Club Elementarbildung,
Rotary Club Elementarbildung,rotary-club-elementarbildung,Germany,Halle 4.0,E32,Karch Olga,Rotary Club Elementarbildung,
Rotary Club Elementarbildung,rotary-club-elementarbildung,Germany,Halle 4.0,E32,Marcus Heinrich Rohner,Rotary Club Elementarbildung,
Rotary Club Elementarbildung,rotary-club-elementarbildung,Germany,Halle 4.0,E32,Michaela Roos,Rotary Club Elementarbildung,BRILLEN-ohne-GRENZEN / Gudd-Zweck-FRIENDS
Rotary Club Elementarbildung,rotary-club-elementarbildung,Germany,Halle 4.0,E32,Michael Roos,Rotary Club Elementarbildung,BRILLEN-ohne-GRENZEN / Gudd-Zweck-FRIENDS
Rotary Club Elementarbildung,rotary-club-elementarbildung,Germany,Halle 4.0,E32,Petra Wessling,Rotary Club Elementarbildung,Anwältin
Rotary Club Elementarbildung,rotary-club-elementarbildung,Germany,Halle 4.0,E32,David Martin,Rotary Club Elementarbildung,
Rotopol,rotopol-press,Germany,Halle 3.0,D87,,,
Rotpunktverlag AG,rotpunktverlag-ag,Switzerland,Halle 3.0,F97,,,
Rouergue (part of Actes Sud),sa-editions-du-rouergue,France,Halle 3.1,G145,,,
Round Robin srl,round-robin-srl,Italy,Halle 3.1,B102,,,
Rowohlt Berlin Verlag GmbH,rowohlt-berlin-verlag-gmbh-be35f53c,Germany,Halle 5.0,C45,,,
Rowohlt Verlag GmbH,rowohlt-verlag-gmbh-2e63bb4b,Germany,Halle 5.0,C45,Tessa Martin,Rowohlt Verlag GmbH,
Rowohlt Verlag GmbH,rowohlt-verlag-gmbh-2e63bb4b,Germany,Halle 5.0,C45,Lisa Marie Paesike,Rowohlt Verlag GmbH,
Rowohlt Verlag GmbH,rowohlt-verlag-gmbh-2e63bb4b,Germany,Halle 5.0,C45,Marle Scheither,Rowohlt Verlag GmbH,
Rowohlt Verlag GmbH,rowohlt-verlag-gmbh-2e63bb4b,Germany,Halle 5.0,C45,Juliane Luchs,Rowohlt Verlag GmbH,Marketing Managerin
Rowohlt Verlag GmbH,rowohlt-verlag-gmbh-5952dd2e,Germany,Halle 1.2,PRC,,,
Rowohlt Verlag GmbH,rowohlt-verlag-gmbh-f853d887,Germany,Festhalle,B93,,,
Rowohlt Verlag GmbH Bookish Love Universe,rowohlt-verlag-gmbh-bookish-love-universe,Germany,Festhalle,B93,,,
Rowohlt Verlag GmbH Kindler Verlag,rowohlt-verlag-gmbh-kindler-verlag-e72b4e5a,Germany,Halle 5.0,C45,,,
Rowohlt Verlag GmbH Rowohlt Polaris Verlag,rowohlt-verlag-gmbh-rowohlt-polaris-verlag-8a81b767,Germany,Halle 5.0,C45,,,
Rowohlt Verlag GmbH Rowohlt Taschenbuch Verlag,rowohlt-verlag-gmbh-rowohlt-taschenbuch-verlag-ac49d213,Germany,Halle 5.0,C45,,,
Royal House London,royal-house-london,United Kingdom,Halle 4.1,A22,,,
Royal Nature GmbH & Co. KG,royal-nature-gmbh--co-kg,Germany,Halle 5.0,E118,,,
Royal Society of Chemistry,royal-society-of-chemistry-2c21f24f,United Kingdom,Halle 4.1,E48,,,
RR Donnelley Asia Printing Solutions Limited,rr-donnelley-asia-printing-solutions-limited,Hong Kong,Halle 5.1,D121,,,
RR Scouting Ltd,rr-scouting-ltd-5e9e55e9,United Kingdom,Halle 1.2,LitAg,,,
RTL NEWS GmbH,rtl-news-gmbh,Germany,,,,,
ruach.jetzt GmbH,ruachjetzt-gmbh,Germany,Halle 3.0,G93,,,
Rubinstein Publishing B.V.,rubinstein-publishing-bv,Netherlands,Halle 3.1,E21,,,
Ruby Tuesday Books Ltd.,ruby-tuesday-books-ltd-9ba770b4,United Kingdom,Halle 4.2,G67,,,
Rudolf Steiner Verlag AG,rudolf-steiner-verlag-ag,Switzerland,Halle 3.0,F97,,,
Rue de l'échiquier,editions-rue-de-lchiquier,France,Halle 3.1,G145,,,
Rue de Sèvres (part of L'école des loisirs group),rue-de-svres-groupe-lecole-des-loisirs,France,Halle 3.1,H96,,,
Rue du Monde,rue-du-monde,France,Halle 3.1,J131,,,
Rune Store,rune-store,Germany,Festhalle,D67,,,
Rusconi Libri Spa,rusconi-libri-spa,Italy,Halle 3.1,D134,,,
Rutgers University Press,rutgers-university-press-2f71fa0d,United States,Halle 4.1,E33,,,
Ruxue International Media Inc.,ruxue-international-media-inc-103892a7,United States,Halle 5.1,B77,,,
S4Carlisle Publishing Services Pte. Ltd.,s4carlisle-publishing-services-pte-ltd,India,Halle 4.1,F30,,,
Saal Harmonie (CMF) - Frankfurter Buchmesse,saal-harmonie-cmf---frankfurter-buchmesse,Germany,CMF2,A1,,,
Sabine Wespieser éditeur,sabine-wespieser-diteur,France,Halle 3.1,G125,,,
Sabrina Uhlirsch,sabrina-uhlirsch,Germany,Halle 4.0,H96,Mary Cronos,Sabrina Uhlirsch,CEO
SAE International,sae-international-3c6b1198,United States,Halle 4.1,G85,Michael Ferketic,SAE International,
SAE International,sae-international-3c6b1198,United States,Halle 4.1,G85,Shitong Xing,SAE International,
Saengdao Publishing Company Limited,saengdao-publishing-company-limited,Thailand,Halle 5.1,A113,,,
Safe Power Printing & Box Manufacturing Company Limited,safe-power-printing--box-manufacturing-company-limited,Hong Kong,Halle 5.1,D121,,,
Safran Book,safran-book,Ukraine,Halle 3.1,E53,Svitlana Pryzynchuk,Safran Book,Founder & CEO
Safran Book,safran-book-e6908f03,Ukraine,Halle 3.1,C13,,,
Saga Egmont / Lindhardt og Ringhof A/S,saga-egmont--lindhardt-og-ringhof-as,Denmark,Halle 4.0,H17,,,
Sage Foundation Intellect Limited,sage-foundation-intellect-limited,Hong Kong,Halle 5.1,D121,,,
SAGE Publications Ltd,sage-publications-ltd-6bede7d5,United Kingdom,Halle 4.1,D46,,,
Sahitya Akademi,sahitya-akademi,India,Halle 4.2,F35,,,
Salento Book Srls (Besa Muci),besa-muci-salento-books-srls,Italy,Halle 3.1,B102,,,
Sally Dark Autorin,sally-dark,Germany,Festhalle,A47,,,
SalmaiaLit Literary Agency,salmaialit-literary-agency-562f34e6,Spain,Halle 1.2,LitAg,,,
Salomonsson Agency AB,salomonsson-agency-ab-1e4181f1,Sweden,Halle 1.2,LitAg,,,
SALON LiteraturVERLAG,salon-literaturverlag,Germany,Halle 3.0,B69,,,
SaltWay Global Ltd.,saltway-global-ltd-8302b274,United Kingdom,Halle 4.2,D81,,,
Saltway Publishing Ltd.,saltway-publishing-ltd-ad498e40,United Kingdom,Halle 4.2,D79,,,
Salvator - Yves Briend Editeur,salvator---yves-briend-editeur-sa,France,Halle 3.1,G145,,,
Samawy Content and Publishing Solutions,samawy,Saudi Arabia,Halle 4.1,F15,Muhammed Salah,Samawy Content and Publishing Solutions,Digital Products Manager
Sammlerecke Esslingen Frieder Maier Comics & Romane Laden & Versand,sammlerecke-esslingen-frieder-maier-comics--romane-laden--versand-81497f32,Germany,Halle 4.0,A66,,,
Sam Tam Books Sarl,samokat-publishing-house--sam-tam-books-srl,Switzerland,Halle 1.2,PRC,,,
Sandorf Passage,sandorf-passage,United States,Halle 4.2,K14,,,
"Sandra Bruna Agencia Literaria, S.L.",sandra-bruna-agencia-literaria-sl-c3c0c219,Spain,Halle 1.2,LitAg,,,
Sandra Dijkstra Literary Agency,sandra-dijkstra-literary-agency-34fb1507,United States,Halle 1.2,LitAg,,,
Sandstein Kultur GmbH,sandstein-kommunikation-gmbh---sandstein-verlag,Germany,Halle 3.0,G93,,,
"Sanford J. Greenburger Associates, Inc.",sanford-j-greenburger-associates-inc-c77db2e9,United States,Halle 1.2,LitAg,,,
"Sanshusha Publishing Co., Ltd.",sanshusha-publishing-co-ltd,Japan,Halle 4.2,F34,,,
"Sant Jordi Asociados Agencia Literaria, S.L.U.",sant-jordi-asociados-agencia-literaria-slu-937f4144,Spain,Halle 1.2,LitAg,,,
Sarah Kosecki,sarah-kosecki,Germany,Halle 4.0,H74,,,
Sarbacane (part of Madrigall),editions-sarbacane,France,Halle 3.1,H125,,,
Sárközy és Társai Kiadó,srkzy-s-trsai-kiad,Hungary,Halle 3.1,C34,,,
SARL AGCE  Agence Littéraire Lora Fountain & Associates,sarl-agce--agence-littraire-lora-fountain--associates-15e2ef32,France,Halle 1.2,LitAg,Lora Fountain,SARL AGCE Agence Littéraire Lora Fountain & Associates,Managing Director
SARL Editions Maison des Langues,editions-maison-des-langues,France,Halle 3.0,F33,,,
SARL Editions Maison des Langues,sarl-editions-maison-des-langues,France,Halle 3.1,J131,,,
SARL Leor,sarl-leor,France,Halle 1.2,LitAg,,,
Sarl Ttipi Agency,ttipi-agency,France,Halle 3.1,G99,,,
Sarl V & P Scouting,sarl-v--p-scouting-5eeff78f,France,Halle 1.2,LitAg,,,
Sassi Editore Srl,sassi-editore-srl-a6d3b07c,Italy,Halle 3.1,B134,,,
Sassi Super Lab Srl,sassi-super-lab-srl,Italy,Halle 3.1,B102,,,
SAS Syllabes Agency,sas-syllabes-agency-4dc0bb3c,France,Halle 3.1,G97,,,
Sasu Agence Deborah Druba,sasu-agence-deborah-druba-bf7a3cfb,France,Halle 1.2,LitAg,,,
SASU Mediatoon Licensing,sasu-mediatoon-licensing-f288ee16,France,Halle 3.1,H23 / Comics Business Centre,,,
SASU VME PLB,sasu-vme-plb,France,Halle 3.1,H23 / Comics Business Centre,,,
"Sataporn Books Co., Ltd.",sataporn-books-co-ltd,Thailand,Halle 5.1,A113,,,
Satyr Verlag Volker Surmann,satyr-verlag-volker-surmann-b8f8c46b,Germany,Halle 3.0,C61,,,
Saudi Center for Opinion Polling,saudi-center-for-opinion-polling,Saudi Arabia,,,,,
S.B. Rights Agency,sb-rights-agency-a1049f61,United Kingdom,Halle 4.2,G76,,,
SBR Media,sbr-media,United States,Halle 1.2,PRC,Nikki Groom,SBR Media,
"SBS Schweizerische Bibliothek für Blinde, Seh- und Lesebehinderte",sbs-schweizerische-bibliothek-fr-blinde-seh--und-lesebehinderte,Switzerland,Halle 3.0,F97,Cordula Nebiker,"SBS Schweizerische Bibliothek für Blinde, Seh- und Lesebehinderte",Geschäftskunden und Inklusion
Scallywag Press Ltd.,scallywag-press-ltd-60573989,United Kingdom,Halle 4.2,K99,,,
Scamp Publishing,scamp-publishing-71c7c284,United Kingdom,Halle 4.2,G86,,,
Scandinavia Publishing House A/S,scandinavia-publishing-house-as-3c3e218f,Denmark,Halle 4.2,B87,,,
Scan Global Logistics,scan-global-logistics-ac10c949,United States,Halle 4.2,J100,Lars Kloch,Scan Global Logistics,Senior Vice President - Global Head of Print
Scan Global Logistics,scan-global-logistics-ac10c949,United States,Halle 4.2,J100,Andy Nicholls,Scan Global Logistics,VP Strategic Projects & Transatlantic Development
Scan Global Logistics,scan-global-logistics-ac10c949,United States,Halle 4.2,J100,Bob Stewart,Scan Global Logistics,Vice President Corporate Sales- SGL Print
Scansom Publishers Mohamed Sheik Hassan,scansom-publishers-mohamed-sheik-hassan,Sweden,Halle 3.1,F38,,,
SCB Distributors,scb-distributors-684517f9,United States,Halle 4.2,D99,,,
Schaukelpferdverlag,schaukelpferdverlag,Germany,Halle 4.0,C56,,,
Schavelzon Graham Agencia Literaria S.L.,schavelzon-graham-agencia-literaria-sl-bc9e31cb,Spain,Halle 1.2,LitAg,,,
Schiffer Publishing Limited,schiffer-publishing-limited,United States,Halle 5.1,D68,,,
Schirmer/Mosel Verlag GmbH,schirmermosel-verlag-gmbh,Germany,Halle 3.0,F121,,,
Schirner Verlag GmbH & Co. KG,schirner-verlag-gmbh--co-kg-2f209e48,Germany,Halle 4.1,J79 / Workstation,,,
SCHIRN Kunsthalle Frankfurt,schirn-kunsthalle-frankfurt,Germany,,,,,
SCHLEBRÜGGE.EDITOR,schlebrggeeditor,Austria,Halle 5.0,D15,,,
Schöffling & Co. Verlagsbuchhandlung GmbH,schffling--co-verlagsbuchhandlung-gmbh-169a6cf9,Germany,Halle 3.0,F61,,,
Scholastic Australia Pty. Ltd.,scholastic-australia-pty-ltd-035ca004,Australia,Halle 5.1,D73,,,
Scholastic Canada Ltd.,scholastic-canada-ltd-d1301427,Canada,Halle 5.1,D73,,,
Scholastic Children's Books SCHOLASTIC LIMITED,scholastic-childrens-books-scholastic-limited-28fed835,United Kingdom,Halle 5.1,D73,,,
Scholastic Inc.,scholastic-inc-01f7ce63,United States,Halle 5.1,D73,,,
Scholastic New Zealand Ltd.,scholastic-new-zealand-ltd-6a30da48,New Zealand,Halle 5.1,D73,,,
SCHUBERT-Verlag GmbH & Co. KG,schubert-verlag-gmbh--co-kg,Germany,Halle 3.0,G93,,,
SCHULTZ & SCHIRM Bühnenverlag,schultz--schirm-bhnenverlag,Austria,Halle 5.0,E13,,,
Schulze-Delitzsch-Schriftenreihe c/o Dr. Hofinger,schulze-delitzsch-schriftenreihe-co-dr-hofinger-ddbdf337,Austria,Halle 3.0,C131,,,
Schüren Verlag GmbH,schren-verlag-gmbh-05ec1c81,Germany,Halle 3.0,D56,,,
Schüren Verlag GmbH,schren-verlag-gmbh-fab6698a,,Halle 3.0,D87,,,
Schwabe Verlagsgruppe AG Schwabe Verlag,schwabe-verlagsgruppe-ag-schwabe-verlag-60fb386e,Switzerland,Halle 3.0,F97,,,
Schweitzer Fachinformationen GmbH & Co. KG,schweitzer-fachinformationen-ohg-334f5caa,Germany,Halle 4.1,J79 / Workstation,,,
Schweizerbart/Borntraeger Science Publishers  E. Schweizerbart'sche Verlagsbuchhandlung,schweizerbartborntraeger-science-publishers--e-schweizerbartsche-verlagsbuchhandlung-968ab2a6,Germany,Halle 3.0,A137,,,
Schweizer Buchhändler- und Verleger-Verband SBVV,schweizer-buchhndler--und-verleger-verband-sbvv-a2ecf80e,Switzerland,Halle 3.0,F97,Myriam Lang,Schweizer Buchhandels- und Verlags-Verband SBVV,Head of intern. department
SCIENCE CHINA PRESS,science-china-press,China,Halle 4.1,F90,,,
Science Press,science-press,China,Halle 4.1,F90,,,
SCIENTIFIC eRESOURCES,scientific-international-pvt-ltd,India,Halle 4.1,B92,,,
SCM Verlagsgruppe GmbH,scm-verlagsgruppe-gmbh,Germany,Halle 3.0,G65,,,
Scolar Kiadó,scolar-kiad,Hungary,Halle 3.1,C34,,,
Screen World -  Frankfurter Buchmesse,screen-world----frankfurter-buchmesse,Germany,Halle 4.0,A90,,,
Scribe Publications Pty. Ltd.,scribe-publications,Australia,Halle 4.2,J66,,,
scridelio ABERHAM Communication Design,scridelio-aberham-communication-design,Germany,Halle 3.0,G120,,,
Scrineo,scrineo,France,Halle 3.1,J131,,,
Script Publisher Services Ltd.,script-publisher-services-ltd,United Kingdom,Halle 5.1,C78,,,
SC (Sang Choy) International Pte. Ltd,sc-sang-choy-international-pte-ltd,Singapore,Halle 3.1,F2,Priscilla Tang,SC (Sang Choy) International Pte. Ltd,Personal Assistant to CEO
"SDX Joint Publishing Co., Ltd.",sdx-joint-publishing-co-ltd,China,Halle 5.1,D147,,,
Seagull Books London Ltd.,seagull-books-london-ltd-5463b988,United Kingdom,Halle 4.2,B81,,,
Search Press Limited,search-press-limited-5eb7e3df,United Kingdom,Halle 4.2,E61,Cameron Baird,Search Press Limited,
Search Press Limited,search-press-limited-5eb7e3df,United Kingdom,Halle 4.2,E61,Lottie Corcoran,Search Press Limited,
Secession Verlag Berlin GmbH,secession-verlag-berlin-gmbh-20d94a8a,Germany,Halle 3.0,C102,,,
Secession Verlag für Literatur GmbH,secession-verlag-fr-literatur-gmbh,Switzerland,Halle 3.0,C100,,,
Second Chances Verlag Inh. Jeannette Bauroth,second-chances-verlag-inh-jeannette-bauroth,Germany,Festhalle,C47,,,
Second Story Press,second-story-press,Canada,Halle 4.2,H7,,,
Secretaría de Cultura Argentina,secretara-de-cultura-argentina,Argentina,Halle 3.1,F86,,,
"Seed Learning, Inc.",seed-learning-inc-0a9666ab,Republic of Korea,Halle 4.1,B64,,,
Séguier (part of Editis),sguier-editions,France,Halle 3.1,H59,,,
Seifert Verlag,seifert-verlag,Austria,Halle 5.0,E13,,,
"Seigensha Art Publishing, inc.",seigensha-art-publishing-inc,Japan,Halle 3.0,G126,,,
Seismo Verlag  Sozialwissenschaften und Gesellschaftsfragen,seismo-verlag--sozialwissenschaften-und-gesellschaftsfragen-ff0e02ba,Switzerland,Halle 3.0,C67,,,
SE&JS Publishers,sejs-publishers,Estonia,Halle 3.1,B34,,,
Selbstverlag Klaus Windhöfel,selbstverlag-klaus-windhfel,Germany,Halle 5.0,E42,,,
Selfpublisher-Verband e.V.,selfpublisher-verband-ev,Germany,Halle 5.0,D51,Loböck Christina,Selfpublisher-Verband e.V.,
Selfpublisher-Verband e.V.,selfpublisher-verband-ev,Germany,Halle 5.0,D51,Pia Prenner,Selfpublisher-Verband e.V.,
Selfpublisher-Verband e.V.,selfpublisher-verband-ev,Germany,Halle 5.0,D51,Anna-Lena Kahnau,Selfpublisher-Verband e.V.,
Sellerio Editore SRL,sellerio-editore-srl,Italy,Halle 3.1,A124,,,
Seltmann Publishers GmbH,seltmann-publishers-gmbh,Germany,Halle 3.0,F61,,,
Senckenberg Gesellschaft für Naturforschung,senckenberg-gesellschaft-fr-naturforschung-6b8e523c,Germany,Halle 3.0,A137,,,
"SendPoints Publishing Co., Limited",sendpoints-publishing-co-ltd,Hong Kong,Halle 3.0,F133,,,
Sens Dessus Dessous (part of Editis),sens-dessus-dessous---groupe-delcourt,France,Halle 3.1,H96,,,
Seoul International Book Fair,seoul-international-book-fair,Republic of Korea,Halle 5.1,A157,,,
Septembre Éditeur,septembre-diteur,Canada,Halle 3.1,F85,Carl Frédéric De Celles,Septembre Éditeur,President
Septembre Éditeur,septembre-diteur,Canada,Halle 3.1,F85,Demers Lucie,Septembre Éditeur,
Septembre Éditeur,septembre-diteur,Canada,Halle 3.1,F85,Martine Rioux,Septembre Éditeur,Editoriale director
Septime Verlag e.U.,septime-verlag-eu,Austria,Halle 3.0,C88,,,
Seren Books,seren,United Kingdom,Halle 3.1,B22,,,
Serendipia Editorial,serendipia-editorial-sl,Spain,Halle 3.1,H23 / Comics Business Centre,Santos Cejudo,Serendipia Editorial,Foreign Rights Manager
Servantes s.r.o.,servantes-sro-51a4e50b,Czechia,Halle 3.1,C65,,,
Services4media srl,services4media-srl,Italy,Halle 3.1,B101,Sara Mancini,Services4media srl,Director of the S4M imprint and consultant for Services4Media
Services4media srl,services4media-srl,Italy,Halle 3.1,B101,Emily Rampoldi,Services4Media srl,Director of the Arbor Libri imprint
Services4media srl,services4media-srl,Italy,Halle 3.1,B101,Giuliana Riunno,Start Edizioni / Services4media srl,publisher
Services4media srl,services4media-srl,Italy,Halle 3.1,B101,Emanuella Santomauro,Services4media srl,
Sete Mares,sete-mares,Portugal,Halle 3.1,F139,,,
Seuil Jeunesse (part of Media Participations),seuil-jeunesse-editions-du-seuil-sas,France,Halle 3.1,H125,,,
Seuil (part of Media Participations),editions-du-seuil-sas,France,Halle 3.1,H125,,,
Seven Stories Press Inc,seven-stories-press-inc,United States,Halle 3.1,C104,,,
SEV Yayincilik Egitim ve Ticaret A.S.,sev-yayincilik-egitim-ve-ticaret-as,Türkiye,Halle 3.1,G70,,,
S. Fischer Verlag GmbH,s-fischer-verlag-gmbh-e50caf49,Germany,Halle 5.0,B16,Esther Lowack,S. Fischer Verlag GmbH,S. Fischer
S. Fischer Verlag GmbH,s-fischer-verlag-gmbh-e50caf49,Germany,Halle 5.0,B16,Veranstaltungen S. Fischer Verlage,S. Fischer Verlag GmbH,
S. Fischer Verlag GmbH,s-fischer-verlag-gmbh-c2f92ee9,Germany,Halle 1.2,PRC,,,
S. Fischer Verlag GmbH,s-fischer-verlag-gmbh-d616b8d6,Germany,Festhalle,B93,,,
"Shaanxi People's Education Press Co., Ltd.",shaanxi-peoples-education-press,China,Halle 5.1,D147,,,
Shackleton Books,shackleton-books,Spain,Halle 3.1,E131,,,
Shadow Mountain Publishing,deseret-book-company,United States,Halle 4.2,C80,Cassandra Camargo,Shadow Mountain Publishing,Foreign Licensing Project Manager
"Shambhala Publications, Inc.",shambhala-publications-inc-73198f68,United States,Halle 5.1,C28,,,
"Shandong Education Press Co., Ltd.",shandong-education-press-co-ltd,China,Halle 5.1,D147,,,
"Shandong Friendship Publishing House Co., Ltd",shandong-friendship-publishing-house,China,Halle 5.1,D147,,,
"Shandong Publishing House of Literature and Art Co., Ltd",shandong-publishing-house-of-literature-and-art-co-ltd,China,Halle 5.1,D147,,,
"Shandong Xinhua Printing Co.,Ltd",shandong-xinhua-printing-coltd,China,Halle 5.1,D147,,,
"Shandong Xinhua Printing Co., Ltd. Jinan Branch",shandong-xinhua-printing-co-ltd-jinan-branch,China,Halle 5.1,D147,,,
"Shandong Yunjie Culture Technology Co., Ltd.",shandong-yunjie-culture-technology-co-ltd,China,Halle 3.1,G32,,,
"Shanghai Century Publishing (Group) Co., Ltd",shanghai-century-publishing-group-co-ltd-38b52c92,China,Halle 4.1,D65,,,
"Shanghai E-Tang Import & Export Co., Ltd",shanghai-e-tang-import--export-co-ltd-f7e885d2,China,Halle 5.1,C123,Minly Wang,"Shanghai E-Tang Import & Export Co., Ltd",Overseas BD Manager
"Shanghai E-Tang Import & Export Co., Ltd",shanghai-e-tang-import--export-co-ltd-f7e885d2,China,Halle 5.1,C123,ROCKY WANG,"Shanghai E-Tang Import & Export Co., Ltd",Key Account Manager
"Shanghai Foreign Language Education Press Co.,Ltd.",shanghai-foreign-language-education-press,China,Halle 5.1,D140,,,
"Shanghai Press & Publishing Development Co., Ltd.",shanghai-press--publishing-development-co-ltd,China,Halle 4.2,A78,,,
Shared Stories (part of VBK Uitgevers B.V.),shared-stories-part-of-vbk-uitgevers-bv,Netherlands,Halle 1.2,LitAg,,,
Sharjah Book Authority,sharjah-book-authority-6343c419,United Arab Emirates,Halle 5.1,A13,,,
SHARP POINT PRESS  a division of CITE PUBLISHING LIMITED,sharp-point-press--a-division-of-cite-publishing-limited,Taiwan,Halle 4.2,F69,,,
Sheck Wah Tong Printing Press Ltd,sheck-wah-tong-printing-press-ltd,Hong Kong,Halle 5.1,D121,,,
Shen Zhen ACCO Technology Company Limited,shen-zhen-acco-technology-company-limited-2a87b700,China,Halle 4.0,G85,,,
"Shen Zhen Caimei Plus Printing Co., Ltd",shen-zhen-cai-mei-plus-printing-co-ltd,China,Halle 5.1,C127,,,
"Shenzhen Colorfine Printing Co., Ltd",shenzhen-colorfine-printing-co-ltd-a012ba2a,China,Halle 4.2,A96,,,
"Shenzhen HXS Electronics Co., Ltd.",shenzhen-hxs-electronics-co-ltd,China,Halle 3.1,A100,,,
"Shenzhen Jinhao Color Printing Co., Ltd.",shenzhen-jinhao-color-printing-co-ltd-c1ae2cc9,China,Halle 4.2,D49,,,
"Shenzhen MiniCity Technology Co.,Ltd.",minicity-design-shenzhen-coltd,China,Halle 5.0,E152,,,
"Shenzhen Publishing House Co., Ltd.",shenzhen-publishing-house-co-ltd,China,Halle 5.1,C130,,,
"Shenzhen Reliance Printing Co., Ltd.",shenzhen-reliance-printing-co-ltd,China,Halle 4.2,A85,,,
"Shenzhen Sancai Internet Culture Technology Co., Ltd.",shenzhen-sancai-internet-culture-technology-co-ltd,China,Halle 4.2,K48,,,
Sheth Publishing House,sheth-publishing-house-9284a1cd,India,Halle 4.2,K66,,,
SHI GmbH,shi-gmbh,Germany,Halle 4.1,H74,Daniel Sogl,SHI GmbH,Director of AI Engineering
SHI GmbH,shi-gmbh,Germany,Halle 4.1,H74,Arkadius Nowakowski,SHI GmbH,Bereichsleiter Web-Publishing und Web-Development
Shimmr AI Ltd.,shimmr-ai-ltd,United Kingdom,Halle 4.2,J86,,,
Shing Lee Publishers Pte Ltd,shing-lee-publishers-pte-ltd-f654796f,Singapore,Halle 4.1,A4,,,
"Shinwon Agency Co., Ltd.",shinwon-agency-co,Republic of Korea,Halle 1.2,LitAg,,,
S. Hirzel Verlag GmbH,s-hirzel-verlag-gmbh-3a80fc1a,Germany,Halle 3.0,B142,,,
Shoebox Media,shoebox-media-c23f0404,Canada,Halle 4.2,G5,Al Di Buono,Shoebox Media,
Shoebox Media,shoebox-media-c23f0404,Canada,Halle 4.2,G5,Kim Huynh,Shoebox Media,
Shogakukan Inc.,shogakukan-inc,Japan,Halle 4.2,F34,,,
Shueisha Inc.,shueisha-inc,Japan,Halle 4.2,F34,,,
"SHUFU TO SEIKATSU SHA Co., Ltd.",shufu-to-seikatsu-sha-co-ltd,Japan,Halle 3.1,G25 / Workstation,,,
"SIA Jana Rozes apgads Janis Roze Publishers, Ltd.",sia-jana-rozes-apgads-janis-roze-publishers-ltd,Latvia,Halle 3.1,A33,,,
SIA Riga Prints,sia-riga-prints,Latvia,Halle 3.1,A33,Santa Ivanova,SIA Riga Prints,Business Development Manager
SIA Riga Prints,sia-riga-prints,Latvia,Halle 3.1,A33,Ksenija Skackova,SIA Riga Prints,Export Project Manager
SIA Satura darbnica TAPT,sia-satura-darbnica-tapt,Latvia,Halle 3.1,A33,Liene Vilnite,SIA Satura darbnica TAPT,Managing director
SIA Satura darbnica TAPT,sia-satura-darbnica-tapt,Latvia,Halle 3.1,A33,Liva Vilnite-Pantelejeva,SIA Satura darbnica TAPT,Illustrator
Sichuan University,sichuan-university,China,Halle 5.1,D147,,,
Sichuan University Press,sichuan-university-press,China,Halle 5.1,D147,,,
SIDE Société Internationale de  Diffusion et d'Edition SAS,side-socit-internationale-de--diffusion-et-dedition-sas,France,Halle 3.1,H54,,,
Sigel GmbH,sigel-gmbh,Germany,Halle 5.0,D135,Emily Berger,Sigel GmbH,
Sigel GmbH,sigel-gmbh,Germany,Halle 5.0,D135,Martina Bernhard,Sigel GmbH,
Sigel GmbH,sigel-gmbh,Germany,Halle 5.0,D135,Gerd Streitberger,Sigel GmbH,
SIGMA (Deutschland) GmbH,sigma-deutschland-gmbh,Germany,Halle 3.0,J144,,,
Signier- und Networking Areal - Frankfurter Buchmesse,signier--und-networking-areal---frankfurter-buchmesse,Germany,Halle 5.0,C167,,,
Signier- und Networking Areal - Frankfurter Buchmesse,signier--und-networking-areal---frankfurter-buchmesse-1c05f38d,Germany,Halle 3.0,J29,,,
Signier- und Networking Areal - Frankfurter Buchmesse,signier--und-networking-areal---frankfurter-buchmesse-06057260,Germany,Halle 4.0 Foyer,A2,,,
Signier- und Networking Areal - Frankfurter Buchmesse,signier--und-networking-areal---frankfurter-buchmesse-44ebe860,Germany,Festhalle,C101,,,
Signs Publishing Company,signs-publishing-company,Australia,Halle 5.0,B143,,,
"Silkworm International Co., Ltd.",silkworm-international-co-ltd,Thailand,Halle 5.1,A113,,,
Silverchair,silverchair,United States,Halle 4.1,F85,Daniel Dyer,Silverchair,Vice President Customer Success
Silverchair,silverchair,United States,Halle 4.1,F85,Stephanie Lovegrove Hansen,Silverchair,
Silver Dolphin Books part of Printers Row Publishing Group,silver-dolphin-books-part-of-printers-row-publishing-group,United States,Halle 4.2,C34,,,
Silverwing Creatives LLC,silverwing-creatives-llc,United States,Halle 5.1,C133,Maricris Montecillo,Silverwing Creatives LLC,
"Silvia Bastos, S.L. Agencia Literaria",silvia-bastos-sl-agencia-literaria-dc1b9066,Spain,Halle 1.2,LitAg,,,
Silvia Meucci Agency,silvia-meucci-agency,Italy,Halle 1.2,LitAg,,,
Símbol Editors,smbol-editors,Spain,Halle 3.1,E131,,,
SIME SRL,sime-srl--sime-books,Italy,Halle 3.1,B102,,,
Simon & Schuster LLC,simon--schuster-inc-b261a9fa,United States,Halle 5.1,D89,,,
Singapore Asia Publishers Pte. Ltd.,singapore-asia-publishers-pte-ltd-a09cd00c,Singapore,Halle 4.1,A31,KRIS BINALLA,Singapore Asia Publishers Pte. Ltd.,Head of International Sales
Singapore Asia Publishers Pte. Ltd.,singapore-asia-publishers-pte-ltd-a09cd00c,Singapore,Halle 4.1,A31,Kelvin Yoo,Singapore Asia Publishers Pte Ltd,Group CEO
Singapore Book Council Ltd.,singapore-book-council-ltd,Singapore,Halle 5.1,B67,,,
Singapore Book Publishers Association (SBPA),singapore-book-publishers-association-sbpa-a302ea69,Singapore,Halle 5.1,B67,Felicia Quek,Singapore Book Publishers Association (SBPA),
Singel Uitgevers B.V.,singel-uitgevers-bv,Netherlands,Halle 3.1,E21,,,
SINNOS Soc. Cooperativa,sinnos-soc-cooperativa,Italy,Halle 3.1,B117,,,
"Sinolingua Co., Ltd.",sinolingua-co-ltd,China,Halle 5.1,D152,,,
"Sinomaps Press Group Co., Ltd.",sinomaps-press-group-coltd,China,Halle 5.1,D147,,,
Sino United Electronic Publishing Limited,sino-united-electronic-publishing-limited,Hong Kong,Halle 5.1,D121,,,
Sisyphus Autorenverlag,sisyphus-autorenverlag,Austria,Halle 5.0,E13,,,
SiteFusion GmbH,sitefusion-gmbh-af695660,Germany,Halle 4.1,H86,Thomas Weinberger,SiteFusion GmbH,CEO of SiteFusion GmbH
SiteFusion ProConsult - part of Ebcont group GmbH,sitefusion-proconsult---part-of-ebcont-group-gmbh,Austria,Halle 4.1,H86,Andreas Hoffmann,SiteFusion ProConsult - part of Ebcont group GmbH,Senior Consultant
"SKEELO EDITORA, PRODUTOS E SERVICOS DIGITAIS LTDA",skeelo-editora-produtos-e-servicos-digitais-ltda,Brazil,,,,,
Skybound LLC,skybound-llc,United States,Halle 3.1,H23 / Comics Business Centre,,,
Slalom An Imprint of Edi8,slalom-an-imprint-of-edi8,France,Halle 3.1,H59,,,
Slatkine,slatkine,Switzerland,Halle 3.0,F97,,,
Slip into Flip-Flops,slip-into-flip-flops,Taiwan,Halle 4.2,F69,,,
SLOVART Publishing Ltd.,slovart-publishing,Czechia,Halle 3.1,C65,,,
Slovenian Book Agency Javna agencija za knjigo RS,slovenian-book-agency--javna-agencija-za-knjigo-rs,Slovenia,Halle 3.1,C35,,,
Slovenské literárne centrum,slovensk-literrne-centrumslovak-literary-centre,Slovakia,Halle 3.1,C50,,,
Slow Food Editore S.r.l.,slow-food-editore-srl-605d25e5,Italy,Halle 3.1,D122,,,
"Smart Press, Ltd.",smart-press-ltd,Czechia,Halle 3.1,C65,,,
SMART Toys and Games GmbH,smart-toys-and-games-gmbh,Germany,Halle 5.0,E143,,,
Smiki Ideas Ltd.,smiki-ideas-ltd-f5a6b6a7,China,Halle 4.2,J99,,,
SMV Schätz mal Verlag GmbH,smv-schtz-mal-verlag-gmbh,Germany,Halle 5.0,C74,,,
Snake SA UK Limited,nuinui,United Kingdom,Halle 4.2,J57,,,
Società editrice il Mulino S.p.A,societ-editrice-il-mulino-spa-cfb0dcd8,Italy,Halle 3.1,B134,,,
Societe des Œuvres Communautaires SAS,societe-des-uvres-communautaires-sas-4bfe862e,France,Halle 3.1,H46,,,
Society for Industrial and Applied Mathematics (SIAM),society-for-industrial-and-applied-mathematics-siam-8c897795,United States,Halle 4.1,H98,,,
Society for Scholarly Publishing,society-for-scholarly-publishing-6b926e49,United States,,,Melanie Dolechek,Society for Scholarly Publishing,Executive Director
Society for Scholarly Publishing,society-for-scholarly-publishing-6b926e49,United States,,,Christen Pruitt,Society for Scholarly Publishing,Business Development Manager
SoftPress,softpress,Bulgaria,Halle 3.1,B19,,,
Solar (part of Editis),editions-solar-an-imprint-of-edi8,France,Halle 3.1,H59,,,
Soleil (part of Editis),editions-soleil,France,Halle 3.1,H96,,,
Sonderzahl Verlags-GmbH,sonderzahl-verlags-gmbh-89e99491,Austria,Halle 3.0,D64,,,
Sonika Publishing,sonika-publishing,United States,Halle 5.1,C117,,,
Sonnenwerk,sonnenwerk,Germany,Halle 3.0,D87,Sonya Hochrein-von Willert,SONNENWERK VERLAG,
Sopa de Letras,sopa-de-letras,Portugal,Halle 3.1,F139,,,
Sophie Hicks Agency Ltd.,sophie-hicks-agency-ltd-3abe29fb,United Kingdom,Halle 1.2,LitAg,,,
Sophishbooks,sophishbooks,Germany,Festhalle,B44,,,
Sophos SA,sophos-sa,Guatemala,Halle 3.1,E62,,,
"Sourcebooks, Inc.",sourcebooks-inc-701ed8b0,United States,Halle 4.2,H47,,,
"Southern Publishing & Media Co.,Ltd.",southern-publishing--media-coltd,China,Halle 5.1,D147,,,
Southwest Jiaotong University Press,southwest-jiaotong-university-press,China,Halle 5.1,D147,,,
SOWONNAMU,sowonnamu,Republic of Korea,Halle 5.1,A143,,,
Soylu Matbaa Yayin Kirtasiye San. Tic. Ltd. Sti.,soylu-matbaa-yayin-kirtasiye-san-tic-ltd-sti,Türkiye,Halle 3.0,G159,YASIN AYHAN BAKOGLU,Soylu Matbaa Yayin Kirtasiye San. Tic. Ltd. Sti.,Mr.
Sozialwerk,sozialwerk,Germany,Halle 3.0,F61,,,
Spadamedia S.R.L.,spadamedia-srl,Italy,Halle 3.1,B134,,,
Spanisches Fremdenverkehrsamt - Turespaña,spanisches-fremdenverkehrsamt---turespaa,Germany,Halle 5.0,A109,Óscar Martínez,Spanisches Fremdenverkehrsamt - Turespaña,
Sparkys Edition Verlag Kommunikation Huber Romer,sparkys-edition,Germany,Halle 3.0,G93,,,
SPCK Group - The Society for Promoting Christian Knowledge,spck-group---the-society-for-promoting-christian-knowledge,United Kingdom,Halle 4.2,J94,Rio Summers,SPCK Group - The Society for Promoting Christian Knowledge,
Speaking Tiger Books,speaking-tiger-books,India,Halle 4.2,B82,,,
Spector Books Verlagsgesellschaft mbH,spector-books-verlagsgesellschaft-mbh,Germany,Halle 3.0,G129,,,
Spectory,spectory,Republic of Korea,Halle 5.1,B119,Mael Lee,Spectory,Writer / Founder / Story IP Planner
Spectrum Literary Agency,spectrum-literary-agency,United States,Halle 1.2,LitAg,,,
Spica Verlag GmbH,spica-verlag-gmbh,Germany,Halle 5.0,A8,,,
Spice Books Inc.,compass-rose-editions-llc,Japan,Halle 3.0,F138,,,
Spicy Fish Cultural Production Ltd.,spicy-fish-cultural-production-ltd,Hong Kong,Halle 5.1,D121,,,
SPIE Digital Library,spie-digital-library-deb68fd7,United States,Halle 4.1,F93,,,
Spitzenkunst,spitzenkunst,Germany,Halle 5.0,E118,,,
S&P Literary - Publishing Division of Sosia & Pistoia SRL,sp-literary---publishing-division-of-sosia--pistoia-srl-6ef3e56f,Italy,Halle 1.2,LitAg,,,
Splitter-Verlag GmbH & Co. KG,splitter-verlag-gmbh--co-kg,Germany,Halle 4.0,A76,,,
Spoleczny Instytut Wydawniczy Znak sp. z o.o.,spoleczny-instytut-wydawniczy-znak-sp-z-oo,Poland,Halle 3.1,B54,,,
Spotify GmbH,spotify-gmbh,Germany,Halle 4.0,H2,Rocelbeatriz Balmes,Spotify GmbH,Author Growth Marketing
Spotify GmbH,spotify-gmbh,Germany,Halle 4.0,H2,Anders Larsen,Spotify,Author Marketing Lead
Spotify GmbH,spotify-gmbh,Germany,Halle 4.0,H2,Stuart Lerman,Spotify GmbH,
Spread the Flame eG i.G.,spread-the-flame-eg-ig,Germany,Festhalle,A97,Cindy Turczynski,Spread the Flame eG i.G.,Eventmanagerin
Springer,springer,,Halle 4.1,E16,,,
Springer Nature AG & Co. KGaA,springer-nature-f60d6a91,,Halle 4.1,E16,Brigitte Breuer,Springer Nature AG & Co. KGaA,Director Trade Sales DACH
Springer Nature AG & Co. KGaA,springer-nature-f60d6a91,,Halle 4.1,E16,Elisabeth Detisova Ringuer,Springer Nature AG & Co. KGaA,Senior Strategic Partnerships Manager
Springer Nature AG & Co. KGaA,springer-nature-f60d6a91,,Halle 4.1,E16,Carolin Ackermann,Springer Nature AG & Co. KGaA,Talent Attraction Specialist
Springer Nature AG & Co. KGaA,springer-nature-f60d6a91,,Halle 4.1,E16,Kedarnath Jadhav,Springer Nature AG & Co. KGaA,Procurement Manager Print and Paper
Springer Nature AG & Co. KGaA,springer-nature-f60d6a91,,Halle 4.1,E16,Daniela Kaltenborn,Springer Nature AG & Co. KGaA,External Communications
Springer Nature AG & Co. KGaA,springer-nature-f60d6a91,,Halle 4.1,E16,Uschi Kidanemariam,Springer Nature AG & Co. KGaA,"Head of Communications, DACH"
Springer Nature AG & Co. KGaA,springer-nature-f60d6a91,,Halle 4.1,E16,Cornelia Schwanke,Springer Nature AG & Co. KGaA,Director Global Content Preparation & Exchange
Springer Nature AG & Co. KGaA,springer-nature-f60d6a91,,Halle 4.1,E16,Anna Sippel,Springer Nature AG & Co. KGaA,Editorial Sciences Springer Spektrum
Springer Nature AG & Co. KGaA,springer-nature-f60d6a91,,Halle 4.1,E16,Simone Groß,Springer Nature AG & Co. KGaA,HR Early Careers Specialist
Springer Nature AG & Co. KGaA,springer-nature-f60d6a91,,Halle 4.1,E16,Minerva Rodriguez,Springer Nature AG & Co. KGaA,Exhibit Manager
Spring Time Software,spring-time-software-solutions-pvt-ltd,India,Halle 4.1,J48,,,
"SSPE ""Kartographia"" - Ukrainian Cartography Group",sspe-kartographia---ukrainian-cartography-group,Ukraine,Halle 3.1,C13,,,
Stadler Kalender Verlagsgesellschaft mbH,stadler-kalender-verlagsgesellschaft-mbh,Germany,Halle 3.0,F61,,,
Stadler Verlagsgesellschaft mbH,stadler-verlagsgesellschaft-mbh,Germany,Halle 3.0,F61,,,
Stadt Bad Berleburg Kultur- und Erwachsenenbildung Literaturpflaster Bad Berleburg,stadt-bad-berleburg-kultur--und-erwachsenenbildung-literaturpflaster-bad-berleburg,Germany,,,,,
Stadtbücherei Frankfurt am Main,stadtbcherei-frankfurt-am-main,,,,,,
Stadt Frankfurt am Main  Geschäftsstelle der KAV,stadt-frankfurt-am-main--geschftsstelle-der-kav,Germany,Halle 3.0,J1,,,
Stamperia Artistica Nazionale S.p.a.,stamperia-artistica-nazionale,Italy,Halle 3.1,B102,,,
Standaard Uitgeverij,standaard-uitgeverij,Belgium,Halle 3.1,D23,,,
Stanford University Press,stanford-university-press-5e48b132,United States,Halle 4.1,E33,,,
starfruit publications,starfruit-publications-a996a2ff,Germany,Halle 3.0,C50,,,
Starlite Development International Limited,starlite-development-international-limited-ef5d5792,Hong Kong,Halle 5.1,B89,,,
Starlite Visual Communication Ltd.,starlite-visual-communication-ltd,Hong Kong,Halle 5.1,D121,,,
Star Publishing Pte Ltd.,star-publishing-pte-ltd,Singapore,Halle 4.1,A8,,,
Starry Night Publications Limited,starry-night-publications-limited,Hong Kong,Halle 5.1,D121,,,
Star Seer Company Limitede,star-seer-company-limitede,Thailand,Halle 5.1,A113,,,
Starts Publishing Corporation,starts-publishing-corporation,Japan,Halle 3.1,G25 / Workstation,,,
"Starweaver Group, Inc.",starweaver-group-inc,United States,Halle 4.1,B91,Paul Siegel,"Starweaver Group, Inc.",Founder
"Starweaver Group, Inc.",starweaver-group-inc,United States,Halle 4.1,B91,Mats Forsgren,"Starweaver Group, Inc.",Chief Revenue Officer
"Starweaver Group, Inc.",starweaver-group-inc,United States,Halle 4.1,B91,Garin Wind,"Starweaver Group, Inc.",CMO
Steinkis Groupe,steinkis-groupe,France,Halle 3.1,H23 / Comics Business Centre,Moïse Kissous,Steinkis Groupe,CEO
Step Printing House,step-printing-house,Türkiye,Halle 4.1,D86,Turku Bakir,Step Printing House,Sales Manager
Step Printing House,step-printing-house,Türkiye,Halle 4.1,D86,Sera Karakaya Şahin,Step Printing House,Project Manager
Sterling Graphics Pvt. Ltd.,sterling-graphics-pvt-ltd,India,Halle 4.2,A11,Sanjeev Dutta,Sterling Graphics Pvt. Ltd.,DGM-Marketing
Sterling Lord Literistic Inc.,sterling-lord-literistic-inc-c100e570,United States,Halle 1.2,LitAg,,,
Sternensand Verlag GmbH,sternensand-verlag-gmbh,Switzerland,Halle 4.0,J76,,,
Steuern aber lustig Verlag GmbH & Co.KG,steuern-aber-lustig-verlag-gmbh--cokg,Germany,Halle 3.0,D87,,,
Stiebner Verlag GmbH,stiebner-verlag-gmbh,Germany,Halle 3.0,G93,Melanie Stiebner,Stiebner Verlag GmbH,Verlegerin
Stiftung Buchkunst,stiftung-buchkunst,Germany,Halle 3.0,J126,,,
Stiftung Das Dritte Testament,stiftung-das-dritte-testament-566852c5,Denmark,Halle 3.0,J22,,,
Stiftung Internationale Jugendbibliothek,internationale-jugendbibliothek,Germany,Halle 4.0,F96,Claudia Soeffner,Stiftung Internationale Jugendbibliothek,Specialist for Children's and YA Books in English
Stiftung Warentest,stiftung-warentest-ef24cd83,Germany,Halle 5.0,A135,,,
Stilton Literary Agency,stilton-literary-agency-98fb30bf,Norway,Halle 1.2,LitAg,,,
"Stimola Literary Studio, Inc",stimola-literary-studio-inc-f3150f5e,United States,Halle 1.2,LitAg,,,
Stison Ltd.,stison-ltd,United Kingdom,Halle 4.2,J3,Alex Murphy,Stison Ltd.,Managing Director
STM Association,stm-services-bv---stm-association,Netherlands,Halle 4.1,A77,Caroline Sutton,"International Association for Scientific, Technical and Medical Publishers (STM)",Chief Executive Officer
St Michel Print Oy,st-michel-print-oy-0535ac64,Finland,Halle 3.0,H74,Paul Dima,St Michel Print Oy,Global Sales
St Michel Print Oy,st-michel-print-oy-0535ac64,Finland,Halle 3.0,H74,Vesa Taitto,St Michel Print Oy,Global Sales & Marketing Manager
St Michel Print Oy,st-michel-print-oy-0535ac64,Finland,Halle 3.0,H74,Rami Paajanen,St Michel Print Oy,Managing Director
St Michel Print Oy,st-michel-print-oy-0535ac64,Finland,Halle 3.0,H74,Petri Paasonen,St Michel Print Oy,Sourcing Manager
St Michel Print Oy,st-michel-print-oy-0535ac64,Finland,Halle 3.0,H74,Heikki Suomala,St Michel Print Oy,Senior Advisor
Stock (part of Hachette Livre),editions-stock-subsidiary-of-hachette-livre-sa,France,Halle 3.1,H59,,,
Straive,straive,Singapore,Halle 4.1,J37,Srinivasan 'KG' Govindarajan,Straive,"Business Head, Science and Research"
Straive,straive,Singapore,Halle 4.1,J37,Dhaneesh Kumar,Straive,Senior Vice President
Straive,straive,Singapore,Halle 4.1,J37,Olga Tchivikova,Straive,VP Client Engagement
Straive,straive,Singapore,Halle 4.1,J37,RAGHUPATHI VADTHYAVATH,Straive,Senior Director
Straus Literary,straus-literary,United States,Halle 1.2,LitAg,,,
Stripe Press,stripe-press,United States,Halle 3.1,G25 / Workstation,,,
STROUX edition,stroux-edition,Germany,Halle 3.0,B55,Helene Schaller,STROUX edition,Werkstudent
Struwwelpeter Museum,struwwelpeter-museum,Germany,,,,,
Stuart Bernstein Representation for Artists,stuart-bernstein-representation-for-artists,United States,Halle 1.2,LitAg,,,
Studienverlag GmbH,studienverlag-gmbh-ab1d8256,Austria,Halle 3.0,C154,,,
Studio Fun International part of Printers Row Publishing Group,studio-fun-international-part-of-printers-row-publishing-group,United States,Halle 4.2,C34,,,
"Studio of Books, LLC",studio-of-books-llc,United States,Halle 4.2,M33,,,
Studium rund ums Buch,studium-rund-ums-buch,Germany,Halle 5.0,B85,Nicole Fröhlich,Studium rund ums Buch,
Studium rund ums Buch,studium-rund-ums-buch,Germany,Halle 5.0,B85,Kim Serwe,Studium rund ums Buch,
Studium rund ums Buch,studium-rund-ums-buch,Germany,Halle 5.0,B85,Nina Stevens,Studium rund ums Buch,
Studium rund ums Buch,studium-rund-ums-buch,Germany,Halle 5.0,B85,Hanna Stumpf,Studium rund ums Buch,
Sua Edizioak (Imprint of Elkar Argitaletxeak S.L.),sua-edizioak-imprint-of-elkar-argitaletxeak-sl,Spain,Halle 3.1,E104,,,
Sub-Saharan Publishers,sub-saharan-publishers-f711e098,Ghana,Halle 3.1,E39,,,
Süddeutsche Zeitung GmbH,sddeutsche-zeitung-gmbh,Germany,Halle 5.0,A95,,,
SüdOst Service GmbH,sdost-service-gmbh-318aa6ae,Germany,Halle 5.0,C75,,,
"Sugaar Editorial, S.L.",sugaar-editorial-sl,Spain,Halle 3.1,E104,,,
Suhrkamp Verlag GmbH,suhrkamp-verlag-ag-4c385e1a,Germany,Halle 3.0,E90,,,
Summersdale Publishers Ltd.,summersdale-publishers-ltd-19b9d0f2,United Kingdom,Halle 4.2,F79,,,
Sunbeam Publications (H.K.) Limited,sunbeam-publications-hk-limited,Hong Kong,Halle 5.1,D121,,,
SunM Color Company Limited,sunm-color-company-limited,Japan,Halle 3.0,F138,,,
"SunPath Partners Co., Limited",sunpath-partners-co-limited,Hong Kong,Halle 4.2,A92,,,
Sun Ya Publication (HK) Ltd.,sun-ya-publication-hk-ltd,Hong Kong,Halle 5.1,D121,,,
"Supadu, a Firebrand Group Company",supadu,United Kingdom,Halle 4.2,H31,,,
Super Simple,super-simple,Canada,Halle 4.2,G1,Patricia Román,Super Simple,"Logistics, Inventory and Product Data Manager"
Super Simple,super-simple,Canada,Halle 4.2,G1,Kate Turner,Super Simple,Head of Business Development
Surplus Magazin GmbH,surplus-magazin-gmbh,Germany,Halle 3.0,D59,Lukas Scholle,Surplus Magazin GmbH,Chefredakteur
"Susaeta Ediciones, S.A.",susaeta-ediciones-sa-64f85b5c,Spain,Halle 3.1,D101,,,
Susanna Lea Associates,susanna-lea-associates-0eb381ea,France,Halle 1.2,LitAg,Thérèse Coen,Susanna Lea Associates,
Susanna Lea Associates,susanna-lea-associates-0eb381ea,France,Halle 1.2,LitAg,Laura Mamelok,Susanna Lea Associates,Vice President
Susanna Lea Associates,susanna-lea-associates-0eb381ea,France,Halle 1.2,LitAg,Annabel White,Susanna Lea Associates,
Suseya Ediciones,suseya-ediciones,Spain,Halle 3.1,D135,,,
"Svenja Hirsch, Business-Buch Mentorin",svenja-hirsch-business-buch-mentorin,Germany,Halle 5.0,B151,,,
SvH Literarische Agentur Saskia von Hoegen,svh-literarische-agentur-saskia-von-hoegen-4d8c3895,Germany,Halle 1.2,LitAg,,,
Sweet Cherry Publishing Ltd.,sweet-cherry-publishing-ltd-48d75c13,United Kingdom,Halle 4.2,A52,,,
"Sweet Summer Co., Ltd.",sweet-summer-co-ltd,Thailand,Halle 5.1,A113,,,
Swiss Books Agency,swiss-books-agency,Switzerland,Halle 3.0,F97,,,
Syllabyte AI,syllabyte-ai-inc,United States,Halle 5.1,C61,Lucas Moffitt,Syllabyte AI,CEO
Syllabyte AI,syllabyte-ai-inc,United States,Halle 5.1,C61,Cara House,Syllabyte AI,Head of Partnerships
Syllabyte AI,syllabyte-ai-inc,United States,Halle 5.1,C61,Gillian Malone-Johnstone,Syllabyte AI,Head of Customer Success
Syllabyte AI,syllabyte-ai-inc,United States,Halle 5.1,C61,Liz Malone-Johnstone,Syllabyte AI,Head of Marketing
Sylvain Coissard Agency,sylvain-coissard-agency-0f36f975,France,Halle 3.1,H68,,,
Sylvia Rieß - Autorin,sylvia-rie---autorin,Germany,Halle 4.0,H90,,,
Sylvie Zannier Literary Scouting,sylvie-zannier-literary-scouting-17fe3133,United Kingdom,Halle 1.2,LitAg,,,
Syncanite GmbH,syncanite-gmbh,Germany,Halle 4.0,J106,Timon Thöne,Syncanite GmbH,CEO
Syndikat e.V.,syndikat-ev,Germany,Halle 5.0,D48,Michael J. Scheidle,Syndikat e.V.,Der Omsorg
SYNEMA-Publikationen,synema-publikationen,Austria,Halle 5.0,E13,,,
Syros (part of Editis),editions-syros-part-of-sejer,France,Halle 3.1,H96,,,
TA Books,ta-books,Germany,Halle 3.0,G93,,,
Taffy Tales Inc.,taffy-tales-inc,Canada,Halle 4.2,A18,,,
Tageszeitung junge Welt Verlag 8. Mai GmbH,tageszeitung-junge-welt-verlag-8-mai-gmbh-83287451,Germany,Halle 3.0,D48,,,
Taipei Book Fair Foundation,taipei-book-fair-foundation-3946dd85,Taiwan,Halle 3.1,C91,,,
Taiwan Creative Content Agency (TAICCA),taiwan-creative-content-agency-taicca,Taiwan,Halle 4.2,F69,,,
Takatuka SL,takatuka-sl,Spain,Halle 3.1,E131,,,
TAK –Tiroler Autorinnen und Autoren Kooperative,tak-tiroler-autorinnen-und-autoren-kooperative,Austria,Halle 5.0,E13,,,
Talento Editora,talento-editora,Portugal,Halle 3.1,F139,,,
Talia May,talia-may,Germany,Festhalle,C44,Talia May,Talia May,
Tallandier,editions-tallandier,France,Halle 3.1,H145,,,
Tallinn University Press,tallinn-university-press,Estonia,Halle 3.1,B34,,,
Tänapäev Publishers AS,tnapev-publishers-as,Estonia,Halle 3.1,B34,,,
Tana (part of Editis),tana---an-imprint-of-edi8,France,Halle 3.1,H59,,,
Tango Girafe,tango-girafe,France,Halle 3.1,J131,,,
Tara Books (Pvt.) Ltd.,tara-books-pvt-ltd,India,Halle 4.2,D97,,,
"TARA TPS Co.,Ltd.",tara-tps-coltd,Republic of Korea,Halle 4.2,K41,,,
Taryn Fagerness Agency,taryn-fagerness-agency-ebc85d52,United States,Halle 1.2,LitAg,,,
TaSree Publishing,tasree-publishing,Germany,Halle 3.0,C28,Irma Arakhamia-Chikovani,TaSree Publishing,Exclusive Author
TaSree Publishing,tasree-publishing,Germany,Halle 3.0,C28,Tinatin Bandzeladze,Georgia,Writer
TaSree Publishing,tasree-publishing,Germany,Halle 3.0,C28,Maka Khvingia,TaSre Publishing,Dichterin
TaSree Publishing,tasree-publishing,Germany,Halle 3.0,C28,Ekaterine Lomaia,TaSree Publishing,Writer
TaSree Publishing,tasree-publishing,Germany,Halle 3.0,C28,Aparna Renigunta,TaSree Publishing,
TaSree Publishing,tasree-publishing,Germany,Halle 3.0,C28,S.D WHOIS,Vinaris,Writer • poet • exclusive author
TaSree Publishing,tasree-publishing,Germany,Halle 3.0,C28,Lia Zedashidze,TaSree Publishing,poet
TaSree Publishing,tasree-publishing,Germany,Halle 3.0,C28,Tamar Nikuradze,TaSree Publishing,
TaSree Publishing,tasree-publishing,Germany,Halle 3.0,C28,Zhuzhuna Shainidze,TaSree Publishing,
TaSree Publishing,tasree-publishing,Germany,Halle 3.0,C28,shorena tevdorashvili,TaSree Publishing,Writer
Tassy Barham Associates,tassy-barham-associates-040f5c14,United Kingdom,Halle 1.2,LitAg,,,
Tate Exhibition Productions Limited,tate-exhibition-productions-limited,United Kingdom,Halle 4.2,E58,,,
Tauriska,tauriska,Austria,Halle 5.0,E13,,,
Taylor & Francis Group Limited,taylor--francis-group-limited,United Kingdom,Halle 4.1,E15,,,
TAZ Verlags- und Vertriebs-GmbH,taz-verlags--und-vertriebs-gmbh,Germany,Halle 3.0,C97,,,
TBB a. s.,tbb-a-s-aff9b563,Slovakia,Halle 4.1,J79 / Workstation,,,
TBP ServiceCo Ltd. (trading as The Blair Partnership),the-blair-partnership-c849694a,United Kingdom,Halle 1.2,LitAg,,,
TC Agency,tc-agency,Republic of Korea,Halle 1.2,LitAg,,,
TC Média Livres Inc.,tc-mdia-livres-inc,Canada,Halle 4.2,H32,,,
Teacher Created Materials,teacher-created-materials-0fefeab9,United States,Halle 4.2,H86,,,
Teacher Created Materials,teacher-created-materials,United States,Halle 4.2,H84,Amy Burton,Teacher Created Materials,
Teacher Created Materials,teacher-created-materials,United States,Halle 4.2,H84,Corinne Burton,Teacher Created Materials,
Teacher Created Materials,teacher-created-materials,United States,Halle 4.2,H84,Wendy Jacobson,Teacher Created Materials,International Sales Rep
Teacher Created Materials,teacher-created-materials,United States,Halle 4.2,H84,Sarah Oughton,Teacher Created Materials,International Sales Manager
Teachers 4 Teachers Publications Pty. Ltd.,teachers-4-teachers-publications-pty-ltd,Australia,Halle 4.2,J80,,,
TEAM JESUS SEVEN FRUITS gem. UG (Haftungsbeschränkt),team-jesus-seven-fruits-gem-ug-haftungsbeschrnkt,Germany,Halle 3.1,G25 / Workstation,,,
TechFactors Inc.,techfactors-inc,Philippines,Halle 5.1,A95,,,
Techrics LLC,techrics-llc,United States,Halle 4.2,M55,,,
Tecnológico de Monterrey,instituto-tecnolgico-y-de-estudios-superiores-de-monterrey,Mexico,Halle 3.1,E96,Alejandra González Barranco,Tecnológico de Monterrey,Director Ediciones Tecnológico de Monterrey
Tecnológico de Monterrey,instituto-tecnolgico-y-de-estudios-superiores-de-monterrey,Mexico,Halle 3.1,E96,Elizabeth López Corolla,Tecnológico de Monterrey,Editor
Tecnológico de Monterrey,instituto-tecnolgico-y-de-estudios-superiores-de-monterrey,Mexico,Halle 3.1,E96,Ana Lucía Macías Chiu,Tecnológico de Monterrey,National Director of Cultural Development
Tecnológico de Monterrey,instituto-tecnolgico-y-de-estudios-superiores-de-monterrey,Mexico,Halle 3.1,E96,Gina Ramirez,Tecnológico de Monterrey,Intern at Ediciones Tecnológico
telc gGmbH,telc-ggmbh-33277f6e,Germany,Halle 3.0,H13,Esther Ricca,telc gGmbH,Marketingmanagerin
Telegramme Verlag,telegramme-verlag,Switzerland,Halle 3.0,F97,,,
Temas de Hoy Imprint of Planeta Corporación S.R.L.,temas-de-hoy-imprint-of-planeta-corporacin-srl,Spain,Halle 3.1,D98,,,
Temas e Debates,temas-e-debates,Portugal,Halle 3.1,F139,,,
Terre di Mezzo Editore,cartarmata-edizioni-srl-terre-di-mezzo-editore,Italy,Halle 3.1,B134,Davide Ioppi,Terre di Mezzo Editore,Rights Manager
Tessloff Verlag - Ragnar Tessloff GmbH & Co. KG,tessloff-verlag-ragnar-tessloff-gmbh--co-kg-08ede1b5,Germany,Halle 4.0,F31,,,
Textbaby Medienagentur Carsten Polzin,textbaby-medienagentur-carsten-polzin-5a101d23,Austria,Halle 1.2,LitAg,,,
Texto Editores,texto-editores,Portugal,Halle 3.1,F139,,,
Textofilia Ediciones,textofilia-ediciones,Mexico,Halle 3.1,E96,,,
TEXTOR.online  Ein Projekt vom Förderkreis Frankfurt e.V. Kultur & Diskurs,textor--kulturportal,Germany,Halle 3.0,D69,,,
Textuel (part of Actes Sud),textuel-part-of-actes-sud,France,Halle 3.1,G145,,,
Textway Inc.,textway-inc,Republic of Korea,Halle 4.1,K27,,,
TFM - Centro do Livro e do Disco de Língua Portuguesa,tfm---centro-do-livro-e-do-disco-de-lngua-portuguesa-619646ee,Germany,Halle 3.1,F122,,,
Thailand Department of International Trade Promotion Ministry of Commerce,thailand-department-of-international-trade-promotion-ministry-of-commerce,Thailand,Halle 5.1,A113,,,
Thalia Bücher GmbH,thalia-bcher-gmbh-22ce7397,Germany,Halle 3.0,B20,Anke Bülow,Thalia Bücher GmbH,Senior Manager Visual Merchandising
Thalia Bücher GmbH,thalia-bcher-gmbh-22ce7397,Germany,Halle 3.0,B20,Sven Hummel,Thalia Bücher GmbH,
Thalia Bücher GmbH,thalia-bcher-gmbh-22ce7397,Germany,Halle 3.0,B20,Grit Winkelmann,Thalia Bücher GmbH,Managerin Event- & Local Marketing / Sales Stationary
Thalia Bücher GmbH,thalia-bcher-gmbh-22ce7397,Germany,Halle 3.0,B20,Hannah Wirtz,Thalia Bücher GmbH,
Thalia Bücher GmbH,thalia-bcher-gmbh-22ce7397,Germany,Halle 3.0,B20,Lena Griem,Thalia Bücher GmbH,
Thalia Deutschland GmbH & Co. KG,thalia-deutschland-gmbh--co-kg,Germany,Festhalle,C67,,,
Thames & Hudson Ltd.,thames--hudson-ltd-3f93fa36,United Kingdom,Halle 4.2,E108,Elizabeth Hopkins,Thames & Hudson Ltd.,International Sales Coordinator
The Academy of Fine Arts in Prague,the-academy-of-fine-arts-in-prague,Czechia,Halle 3.1,C65,,,
The Agency srl (trading as Vicki Satlow Literary Agency),the-agency-srl-599cb0c1,Italy,Halle 1.2,LitAg,,,
The Art Education Centre TRIS KRASAS,the-art-education-centre-tris-krasas,Latvia,Halle 3.1,A33,Ilze Kupca,The Art Education Centre TRIS KRASAS,
The Bent Agency,the-bent-agency,United States,Halle 1.2,LitAg,,,
The Berlin Agency,the-berlin-agency-7745ecc1,Germany,Halle 1.2,LitAg,,,
"The BKS Agency, Ltd.",the-bks-agency-ltd,United Kingdom,Halle 1.2,LitAg,,,
The Black Sheep,the-black-sheep,Ukraine,Halle 3.1,C13,,,
The Bookseller c/o The Stage Media Company Ltd,the-bookseller,United Kingdom,Halle 4.2,G96,,,
The Buckman Agency,the-buckman-agency-3af6366e,United Kingdom,Halle 1.2,LitAg,,,
The Chapter Between e. K.,the-chapter-between-e-k,Germany,Festhalle,A44,Sabrina Hitzemann,The Chapter Between e. K.,
The Chinese University of Hong Kong Press,the-chinese-university-of-hong-kong-press,Hong Kong,Halle 5.1,D121,,,
The ChoiceMaker Korea Co.,the-choicemaker-korea-co,Republic of Korea,Halle 4.2,C9,,,
The ChoiceMaker Pty. Ltd.,the-choicemaker-pty-ltd,Australia,Halle 4.2,C11,,,
The Clegg Agency,the-clegg-agency-60e2179c,United States,Halle 1.2,LitAg,,,
The Commercial Press (Hong Kong) Limited,the-commercial-press-hong-kong-limited,Hong Kong,Halle 5.1,D121,,,
"The Commercial Press, Ltd.",the-commercial-press-ltd,China,Halle 5.1,D147,,,
The Curious Minds Agency GmbH,the-curious-minds-agency-gmbh-b6f2a2cb,Germany,Halle 1.2,LitAg,,,
The Deborah Harris Agency,the-deborah-harris-agency-6db4217e,Israel,Halle 1.2,LitAg,,,
The Empire House,the-empire-house-llc,United States,Halle 4.2,M36,Danny K,The Empire House,
The Ethan Ellenberg Literary Agency,the-ethan-ellenberg-literary-agency,United States,Halle 1.2,LitAg,,,
The Ewings Publishing LLC,the-ewings-publishing-llc,United States,Halle 4.2,M23,,,
The Fisher Company,the-fisher-company-a83dd195,United States,Halle 4.2,H62,Stephen Marban,The Fisher Company,Director
The Fisher Company,the-fisher-company-a83dd195,United States,Halle 4.2,H62,Miriam Warren,The Fisher Company,Senior Director
The Follett Office Ken Follett,the-follett-office-ken-follett-b7d4eadd,United Kingdom,Halle 1.2,LitAg,,,
The Foreign Office Agència Literària S.L.,the-foreign-office-agncia-literria-sl-afc0d7fa,Spain,Halle 1.2,LitAg,,,
The Fury Agency,the-fury-agency,United States,Halle 1.2,LitAg,,,
The Gernert Company,the-gernert-company-907f41db,United States,Halle 1.2,LitAg,,,
The Golden Taiga of Flowers LLC,the-golden-taiga-of-flowers-llc,Mongolia,Halle 3.1,G61,,,
The Good Book Company,the-good-book-company-57a1606b,United Kingdom,Halle 4.2,C75,,,
The Gorobets Publishers,gorobets,Ukraine,Halle 3.1,C13,,,
The Grayhawk Agency,the-grayhawk-agency-2164dbc8,Taiwan,Halle 1.2,LitAg,,,
The Happy Book Company Ltd,the-happy-book-company-ltd-78f79199,United Kingdom,Halle 4.2,G74,,,
The History Press Ltd.,the-history-press-ltd,United Kingdom,Halle 4.2,J8,,,
The Homecoming,the-homecoming,Czechia,Halle 3.1,C65,,,
The Hong Kong Printers Association,the-hong-kong-printers-association,Hong Kong,Halle 5.1,D121,,,
The Israeli Institute for Hebrew Literature,the-israeli-institute-for-hebrew-literature,Israel,Halle 3.1,A15,Daniel Dolinger,Lama,Publisher
The Israeli Institute for Hebrew Literature,the-israeli-institute-for-hebrew-literature,Israel,Halle 3.1,A15,Yoav Gilboa,Catharsis Books,Publisher & Editor-in-Chief
The Israeli Institute for Hebrew Literature,the-israeli-institute-for-hebrew-literature,Israel,Halle 3.1,A15,Mali Haustrate Ohana,The Israeli Institute for Hebrew Literature,Project Manager
The Israeli Institute for Hebrew Literature,the-israeli-institute-for-hebrew-literature,Israel,Halle 3.1,A15,Noa Ilsar,The Israeli Institute for Hebrew Literature,
The Israeli Institute for Hebrew Literature,the-israeli-institute-for-hebrew-literature,Israel,Halle 3.1,A15,Anastasiya Ivanona,The Israeli Institute for Hebrew Literature,Photographer
The Israeli Institute for Hebrew Literature,the-israeli-institute-for-hebrew-literature,Israel,Halle 3.1,A15,Omry Livny,The Israeli Institute for Hebrew Literature,
The Israeli Institute for Hebrew Literature,the-israeli-institute-for-hebrew-literature,Israel,Halle 3.1,A15,Haleli Shomer Shalom,The Israeli Institute for Hebrew Literature,Financial AssKicker
The Israeli Institute for Hebrew Literature,the-israeli-institute-for-hebrew-literature,Israel,Halle 3.1,A15,Orna Landau,The Israeli Institute for Hebrew Literature,
The Israeli Institute for Hebrew Literature,the-israeli-institute-for-hebrew-literature,Israel,Halle 3.1,A15,Orna Landau,The Israeli Institute for Hebrew Literature,Publisher
The Israeli Institute for Hebrew Literature,the-israeli-institute-for-hebrew-literature,Israel,Halle 3.1,A15,Dana Simhayof-Shahaf,The Israeli Institute for Hebrew Literature,
The Italian Literary Agency s.r.l.,the-italian-literary-agency-srl-3d706292,Italy,Halle 1.2,LitAg,,,
The Kashima Agency,the-kashima-agency-f9002127,Japan,Halle 1.2,LitAg,,,
The Knight Agency,the-knight-agency,United States,Halle 1.2,LitAg,,,
The Lilliput Press,the-lilliput-press,Ireland,Halle 5.1,C49,,,
The Lotts Agency,the-lotts-agency-701c4bc1,United States,Halle 1.2,LitAg,,,
The Maple Staple,the-maple-staple,,Halle 5.1,D86,Sage Hernandez,The Maple Staple,Product Development Officer
The Maple Staple,the-maple-staple,,Halle 5.1,D86,Raina Thompson,The Maple Staple,Online Brand Management Supervisor
The Marsh Agency Ltd,the-marsh-agency-ltd-82a0532d,United Kingdom,Halle 1.2,LitAg,,,
The Meller Literary Agency GmbH,michael-meller-literary-agency-gmbh-a75799e1,Germany,Halle 1.2,LitAg,,,
Themenwelt Ratgeber_Reisen - Frankfurter Buchmesse,themenwelt-ratgeberreisen---frankfurter-buchmesse,Germany,Halle 5.0,B122,,,
The Metropolitan Museum of Art,the-metropolitan-museum-of-art-a1a3560b,United States,Halle 4.2,E68,Rachel High,The Metropolitan Museum of Art,Manager of Editorial Marketing and Rights
The Metropolitan Museum of Art,the-metropolitan-museum-of-art-a1a3560b,United States,Halle 4.2,E68,Mark Polizzotti,The Metropolitan Museum of Art,Publisher and Editor in Chief
The Metropolitan Museum of Art,the-metropolitan-museum-of-art-a1a3560b,United States,Halle 4.2,E68,Christopher Zichello,The Metropolitan Museum of Art,Senior Production Manager
The Ministry of Culture of the Republic of Azerbaijan,the-ministry-of-culture-of-the-republic-of-azerbaijan,Azerbaijan,Halle 3.1,G71,,,
The MIT Press,the-mit-press,United States,Halle 4.1,E69,Marc Lowenthal,The MIT Press,"Manager, Subsidiary Rights and Client Services"
The MIT Press,the-mit-press,United States,Halle 4.1,E69,Brent Oberlin,The MIT Press,
The Natural History Museum Publishing Division,the-natural-history-museum-publishing-division-9bed09f4,United Kingdom,Halle 4.2,D96,Susannah Priede,The Natural History Museum Publishing Division,Head of Publishing and Image Resources
The Natural History Museum Publishing Division,the-natural-history-museum-publishing-division-9bed09f4,United Kingdom,Halle 4.2,D96,Lewis Morgan,The Natural History Museum Publishing Division,
The New Press,the-new-press,United States,Halle 5.1,C115,Sharon Swados,The New Press,Director of Sales and Subsidiary Rights
The O'Brien Press Ltd.,the-obrien-press-ltd,Ireland,Halle 5.1,C49,,,
The Old Lion Publishing House LLC (Vydavnytstvo Staroho Leva),the-old-lion-publishing-house-llc-vydavnytstvo-staroho-leva,Ukraine,Halle 3.1,C13,,,
"The Pinkfong Company, Inc.",the-pinkfong-company-inc,Republic of Korea,Halle 5.1,A143,,,
The Poets and Dragons Society,the-poets-and-dragons-society,Portugal,Halle 3.1,F139,,,
The Pokémon Company International,the-pokmon-company-international,United States,Halle 3.1,G25 / Workstation,,,
The Polish Book Institute Instytut Ksiazki,the-polish-book-institute-instytut-ksiazki-39944bba,Poland,Halle 3.1,B54,,,
The Pro Website Design LLC,woodbridge-publishers,United States,Halle 4.2,M28,,,
The Pro Website Design LLC,the-pro-website-design-llc,United States,Halle 4.2,M28,,,
"The Publication, Printing & Distribution Authority",the-publication-printing--distribution-authority,Viet Nam,Halle 5.1,B35,,,
The Publishers and Booksellers Association of Thailand (PUBAT),the-publishers-and-booksellers-association-of-thailand-pubat,Thailand,Halle 5.1,A113,RATCHATAWAN KUNKRI,The Publishers and Booksellers Association of Thailand (PUBAT),International Affairs Officer
The Publishers and Booksellers Association of Thailand (PUBAT),the-publishers-and-booksellers-association-of-thailand-pubat,Thailand,Halle 5.1,A113,Duangporn Sudhisomboon,The Publishers and Booksellers Association of Thailand (PUBAT),Vice President of International Affairs
The Publishers and Booksellers Association of Thailand (PUBAT),the-publishers-and-booksellers-association-of-thailand-pubat,Thailand,Halle 5.1,A113,Anusorn Phasomkit,The Publishers and Booksellers Association of Thailand (PUBAT),Illustrator
"The Quarto Group, Inc.",quarto-group-inc-the,United Kingdom,Halle 4.2,M84,Oliver Geary,"The Quarto Group, Inc.",
"The Quarto Group, Inc.",quarto-group-inc-the,United Kingdom,Halle 4.2,M84,Violette Nico,"The Quarto Group, Inc.",
"The Quarto Group, Inc.",quarto-group-inc-the,United Kingdom,Halle 4.2,M84,Sini Palosaari,"The Quarto Group, Inc.",
The Quick Brown Fox and Company (trading as Crooked Lane Books - Alcove Press),the-quick-brown-fox-and-company-trading-as-crooked-lane-books---alcove-press,United States,Halle 1.2,PRC,,,
The Readers Paradise,the-readers-paradise,India,Halle 4.2,J25,,,
The Right Book Company,the-right-book-company,United Kingdom,Halle 4.2,J8,,,
The Rights Company - New Edition Book Consulting BV,the-rights-company---new-edition-book-consulting-bv-009bf977,Netherlands,Halle 3.1,F37,,,
The Rights Factory,the-rights-factory-d3ce22ac,Canada,Halle 1.2,LitAg,,,
The Rights Solution,the-rights-solution-ddacb843,United Kingdom,Halle 4.2,B17,Gloria Bailey,Publishers Association,"Associate Director, Export Services"
The Rights Solution,the-rights-solution-ddacb843,United Kingdom,Halle 4.2,B17,Rachel Pidcock,The Rights Solution,Director
The Soho Agency Ltd.,the-soho-agency-ltd-956098e8,United Kingdom,Halle 1.2,LitAg,,,
The Stable Book Group,perfect-bound,United States,Halle 4.2,H84,,,
The Stationery Office Limited,the-stationery-office-limited,United Kingdom,Halle 4.1,G29,,,
The Swedish Arts Council,the-swedish-arts-council-778852be,Sweden,Halle 3.1,B70,,,
The Text Publishing Company Pty. Ltd.,the-text-publishing-company-pty-ltd,Australia,Halle 4.2,J73,,,
The University of Chicago Press,the-university-of-chicago-press-beb6c60e,United States,Halle 5.1,C112,,,
The University Press of Kentucky,the-university-press-of-kentucky,United States,Halle 5.1,C109,,,
The Wylie Agency Ltd.,the-wylie-agency-ltd-f8645775,United Kingdom,Halle 5.1,C39,,,
Thib et Jo,johanna-zare,France,Halle 3.1,H23 / Comics Business Centre,Thibault Colon de Franciosi,Thib et Jo,
Thib et Jo,johanna-zare,France,Halle 3.1,H23 / Comics Business Centre,Johanna Zaïre,Thib et Jo,
Thienemann - Esslinger Verlag GmbH,thienemann---esslinger-verlag-gmbh-69d8b851,Germany,Halle 4.0,B14,,,
Thinking Gifts Company Ltd.,thinking-gifts-company-ltd,United Kingdom,Halle 5.1,C62,,,
Thomas Schlück GmbH,thomas-schlck-gmbh-103e63cc,Germany,Halle 1.2,LitAg,,,
Thomson Press (India) Private Ltd.,kapil-raina-thomson-press-india-ltd,India,Halle 4.2,F52,,,
Three Streams Publishers Ltd.,three-streams-publishers-ltd,South Africa,Halle 4.2,C76,,,
Three Wishes Ltd,three-wishes-ltd,United Kingdom,Halle 4.2,G92,,,
Thunder Bay Press part of Printers Row Publishing Group,thunder-bay-press-part-of-printers-row-publishing-group,United States,Halle 4.2,C34,,,
Tibetan Translation & Research Institute,tibetan-translation--research-institute-24c4d7b6,India,Halle 4.2,F35,,,
"Tibidabo Edicions, S.A.",tibidabo-edicions-sa,Spain,Halle 3.1,E131,,,
Tibnology,tibnology,India,Halle 4.2,F35,,,
Tietge GmbH,tietge-gmbh,Germany,Halle 5.0,B122,,,
Timas Yayinlari Basim Tic. Ve San. A.S.,timas-yayinlari-basim-tic-ve-san-as,Türkiye,Halle 3.1,G70,,,
Time of Change Inform,time-of-change-inform,Ukraine,Halle 3.1,C13,,,
Times Printers Pte Ltd,times-printers-pte-ltd,Singapore,Halle 4.1,A13,Elaine Chang,Times Printers Pte Ltd,Sales Manager
Times Printers Pte Ltd,times-printers-pte-ltd,Singapore,Halle 4.1,A13,Simon Soh,Times Printers Pte Ltd,Sales Manager
Timof Comics,timoff-wraz-z-qltura-gniewu,Poland,Halle 3.1,B54,,,
Tinta en las uñas editoras,tinta-en-las-uas-editoras,Mexico,Halle 3.1,E96,Mónica Cavazos,Tinta en las uñas editoras,
Tinta en las uñas editoras,tinta-en-las-uas-editoras,Mexico,Halle 3.1,E96,Fernanda Meraz,Tinta en las uñas editoras,Founding Partner
Tishina,tishina,France,Halle 3.1,J131,,,
"Tiskárna Helbich, a.s.",tiskrna-helbich-as,Czechia,Halle 3.0,H139,Robert Filka,"Tiskárna Helbich, a.s.",business manager
"Tiskárna Helbich, a.s.",tiskrna-helbich-as,Czechia,Halle 3.0,H139,Petra Frýbová,"Tiskárna Helbich, a.s.",Sales Representative
"Tiskárna Helbich, a.s.",tiskrna-helbich-as,Czechia,Halle 3.0,H139,Robert Helbich,"Tiskárna Helbich, a.s.",CEO
"Tiskárna Helbich, a.s.",tiskrna-helbich-as,Czechia,Halle 3.0,H139,Jana Helbichová,"Tiskárna Helbich, a.s.",Public relations
"Tiskárna Helbich, a.s.",tiskrna-helbich-as,Czechia,Halle 3.0,H139,Tomáš Kitlička,"Tiskárna Helbich, a.s.",Sales representative
"Tiskárna Helbich, a.s.",tiskrna-helbich-as,Czechia,Halle 3.0,H139,Dominik Veselý,"Tiskárna Helbich, a.s.",Sales Representative
"Tiskárna Helbich, a.s.",tiskrna-helbich-as,Czechia,Halle 3.0,H139,Jonáš Helbich,"Tiskárna Helbich, a.s.",Sales Manager
Titan Publishing Group,titan-publishing,United Kingdom,Halle 4.2,A13,,,
TM APELSIN creative,private-entrepreneur-viacheslav-telitsyn,Ukraine,Halle 3.1,D16,,,
"TO Books, Inc.",to-books-inc,Japan,Halle 3.1,G25 / Workstation,,,
Today Publications Limited,today-publications-limited,Hong Kong,Halle 5.1,D121,,,
Tohan Corporation,tohan-corporation-535e0b93,Japan,Halle 1.2,LitAg,,,
TOKYOPOP Inc.,tokyopop-inc,United States,Halle 3.1,H23 / Comics Business Centre,,,
Toleranztunnel e.V. / KIgA e.V.,toleranztunnel-ev--kiga-ev,Germany,Halle 3.0,J12,,,
Tomorrowland,tl-international-bv,Belgium,Halle 3.1,D95,Charlotte Maes,Tomorrowland,Sales Coordinator Fiction
"Tongfang Knowledge Network Digital Technology Co., Ltd.",cnki-china-academic-journals-cd-edition-electronic-publishing-house-co-ltd,China,Halle 4.1,D86,,,
"Tongfang Knowledge Network Digital Technology Co., Ltd.",tongfang-knowledge-network-digital-technology-co-ltd,China,Halle 4.1,B88,,,
Tongue Literary Scouting,tongue-literary-scouting-9554d3d7,United Kingdom,Halle 1.2,LitAg,,,
Topipittori S.r.l.,topipittori-srl,Italy,Halle 3.1,B134,,,
Topix Media Lab,topix-media-lab,United States,Halle 4.2,L6,Courtney Kerrigan,Topix Media Lab,COO
Topix Media Lab,topix-media-lab,United States,Halle 4.2,L6,Phil Sexton,Topix Media Lab,Publisher
TOPP frechverlag GmbH,topp-frechverlag-gmbh,Germany,Halle 3.0,E48,,,
Torleyunicorn,torleyunicorn,Germany,Halle 4.0,C76,Ute Nitsche,Torleyunicorn,"Autorin, Backoffice"
Torleyunicorn,torleyunicorn,Germany,Halle 4.0,C76,Albert Rödter,Torleyunicorn,Vertrieb
Torleyunicorn,torleyunicorn,Germany,Halle 4.0,C76,Stefanie Torley-Gert,Torleyunicorn,Autorin
Tormenta Literaria y de Ilustración SL,tormenta---pablo-cayo-reyna-martnez-8d9b6a85,Spain,Halle 1.2,LitAg,,,
Total Transport Services Inc.,total-transport-services-inc-cd8eaf3f,United States,Halle 4.2,K77,,,
Tourbillon (part of Bayard),ditions-tourbillon-part-of-bayard-editions,France,Halle 3.1,H97,,,
Townhouse Publishing Ltd,townhouse-publishing-ltd-143f868a,Ireland,Halle 4.2,B26,,,
"TPA KOREA Co., Ltd.",tpa-korea-co-ltd,Republic of Korea,Halle 5.1,A128,,,
Trading Card Area  - Frankfurter Buchmesse,artist-alley---frankfurter-buchmesse,Germany,Festhalle,D67,,,
"Transatlantic Literary Agency, Inc.",transatlantic-literary-agency-inc-369120f8,Canada,Halle 1.2,LitAg,,,
Transforma,transforma-pvt-ltd,India,Halle 4.1,H61,Krishnan Murali,Transforma,"Managing Director — accessible EPUB, XML and production for publishers"
Trans Global Freight Management Ltd,trans-global-freight-management-ltd-a542662f,United Kingdom,Halle 4.2,K77,,,
Transit Buchverlag GmbH,transit-buchverlag-gmbh-f09ffd1b,Germany,Halle 3.0,C63,Gudrun Fröba,Transit Buchverlag GmbH,
Transit Buchverlag GmbH,transit-buchverlag-gmbh-f09ffd1b,Germany,Halle 3.0,C63,Niko Fröba,Transit Buchverlag GmbH,
Transit Buchverlag GmbH,transit-buchverlag-gmbh-f09ffd1b,Germany,Halle 3.0,C63,Rainer Nitsche,Transit Buchverlag GmbH,
Trendhaus Handelsgesellschaft mbH,trendhaus-handelsgesellschaft-mbh,Germany,Halle 5.0,D167,,,
Trendlit Publishing,trendlit-publishing,Singapore,Halle 5.1,B67,,,
TRENDS Research & Advisory,trends-research--advisory,United Arab Emirates,Halle 5.1,B27,,,
Tre Publishing House,tre-publishing-house,Viet Nam,Halle 5.1,A124,,,
Trescher Verlag GmbH,trescher-verlag-gmbh,Germany,Halle 5.0,B122,,,
"Triada US Inc, d/b/a Triada US Literary Agency",triada-us-inc-dba-triada-us-literary-agency,United States,Halle 1.2,LitAg,,,
"Trident Media Group, LLC",trident-media-group-llc-bc56b957,United States,Halle 1.2,LitAg,,,
Triest Verlag GmbH,triest-verlag-gmbh,Switzerland,Halle 3.0,G146,Kerstin Forster,Triest Verlag GmbH,Verlegerin
Trifolio srl,trifolio-srl,Italy,Halle 4.2,E60,,,
TRIGA - Der Verlag,triga---der-verlag-gerlinde-he-ug-haftungsbeschrnkt,Germany,Halle 3.0,D87,Christina Schmitt,TRIGA - Der Verlag,Geschäftsführerin
Trilce Ediciones,trilce-ediciones,Mexico,Halle 3.1,E96,Ariel Ruiz,Trilce Ediciones,Jefe de redacción
TRI Publishing Centre,tri-publishing-centre,North Macedonia,Halle 3.1,B12,,,
Triqueta Verde,triqueta-verde,Spain,Halle 3.1,D135,,,
Troika Books Ltd,troika-books-ltd,United Kingdom,Halle 4.2,G83,,,
Trollberg Ltd.,trollberg-ltd,United Kingdom,Halle 1.2,LitAg,,,
Trötsch Verlag GmbH & Co. KG,trtsch-verlag-gmbh--co-kg,Germany,Halle 3.0,F61,,,
Trud Publishing House,trud-publishing-house,Bulgaria,Halle 3.1,B19,,,
True Crime Games GmbH,true-crime-games-gmbh,Germany,Halle 5.0,D124,,,
Tsinghua University Press Limited,tsinghua-university-press-limited,China,Halle 5.1,D147,,,
Ttarttalo,ttarttalo,Spain,Halle 3.1,E104,,,
Tudem Publishing Group,tudem-publishing-group-e4b170b4,Türkiye,Halle 3.1,G58,Hülya Dayan,Tudem Publishing Group,Editorial Coordinator
Turnaround Publisher Services Ltd.,turnaround-publisher-services-ltd,United Kingdom,Halle 4.2,D87,Claire Thompson,Turnaround Publisher Services Ltd.,Marketing Director
Tushita PaperArt GmbH,tushita-paperart-gmbh,Germany,Halle 3.0,A28,,,
"Tusquets Editores, S.A.",tusquets-editores-sa-f9f5fea6,Spain,Halle 3.1,C108,,,
"Tuttle-Mori Agency, Inc.",tuttle-mori-agency-inc-8a5d77ca,Japan,Halle 1.2,LitAg,,,
Tuttle Publishing A member of the Periplus Publishing Group,tuttle-publishing-a-member-of-the-periplus-publishing-group-a58fb134,United States,Halle 4.2,F48,,,
TVZ Theologischer Verlag Zürich AG,tvz-theologischer-verlag-zrich-ag-fbeb3b78,Switzerland,Halle 3.0,H60,,,
Tyndale House Publishers,tyndale-house-publishers-3befeec9,United States,Halle 4.2,C91,,,
Typefi Systems Pty. Ltd.,typefi-systems-pty-ltd-0cf673bb,Australia,Halle 4.1,G72,Lukas Kaefer,Typefi Systems Pty. Ltd.,Marketing Manager
Typefi Systems Pty. Ltd.,typefi-systems-pty-ltd-0cf673bb,Australia,Halle 4.1,G72,Stephen Laverick,Typefi Systems Pty. Ltd.,Business Development Manager
Ueberreuter Verlag GmbH,ueberreuter-verlag-gmbh-14e2cbb0,Germany,Halle 4.0,D104,,,
Uitgeverij Balans,uitgeverij-balans,Netherlands,Halle 3.1,C60,,,
Uitgeverij Cossee,uitgeverij-cossee,Netherlands,Halle 3.1,E21,,,
Uitgeverij Cuberdon,uitgeverij-cuberdon-b7f1c678,Belgium,Halle 3.1,F31,,,
Uitgeverij De Bezige Bij B.V.,uitgeverij-de-bezige-bij-bv,Netherlands,Halle 3.1,E21,,,
Uitgeverij De Eenhoorn,uitgeverij-de-eenhoorn,Belgium,Halle 3.1,D23,,,
Uitgeverij Prometheus B.V.,uitgeverij-prometheus-bv,Netherlands,Halle 3.1,E21,,,
UJU / Ullstein Buchverlage GmbH,ullstein-jugendbuch-uju,Germany,Halle 3.0,A90,,,
Ukrainer Publishing House,publishing-house-ukraner,Ukraine,Halle 3.1,C13,,,
Ukrainian Book Institute,ukrainian-book-institute-0e8e7060,Ukraine,Halle 3.1,C13,Mariia Shubchyk,Ukrainian Book Institute,Head of communication
Ukrainian Coordination Center e.V.,ukrainian-coordination-center-ev,Germany,Halle 3.1,C13,,,
Ulisse (part of Vigot Maloine),ulisse-ditions-an-imprint-of-vigot-ditions,France,Halle 3.1,H125,,,
Ullstein Buchverlage GmbH,ullstein-buchverlage-gmbh-3ab66bf7,Germany,Halle 3.0,A90,Melina Köllisch,Ullstein Buchverlage GmbH,
Ullstein Buchverlage GmbH,ullstein-buchverlage-gmbh-fe491c81,Germany,Agora,C45,,,
Ullstein Buchverlage GmbH,ullstein-buchverlage-gmbh-ff5ee55d,Germany,Agora,B19,,,
Ullstein Buchverlage GmbH,ullstein-buchverlage-gmbh-d3486a96,Germany,Agora,B20,,,
Ullstein Buchverlage GmbH,ullstein-buchverlage-gmbh-71a28973,Germany,Agora,E39,,,
Ullstein extra / Ullstein Buchverlage GmbH,ullstein-paperback-in-ullstein-buchverlage-gmbh,Germany,Halle 3.0,A90,,,
Ullstein Taschenbuch / Ullstein Buchverlage GmbH,ullstein-taschenbuch-verlag-ein-unternehmen-der-ullstein-buchverlage-gmbh,Germany,Halle 3.0,A90,,,
Ulmer,les-ditions-ulmer,France,Halle 3.1,H125,,,
Ulrich Diehl Verlag und Medienservice GmbH,ulrich-diehl-verlag-und-medienservice-gmbh,Germany,Halle 3.0,D87,,,
Ulrike Helmer Verlag,ulrike-helmer-verlag,Germany,Halle 3.0,C64,,,
Ulrike Helmer Verlag,ulrike-helmer-verlag-41c709e5,Germany,Halle 3.0,D87,,,
Ultra Literary,ultra-literary-9ab33e72,United States,Halle 1.2,LitAg,,,
Ultraviolett Verlag,ultraviolett-verlag,Germany,Halle 3.0,B58,Veronika Siska,Ultraviolett Verlag,
Ultreya S.r.l.,ultreya-srl,Italy,Halle 3.1,B134,,,
UNAM. National Autonomous University of Mexico,universidad-nacional-autnoma-de-mxico-unam,Mexico,Halle 3.1,E96,Alejandro Villaseñor Valerio,UNAM. National Autonomous University of Mexico,Sales Director
UNBOXED,albert-peter--le-vinh-quynh-gbr,Germany,Halle 3.0,B25,,,
UnderCover Literary Agents,undercover-literary-agents-f7fc4850,Germany,Halle 1.2,LitAg,,,
Un Dimanche Après-Midi,editions-un-dimanche-aprs-midi,France,Halle 3.1,J131,,,
UNE - Unión de Editoriales Universitarias Españolas,une---unin-de-editoriales-universitarias-espaolas,Spain,Halle 3.1,D135,,,
Unholy Publishing UG,unholy-publishing-ug,Germany,Festhalle,D48,,,
Unicorn Publishing Group LLP,unicorn-publishing-group-llp-12fd69e9,United Kingdom,Halle 4.2,D101,,,
Unionsverlag,unionsverlag-c9481e23,Switzerland,Halle 3.0,D119,,,
UniPress Books Ltd.,unipress-books-ltd-d3547309,United Kingdom,Halle 4.2,E56,,,
United Agents Ltd.,united-agents-ltd-13c3d2b5,United Kingdom,Halle 1.2,LitAg,,,
United Nations Publications,united-nations-publications,United States,Halle 4.1,G65,Sana Afify,United Nations Publications,
"United Talent Agency, LLC",united-talent-agency-llc,United States,Halle 1.2,LitAg,,,
Universal Art Group (UAG),universal-art-group,Germany,Halle 4.2,D57,,,
Universal ELT Ozel Egitim Yay. Da. Paz. ve Tic. Ltd Sti.,universal-elt-ozel-egitim-yay-da-paz-ve-tic-ltd-sti,Türkiye,Halle 4.1,C76,Pınar Akyüz,Universal ELT Ozel Egitim Yay. Da. Paz. ve Tic. Ltd Sti.,
Universal ELT Ozel Egitim Yay. Da. Paz. ve Tic. Ltd Sti.,universal-elt-ozel-egitim-yay-da-paz-ve-tic-ltd-sti,Türkiye,Halle 4.1,C76,Senem Baycan,Universal ELT Ozel Egitim Yay. Da. Paz. ve Tic. Ltd Sti.,Academic Director
Universal ELT Ozel Egitim Yay. Da. Paz. ve Tic. Ltd Sti.,universal-elt-ozel-egitim-yay-da-paz-ve-tic-ltd-sti,Türkiye,Halle 4.1,C76,Kelebek Biricik Ataman,Universal ELT Ozel Egitim Yay. Da. Paz. ve Tic. Ltd Sti.,ELT Coordinator
Universal ELT Ozel Egitim Yay. Da. Paz. ve Tic. Ltd Sti.,universal-elt-ozel-egitim-yay-da-paz-ve-tic-ltd-sti,Türkiye,Halle 4.1,C76,Gülcan Doğan,Universal ELT Ozel Egitim Yay. Da. Paz. ve Tic. Ltd Sti.,Academic Consultant
Universal ELT Ozel Egitim Yay. Da. Paz. ve Tic. Ltd Sti.,universal-elt-ozel-egitim-yay-da-paz-ve-tic-ltd-sti,Türkiye,Halle 4.1,C76,Aşkın Erman,Universal ELT Ozel Egitim Yay. Da. Paz. ve Tic. Ltd Sti.,Sales Manager
Universal ELT Ozel Egitim Yay. Da. Paz. ve Tic. Ltd Sti.,universal-elt-ozel-egitim-yay-da-paz-ve-tic-ltd-sti,Türkiye,Halle 4.1,C76,Mehmet Özler,Universal ELT Ozel Egitim Yay. Da. Paz. ve Tic. Ltd Sti.,Founder
Universal ELT Ozel Egitim Yay. Da. Paz. ve Tic. Ltd Sti.,universal-elt-ozel-egitim-yay-da-paz-ve-tic-ltd-sti,Türkiye,Halle 4.1,C76,Halil Kamil Mireli,Universal ELT Ozel Egitim Yay. Da. Paz. ve Tic. Ltd Sti.,General Manager
Universal Publishing Group,universal-publishing-house-pte-ltd,Singapore,Halle 5.1,C131,,,
Universidad Autónoma del Estado de México - UAEMEX,universidad-autnoma-del-estado-de-mxico---uaemex,Mexico,Halle 3.1,E96,,,
Universidad Autónoma de Madrid,universidad-autnoma-de-madrid,Spain,Halle 3.1,D135,,,
Universidad Autónoma Metropolitana,universidad-autnoma-metropolitana,Mexico,Halle 3.1,E96,Yissel Arce Padrón,Universidad Autónoma Metropolitana,
Universidad Autónoma Metropolitana,universidad-autnoma-metropolitana,Mexico,Halle 3.1,E96,Reyna Yunuhen Ponce Navarrete,Universidad Autónoma Metropolitana,Jefa del Departamento de Promoción Editorial y Ferias
Universidad Autónoma Metropolitana,universidad-autnoma-metropolitana,Mexico,Halle 3.1,E96,Carlos Francisco Gallardo Sánchez,Universidad Autónoma Metropolitana,Director of Publications and Editorial Promotion
"Universidad Católica de Valencia ""San Vicente Mártir""",universidad-catlica-de-valencia-san-vicente-mrtir,Spain,Halle 3.1,D135,,,
Universidad de Alcalá,universidad-de-alcal,Spain,Halle 3.1,D135,,,
"Universidad de Burgos, Servicio de Publicaciones",universidad-de-burgos-servicio-de-publicaciones,Spain,Halle 3.1,D135,,,
Universidad de Cádiz,universidad-de-cdiz,Spain,Halle 3.1,D135,,,
Universidad de Jaén- Servicio de Publicaciones,universidad-de-jan--servicio-de-publicaciones,Spain,Halle 3.1,D135,,,
Universidad de Las Palmas de Gran Canaria Servicio de Publicaciones y Difusión Científica,universidad-de-las-palmas-de-gran-canaria-servicio-de-publicaciones-y-difusin-cientfica,Spain,Halle 3.1,D135,,,
Universidad de los Andes Ediciones Uniandes,universidad-de-los-andes-ediciones-uniandes,Colombia,Halle 3.1,E83,,,
Universidad del País Vasco - Euskal Herriko Unibertsitatea,universidad-del-pas-vasco---servicio-editorial-573537f0,Spain,Halle 3.1,D135,,,
Universidad del País Vasco - Euskal Herriko Unibertsitatea,universidad-del-pas-vasco---euskal-herriko-unibertsitatea-eeebe4ac,Spain,Halle 3.1,E104,,,
"Universidad de Santiago de Compostela, Servicio de Publicaciones e Intercambio Científico",universidad-de-santiago-de-compostela-servicio-de-publicaciones-e-intercambio-cientfico,Spain,Halle 3.1,D135,,,
Universidad de Sevilla Secretariado de Publicaciones,universidad-de-sevilla-secretariado-de-publicaciones,Spain,Halle 3.1,D135,,,
Universidad de Sonora,universidad-de-sonora,Mexico,Halle 3.1,E96,,,
Universidad de Valencia Estudi General de Valencia - Publicacions de la Universitat de València,universidad-de-valencia-estudi-general-de-valencia---publicacions-de-la-universitat-de-valncia,Spain,Halle 3.1,D135,,,
Universidad Eclesiástica de San Dámaso,universidad-eclesistica-de-san-dmaso,Spain,Halle 3.1,D135,,,
Universidad Francisco de Vitoria,universidad-francisco-de-vitoria,Spain,Halle 3.1,D135,,,
Universidad Iberoamericana Puebla,universidad-iberoamericana-puebla,Mexico,Halle 3.1,E96,Rogelio Zamora Martínez,Universidad Iberoamericana Puebla,
Universidad Nacional de Educación a Distancia (UNED),universidad-nacional-de-educacin-a-distancia-uned,Spain,Halle 3.1,D135,,,
Universidad Politécnica de Valencia,universidad-politcnica-de-valencia,Spain,Halle 3.1,D135,,,
Universidad Pontificia de Salamanca,universidad-pontificia-de-salamanca,Spain,Halle 3.1,D135,,,
Universidad Pública de Navarra,universidad-pblica-de-navarra,Spain,Halle 3.1,D135,,,
Universidad Veracruzana,universidad-veracruzana,Mexico,Halle 3.1,E96,Jesús Guerrero,Universidad Veracruzana,
"Universitat de Barcelona, Edicions",universitat-de-barcelona-edicions,Spain,Halle 3.1,E131,,,
"Universitat de Barcelona, Edicions",universitat-de-barcelona-edicions-6231399a,Spain,Halle 3.1,D135,,,
Universitat de les Illes Balears Edicions UIB,universitat-de-les-illes-balears-edicions-uib,Spain,Halle 3.1,D135,,,
Universitätsverlag Winter GmbH,universittsverlag-winter-2866299d,Germany,Halle 3.0,A141,,,
University of British Columbia Press,university-of-british-columbia-press,Canada,Halle 4.2,H25,,,
University of California Press,university-of-california-press-52d42167,United States,Halle 5.1,C98,Jo Foss,University of California Press,Marketing Administrator
University of Manitoba Press,university-of-manitoba-press,Canada,Halle 4.2,H25,David Larsen,University of Manitoba Press,Director
University of Nebraska Press,university-of-nebraska-press-ee60e045,United States,Halle 5.1,C106,,,
University of North Carolina Press,university-of-north-carolina-press-844017b3,United States,Halle 5.1,C106,John McLeod,University of North Carolina Press,Chief Operating Officer & Director of Intellectual Property
University of Queensland Press (UQP),university-of-queensland-press-uqp,Australia,Halle 4.2,J74,,,
University of Regina Press,university-of-regina-press,Canada,Halle 4.2,H25,Madeleine Maillet,University of Regina Press,Marketing and Publicity Manager
University of Regina Press,university-of-regina-press,Canada,Halle 4.2,H25,James Patterson,University of Regina Press,Director
University of Santo Tomas Publishing House,university-of-santo-tomas,Philippines,Halle 5.1,A95,,,
University of Tartu Press,tartu-university-press,Estonia,Halle 3.1,B34,,,
University of the Philippines Press,university-of-the-philippines-press,Philippines,Halle 5.1,A95,Loren Agaloos,University of the Philippines Press,Deputy Director for Editorial
University of Toronto Press,university-of-toronto-press-0ac846fa,Canada,Halle 4.2,H6,,,
University of Wales Press,university-of-wales-press,United Kingdom,Halle 4.2,J7,,,
University of Wales Press,university-of-wales-press-87141036,United Kingdom,Halle 3.1,B22,,,
University of Warsaw Press,university-of-warsaw-press,Poland,Halle 3.1,B54,,,
University of Wisconsin Press,university-of-wisconsin-press,United States,Halle 4.1,E33,,,
Unrast-Verlag,unrast-verlag-e2b6b81a,Germany,Halle 3.0,C62,,,
Unterwegs Verlag GmbH,unterwegs-verlag-gmbh,Germany,Halle 5.0,B117,,,
UN Women Regional Office for Europe and Central Asia,un-women-regional-office-for-europe-and-central-asia,Türkiye,,,Rachel Martin,UN Women Regional Office for Europe and Central Asia,Senior Global Director Sustainability
UN Women Regional Office for Europe and Central Asia,un-women-regional-office-for-europe-and-central-asia,Türkiye,,,Olga Osaulenko,UN Women Regional Office for Europe and Central Asia,
UN Women Regional Office for Europe and Central Asia,un-women-regional-office-for-europe-and-central-asia,Türkiye,,,Katharina Raabe,UN Women Regional Office for Europe and Central Asia,
UN Women Regional Office for Europe and Central Asia,un-women-regional-office-for-europe-and-central-asia,Türkiye,,,Slava Svitova,UN Women Regional Office for Europe and Central Asia,CEO at Creative Women Publishing
UN Women Regional Office for Europe and Central Asia,un-women-regional-office-for-europe-and-central-asia,Türkiye,,,Abigail Erikson,UN Women Regional Office for Europe and Central Asia,
UN Women Regional Office for Europe and Central Asia,un-women-regional-office-for-europe-and-central-asia,Türkiye,,,Gvantsa Jobava,UN Women Regional Office for Europe and Central Asia,
UN Women Regional Office for Europe and Central Asia,un-women-regional-office-for-europe-and-central-asia,Türkiye,,,Rene Karabash,UN Women Regional Office for Europe and Central Asia,
UN Women Regional Office for Europe and Central Asia,un-women-regional-office-for-europe-and-central-asia,Türkiye,,,Nestan (Nene) Kvinikadze,UN Women Regional Office for Europe and Central Asia,
UN Women Regional Office for Europe and Central Asia,un-women-regional-office-for-europe-and-central-asia,Türkiye,,,Nino Matcharashvili,UN Women Regional Office for Europe and Central Asia,consultant
Upstart Press,upstart-press,New Zealand,Halle 4.2,G29,Chavon Bringans,Upstart Press,
Urano World,urano-world-spain-sau-fab457c5,Spain,Halle 4.1,K24,Andrea Llop,Urano World,Product Manager
USA Pavilion,usa-pavilion-5ba87410,United States,Halle 4.2,H84,,,
Usborne Publishing Limited,usborne-publishing-limited-9c441f30,United Kingdom,Halle 4.2,E1,,,
Usborne Verlag,usborne-verlag-58631284,United Kingdom,Halle 5.0,C87,,,
Ústav pamäti národa,stav-pamti-nroda,Slovakia,Halle 3.1,C50,,,
Usturlab Publications,usturlab-publications,Türkiye,Halle 3.1,G58,,,
utb GmbH,utb-gmbh-0a625d96,Germany,Halle 3.0,A121,Susanne Ziegler,utb GmbH,PR/Marketing - Prokuristin
Ute Körner Literary Agent SLU,ute-krner-literary-agent-slu-c25c349c,Spain,Halle 1.2,LitAg,,,
Uthereal AG,uthereal-ag,Switzerland,Halle 4.1,J94,Wael ABDELMALEK,Uthereal AG,CEO & CoFounder
Uthereal AG,uthereal-ag,Switzerland,Halle 4.1,J94,Joao CARVALHO,Uthereal AG,CTO and Co-founder
Uthereal AG,uthereal-ag,Switzerland,Halle 4.1,J94,Víctor Jiménez,Uthereal AG,
Uthereal AG,uthereal-ag,Switzerland,Halle 4.1,J94,Daniela Muc,Uthereal AG,Founder's Associate PM & GTM
Uthereal AG,uthereal-ag,Switzerland,Halle 4.1,J94,Riccardo Rigoni,Uthereal AG,Research Engineer
Uthereal AG,uthereal-ag,Switzerland,Halle 4.1,J94,David Russell,Quintessence AI,Executive Vice President
UVK Verlag - Ein Unternehmen der Narr Francke Attempo Verlag GmbH + Co. KG,uvk-verlag---ein-unternehmen-der-narr-francke-attempo-verlag-gmbh--co-kg,Germany,Halle 3.0,A120,,,
Vajona Verlag GmbH,vajona-verlag-d7055eca,Germany,Festhalle,B67,,,
Valcal Group,valcal-ebookpro-publishing,Israel,Halle 3.1,A14,Tal C.,VALCAL SOFTWARE LTD,
VAL Silberschnur GmbH,val-silberschnur-gmbh,Germany,Halle 5.0,E43,,,
Van Oorschot b.v.,van-oorschot-bv,Netherlands,Halle 3.1,E21,,,
van Schie Dima Kinderbücher,van-schie-dima-kinderbcher,Switzerland,Halle 3.0,G93,,,
V&A Publishing Victoria & Albert Museum,va-publishing,United Kingdom,Halle 4.2,D96,Georgia Gray Andrews,V&A Publishing Victoria & Albert Museum,Publishing Sales Manager
V&A Publishing Victoria & Albert Museum,va-publishing,United Kingdom,Halle 4.2,D96,Tom Windross,V&A Publishing Victoria & Albert Museum,Head of Publishing
Varrak Publishers,varrak-publishers,Estonia,Halle 3.1,B34,,,
VA - Verlag Aretz,va---verlag-aretz,Germany,Halle 4.0,J98,,,
Veen Bosch & Keuning Uitgeversgroep BV,veen-bosch--keuning-uitgeversgroep-bv,Netherlands,Halle 3.1,E21,,,
Veles i Vents Edicions,veles-i-vents-edicions,Spain,Halle 3.1,E131,,,
VEMAG Verlags- und Medien AG,vemag-verlags--und-medien-ag,Germany,Halle 5.0,C74,Nina Hess,VEMAG Verlags- und Medien AG,
VEMAG Verlags- und Medien AG,vemag-verlags--und-medien-ag,Germany,Halle 5.0,C74,Sabine Janatschek,VEMAG Verlags- und Medien AG,
VEMAG Verlags- und Medien AG,vemag-verlags--und-medien-ag,Germany,Halle 5.0,C74,Doris Zänsdorf,VEMAG Verlags- und Medien AG,Account Manager
Venice M. Summer – Verena Brunner,venice-m-summer,Austria,Halle 4.0,J70,,,
Verband Bildungsmedien e.V.,verband-bildungsmedien-ev-59d4e2cc,Germany,,,Cornelia Kuhlmann,Verband Bildungsmedien e.V.,Referentin Recht & Digitales
Verband Bildungsmedien e.V.,verband-bildungsmedien-ev-59d4e2cc,Germany,,,Dagny Ladé,Verband Bildungsmedien e.V.,Referentin für Kommunikation und Medien
Verband Bildungsmedien e.V.,verband-bildungsmedien-ev-59d4e2cc,Germany,,,Christoph Pienkoß,Verband Bildungsmedien e.V.,Geschäftsführer / Managing Director
Verband der Diözesen Deutschlands Sekretariat der Deutschen Bischofskonferenz,verband-der-dizesen-deutschlands-sekretariat-der-deutschen-bischofskonferenz,Germany,Halle 3.0,G65,,,
Verband der Freien Lektorinnen und Lektoren (VFLL) e.V. - Geschäftsstelle c/o Büro Seehausen + Sandberg,verband-der-freien-lektorinnen-und-lektoren-vfll-ev---geschftsstelle-co-bro-seehausen--sandberg-bf79efd6,Germany,Halle 5.0,E44,Vanessa Michaeli,VFLL e. V.,Koordinatorin Buchmesse-Stand
Verband deutschsprachiger Übersetzer/innen literarischer und wissenschaftlicher Werke e.V.,vd-verband-deutschsprachiger-bersetzerinnen-literarischer-und-wissenschaftlicher-werke,Germany,Halle 5.0,C115,,,
Verbrannte Orte e.V.,verbrannte-orte-ev,Germany,Halle 3.0,B98,Jan Schenck,Verbrannte Orte e.V.,
Verbrannte Orte e.V.,verbrannte-orte-ev-dbdac4b3,Germany,Halle 3.Via,A1,,,
Verbraucherzentrale NRW e. V.,verbraucherzentrale-nrw,Germany,Halle 3.0,G93,,,
Verbrecher Verlag GmbH,verbrecher-verlag-gmbh-14eef601,Germany,Halle 3.0,C47,Alex Bachler,Verbrecher Verlag GmbH,Presse- udn Öffentlichkeitsarbeit
Verbrecher Verlag GmbH,verbrecher-verlag-gmbh-14eef601,Germany,Halle 3.0,C47,Kristine Listau,Verbrecher Verlag GmbH,Verlegerin
Verbrecher Verlag GmbH,verbrecher-verlag-gmbh-14eef601,Germany,Halle 3.0,C47,Angelina Maccarone,Verbrecher Verlag GmbH,Autorin
Verbrecher Verlag GmbH,verbrecher-verlag-gmbh-14eef601,Germany,Halle 3.0,C47,Nina Wehner,Verbrecher Verlag GmbH,
Verbrecher Verlag GmbH,verbrecher-verlag-gmbh-14eef601,Germany,Halle 3.0,C47,Johanna Seyfried,Verbrecher Verlag GmbH,
Verbum Medien gGmbH,verbum-medien-ggmbh,Germany,Halle 3.0,G65,Linda Damerau,Verbum Medien gGmbH,Marketing Vertrieb
Verbum Medien gGmbH,verbum-medien-ggmbh,Germany,Halle 3.0,G65,Nikos Flaming,Verbum Medien gGmbH,
Verbum Medien gGmbH,verbum-medien-ggmbh,Germany,Halle 3.0,G65,Judith Krauß,Verbum Medien gGmbH,
Verbum Medien gGmbH,verbum-medien-ggmbh,Germany,Halle 3.0,G65,Alexander Reindl,Verbum Medien gGmbH,Prokurist / CEO
Vereinigung Evangelischer Buchhändler und Verleger e.V.,vereinigung-evangelischer-buchhndler-und-verleger-ev,Germany,Halle 3.0,G65,,,
Veristage Inc,veristage-inc,United States,Halle 5.1,C43,,,
Verlag Antje Kunstmann GmbH,verlag-antje-kunstmann-gmbh-b87451b8,Germany,Halle 3.0,C111,,,
Verlag Antje Kunstmann GmbH,verlag-antje-kunstmann-gmbh-0390b803,Germany,Halle 5.0,C87,,,
Verlag Anton Pustet,verlag-anton-pustet,Austria,Halle 5.0,D15,,,
Verlag Barbara Budrich GmbH,verlag-barbara-budrich-gmbh,Germany,Halle 3.0,A124,Karen Reinfeld,Verlag Barbara Budrich GmbH,
Verlag Begegnungen,verlag-begegnungen,Germany,Halle 3.0,D87,,,
Verlag Bertelsmann Stiftung,verlag-bertelsmann-stiftung-972d4dd7,Germany,Halle 3.0,H22,Claudia Haschke,Verlag Bertelsmann Stiftung,Publishing Manager
Verlag Bertelsmann Stiftung,verlag-bertelsmann-stiftung-972d4dd7,Germany,Halle 3.0,H22,Christiane Raffel,Verlag Bertelsmann Stiftung,Herstellung
Verlag Bibliothek der Provinz,verlag-bibliothek-der-provinz,Austria,Halle 5.0,E13,,,
Verlag C.H. Beck GmbH & Co. KG Literatur-Sachbuch-Wissenschaft,verlag-ch-beck-literatur-sachbuch-wissenschaft,Germany,Halle 3.0,E126,Magdalena Geitner,Verlag C.H. Beck GmbH & Co. KG Literatur-Sachbuch-Wissenschaft,
Verlag Das Wunderhorn,verlag-das-wunderhorn-6e5c9866,Germany,Halle 3.0,C87,,,
Verlag der Autoren,verlag-der-autoren-gmbh--co-kg-7b8fa165,Germany,Halle 3.0,D87,,,
Verlag der Autoren GmbH & Co KG,verlag-der-autoren-gmbh--co-kg-30dee0df,Germany,Halle 1.2,LitAg,,,
Verlag der Buchhandlung Walther und Franz König,buchhandlung-walther-knig-gmbh--co-kg-abt-verlag,Germany,Halle 3.0,G150,,,
Verlag der Islam - Ahmadiyya Muslim Gemeinde Deutschland KdöR,verlag-der-islam---ahmadiyya-muslim-gemeinde-deutschland-kdr,Germany,Halle 3.0,J17,,,
Verlag der Österreichischen Akademie der Wissenschaften,verlag-der-sterreichischen-akademie-der-wissenschaften,Austria,Halle 5.0,D15,,,
Verlag der Theodor Kramer Gesellschaft,verlag-der-theodor-kramer-gesellschaft,Austria,Halle 5.0,E13,,,
verlag die brotsuppe,verlag-die-brotsuppe-a02ff2db,Switzerland,Halle 3.0,C96,Sonja Muhlert,verlag die brotsuppe,
"Verlag ""Die Silberschnur"" GmbH",verlag-die-silberschnur-gmbh,Germany,Halle 5.0,E45,,,
Verlag Dr. Josef Kleinheinrich-Reinke,verlag-dr-josef-kleinheinrich-reinke,Germany,Halle 3.0,C135,,,
Verlag Ernst Kaufmann GmbH,verlag-ernst-kaufmann-gmbh,Germany,Halle 3.0,F61,,,
Verlag Esterbauer GmbH,verlag-esterbauer-gmbh,Austria,Halle 5.0,A115,,,
"Verlag Europa-Lehrmittel Nourney, Vollmer GmbH & Co. KG",verlag-europa-lehrmittel-nourney-vollmer-gmbh--co-kg-7d31848f,Germany,Halle 3.0,G37,,,
Verlag Freies Geistesleben & Urachhaus GmbH,verlag-freies-geistesleben--urachhaus-gmbh,Germany,Halle 3.0,F130,,,
Verlag Freya,verlag-freya,Austria,Halle 5.0,E13,,,
Verlag Friedrich Mauke KG,akademische-verlagsbuchhandlung-friedrich-mauke,Germany,Halle 3.0,G93,,,
Verlag Friedrich Oetinger GmbH,verlag-friedrich-oetinger-gmbh-92908e62,Germany,Halle 4.0,B32,Helga Blümlein,Verlag Friedrich Oetinger GmbH,
Verlag Friedrich Oetinger GmbH,verlag-friedrich-oetinger-gmbh-92908e62,Germany,Halle 4.0,B32,Carla Eberitzsch,Verlag Friedrich Oetinger GmbH,
Verlag Friedrich Oetinger GmbH,verlag-friedrich-oetinger-gmbh-92908e62,Germany,Halle 4.0,B32,Andrea Krohn,Verlag Friedrich Oetinger GmbH,
Verlag Friedrich Oetinger GmbH,verlag-friedrich-oetinger-gmbh-b60a7523,Germany,Halle 3.0,F61,,,
Verlag Herder GmbH,verlag-herder-gmbh,Germany,Halle 1.2,PRC,,,
Verlag Herder GmbH,verlag-herder-gmbh-f762c6c9,Germany,Agora,C31,Beatrix Dombrowski,Verlag Herder GmbH,
Verlag Herder GmbH,verlag-herder-gmbh-f762c6c9,Germany,Agora,C31,Valeria Sittner,Verlag Herder GmbH,Head of Marketing
Verlag J.H.W. Dietz Nachf. GmbH,verlag-jhw-dietz-nachf-gmbh,Germany,Halle 3.0,G93,Alexander Behrens,Verlag J.H.W. Dietz Nachf. GmbH,Verlagsleiter
Verlag J.H.W. Dietz Nachf. GmbH,verlag-jhw-dietz-nachf-gmbh,Germany,Halle 3.0,G93,Barbara Oh,Verlag J.H.W. Dietz Nachf. GmbH,Veranstaltungen
Verlag Johannes Heyn Ges.m.b.H. & Co KG,verlag-johannes-heyn,Austria,Halle 5.0,C75,,,
Verlag Jungbrunnen GmbH,verlag-jungbrunnen-gmbh-a4885335,Austria,Halle 4.0,C12,Marlies Renner,Verlag Jungbrunnen GmbH,Foreign Rights / Sales
Verlag Katholisches Bibelwerk GmbH,verlag-katholisches-bibelwerk-gmbh,Germany,Halle 3.0,G65,,,
Verlag Kiepenheuer & Witsch GmbH & Co. KG,verlag-kiepenheuer--witsch-gmbh--co-kg-f319174a,Germany,Halle 5.0,C35,,,
Verlag Kiepenheuer & Witsch GmbH & Co. KG,verlag-kiepenheuer--witsch-gmbh--co-kg-bf44a04d,Germany,Halle 1.2,PRC,,,
Verlag Klaus Wagenbach GmbH,verlag-klaus-wagenbach-gmbh-867867b0,Germany,Halle 3.0,C110,Merle Ostendorp,Verlag Klaus Wagenbach GmbH,Veranstaltungen/Rights
Verlag Klingenberg,verlag-klingenberg,Austria,Halle 5.0,E13,,,
verlag modernes lernen Borgmann GmbH & Co. KG,verlag-modernes-lernen-borgmann-gmbh--co-kg,Germany,Halle 3.0,G93,,,
Verlag Morascha,verlag-morascha,Switzerland,Halle 3.0,G56,,,
Verlag Müller & Schindler,verlag-mller-und-schindler-ek---inh-charlotte-kramer-945072d0,Germany,Halle 4.2,D57,,,
Verlag Neue Stadt GmbH,verlag-neue-stadt-gmbh,Germany,Halle 3.0,G65,,,
Verlag NZZ Libro  Schwabe Verlagsgruppe AG,nzz-libro-schwabe-verlagsgruppe-ag,Switzerland,Halle 3.0,F97,,,
Verlag Razamba,verlag-razamba-martin-ebbertz,Germany,Halle 3.0,D87,,,
Verlag Sankt Michaelsbund Diözesanverband München und Freising e.V.,verlag-sankt-michaelsbund-dizesanverband-mnchen-und-freising-ev,Germany,Halle 4.0,G65,,,
Verlag Sankt Michaelsbund Diözesanverband München und Freising e.V.,verlag-sankt-michaelsbund-dizesanverband-mnchen-und-freising-ev-e40d2028,Germany,Halle 3.0,G65,,,
Verlagsanstalt Tyrolia Gesellschaft m.b.H.,verlagsanstalt-tyrolia-gesellschaft-mbh-5b93aab7,Austria,Halle 4.0,B23,,,
Verlag Scheidegger & Spiess AG,verlag-scheidegger--spiess-ag-0b1f7dfd,Switzerland,Halle 3.0,G145,,,
Verlag Schnell & Steiner GmbH,verlag-schnell--steiner-gmbh-b2af3739,Germany,Halle 3.0,F157,,,
Verlag Schreiber&Leser,verlag-schreiberleser,Germany,Halle 4.0,A76,,,
Verlagsgruppe Droemer Knaur GmbH & Co. KG,verlagsgruppe-droemer-knaur-gmbh--co-kg-4cb4987e,Germany,Halle 5.0,C15,Elisa Rizzo,Verlagsgruppe Droemer Knaur GmbH & Co. KG,Trainee Projektmanagement Marketing & Kommunikation
Verlagsgruppe Droemer Knaur GmbH & Co. KG,verlagsgruppe-droemer-knaur-gmbh--co-kg-6bebbfc3,Germany,Halle 5.0,A43,Patricia Keßler,Verlagsgruppe Droemer Knaur GmbH & Co. KG,Leitung Presse
Verlagsgruppe Droemer Knaur GmbH & Co. KG,verlagsgruppe-droemer-knaur-gmbh--co-kg-c45a62ea,Germany,Halle 3.0,F61,,,
Verlagsgruppe Droemer Knaur GmbH & Co. KG - Knaur Romance,knaur-romance,Germany,Festhalle,B93,,,
Verlagsgruppe Styria GmbH & Co KG,verlagsgruppe-styria-gmbh--co-kg-d7a03938,Austria,Halle 5.0,D15,,,
Verlagshaus Hernals,verlagshaus-hernals,Austria,Halle 5.0,E13,,,
Verlagshaus Jacoby & Stuart GmbH,verlagshaus-jacoby--stuart-gmbh-ce25b2c3,Germany,Halle 3.0,B76,,,
Verlagshaus Römerweg GmbH,verlagshaus-rmerweg-gmbh,Germany,Halle 3.0,D87,,,
Verlagshaus Schlosser,verlagshaus-schlosser-1811ad65,Germany,Halle 3.0,G93,Gunnar Sieg,Verlagshaus Schlosser,
Verlag unartproduktion,verlag-unartproduktion,Austria,Halle 5.0,E13,,,
Verlag Voland & Quist GmbH,verlag-voland--quist-gmbh-33221006,Germany,Halle 3.0,C145,Leif Greinus,Verlag Voland & Quist GmbH,"Geschäftsführer, Verleger"
Verlag Voland & Quist GmbH,verlag-voland--quist-gmbh-33221006,Germany,Halle 3.0,C145,Maximilian Meier,Verlag Voland & Quist GmbH,
Verlag Voland & Quist GmbH,verlag-voland--quist-gmbh-33221006,Germany,Halle 3.0,C145,Jule Haas,Verlag Voland & Quist GmbH,
Vernatun Publishing House,vernatun-media-llc,Armenia,Halle 3.1,B11,,,
Verok Agency - Véronique Kirchhoff,verok-agency---vronique-kirchhoff,Spain,Halle 4.2,G78,,,
Veronika Weinseis,veronika-weinseis,Germany,Halle 4.0,H66,,,
Versant Sud Jeunesse,versant-sud-jeunesse,Belgium,Halle 3.1,F97,,,
"Verso, an imprint of New Left Review",verso-an-imprint-of-new-left-review-80dfacf5,United Kingdom,Halle 4.2,J31,,,
Verso Libros,verso-libros,Spain,Halle 3.1,E131,,,
Versus Verlag AG,versus-verlag-ag,Switzerland,Halle 3.0,F97,Joscha Barisch,Versus Verlag AG,Programmleiter
Versus Verlag AG,versus-verlag-ag,Switzerland,Halle 3.0,F97,Natalie Paul,Versus Verlag AG,
Versus Verlag AG,versus-verlag-ag,Switzerland,Halle 3.0,F97,Judith Henzmann,Versus Verlag AG,Herstellung/Vertrieb
Verticales (part of Madrigall),editions-verticales,France,Halle 3.1,H97,,,
"Vertrieb für ZWEI - Simon Lissner, David Schick",vertrieb-fr-zwei,Germany,Halle 5.0,C75,,,
verzone,verzone,Czechia,Halle 3.1,C65,,,
Vetrne mlyny Ltd.,vetrne-mlyny-ltd,Czechia,Halle 3.1,C56,,,
VF Agencia Literaria,vf-agencia-literaria-582431f3,Mexico,Halle 1.2,LitAg,,,
Vial (part of Vigot Maloine),vial-ditions-an-imprint-of-vigot-ditions,France,Halle 3.1,H125,,,
Vibop edicions,vibop-edicions,Spain,Halle 3.1,E131,,,
Viet Hung Packing Company Limited,viet-hung-packing-company-limited,Viet Nam,Halle 4.2,L19,,,
Vigilia-Verlag UG,vigilia-verlag-ug,Germany,Halle 5.0,C75,,,
Vigot (part of Vigot Maloine),editions-vigot---vigot-maloine-vpc,France,Halle 3.1,H125,,,
Vigo University Press - Universidad de Vigo,vigo-university-press---universidad-de-vigo,Spain,Halle 3.1,D135,,,
Vikhola,vikhola,Ukraine,Halle 3.1,C13,,,
Vincenzo Bona S.p.A.,vincenzo-bona-spa,Italy,Halle 3.1,B134,,,
Vincere Press LLC,vincere-press-llc,United States,Halle 4.0,J58,Mark Tullius,Vincere Press LLC,Owner
Vinci Books Ltd,vinci-books-ltd,United Kingdom,Halle 3.1,G25 / Workstation,,,
Virtusales GmbH,virtusales-gmbh-c64e1af7,Germany,Halle 4.1,J79 / Workstation,Cameron Verells,Virtusales GmbH,
Virtusales GmbH,virtusales-gmbh-c64e1af7,Germany,Halle 4.1,J79 / Workstation,Erdem Sagiroglu,Virtusales GmbH,"Managing Director, Europe"
Vishv Books Private Limited,vishv-books-ltd-1201ae5a,India,Halle 4.2,B8,,,
Vista Point Verlag GmbH - Ullmann Medien GmbH,vista-point-verlag-gmbh---ullmannmedien-gmbh,Germany,Halle 3.0,G93,,,
VisualizeThat AB,visualizethat-ab,Sweden,Halle 4.1,J79 / Workstation,Erik Nylund,VisualizeThat AB,Owner
Viva Agenzia Letteraria Srl,viva-agenzia-letteraria-srl,Italy,Halle 1.2,LitAg,,,
Vivat Publishing Ltd.,vivat-publishing-ltd,Ukraine,Halle 3.1,C13,,,
VIZ Media,viz-media,United States,Halle 5.1,D89,,,
VLNA / Drewo a SRD,vlna--drewo-a-srd,Slovakia,Halle 3.1,C50,,,
VLP Agency,vlp-agency,Chile,Halle 3.1,F102,,,
Voland SRL,voland-srl,Italy,Halle 3.1,B102,,,
von dem Knesebeck GmbH & Co. Verlag KG,von-dem-knesebeck-gmbh--co-verlag-kg,Germany,Halle 3.0,E136,,,
von Hacht Verlag GmbH,von-hacht-verlag-gmbh,Germany,Halle 5.0,B67,,,
Von Morgen Verlag,von-morgen-verlag-eu,Germany,Festhalle,B62,Jennifer O. Grace,Von Morgen Verlag,Autorin
Von Morgen Verlag,von-morgen-verlag-eu,Germany,Festhalle,B62,Lilien Ortwein,Von Morgen Verlag,
Von Morgen Verlag,von-morgen-verlag-eu,Germany,Festhalle,B62,Katharina Stegen,Von Morgen Verlag,
V.O.V. Sebes & Bisseling Literary Agency,vov-sebes--bisseling-literary-agency-1199d373,Netherlands,Halle 1.2,LitAg,,,
VQ plus - Verlag Voland & Quist GmbH,verlag-voland--quist-gmbh---booking-b105e11e,Germany,Halle 3.0,C149,,,
V&R Editoras S.A.,vr-editoras-sa,Argentina,Halle 3.1,F86,,,
VR Editoras SA DE CV,vr-editoras-sa-de-cv,Mexico,Halle 3.1,E96,,,
Vydavatel'stvo Absynt,vydavatelstvo-absynt,Slovakia,Halle 3.1,C50,,,
Vydavatel'stvo Arkus,vydavatelstvo-arkus,Slovakia,Halle 3.1,C50,,,
Vydavatel'stvo Buvik,vydavatelstvo-buvik,Slovakia,Halle 3.1,C50,,,
Vydavatel'stvo Dajama,vydavatelstvo-dajama,Slovakia,Halle 3.1,C50,,,
"Vydavatelstvo SLOVART, spol. s.r.o. SLOVART Publishing Ltd.",vydavatelstvo-slovart-spol-sro,Slovakia,Halle 4.2,E64,,,
"Vydavatelstvo SLOVART, spol. s.r.o. SLOVART Publishing Ltd.",vydavatelstvo-slovart-spol-sro-slovart-publishing-ltd-fa01d45c,Slovakia,Halle 3.1,C50,,,
"Vydavatel'stvo Tatran, s.r.o.",vydavatelstvo-tatran-sro,Slovakia,Halle 3.1,C50,,,
W1-Verlage GmbH,w1-verlage-gmbh,Germany,Halle 5.0,B67,Sandra Troglauer,W1-Verlage GmbH,Marketing
Wai Man Book Binding (China) Ltd,wai-man-book-binding-china-ltd,Hong Kong,Halle 5.1,D121,,,
Wajos GmbH,wajos-gmbh,Germany,Halle 5.0,E117,,,
Wales Literature Exchange / Literature Across Frontiers,wales-literature-exchange--literature-across-frontiers,United Kingdom,Halle 3.1,B22,,,
Walkabout Literary Agency,walkabout-literary-agency,Italy,Halle 1.2,LitAg,,,
Walker Books Ltd.,walker-books-ltd-312b6acd,United Kingdom,Halle 4.2,C8,,,
Wallonie-Bruxelles International,wallonie-bruxelles-international-0ef99831,Belgium,Halle 3.1,F97,,,
Wallstein Verlag GmbH,wallstein-verlag-gmbh-d49eeed2,Germany,Halle 3.0,C143,,,
Wanfang Data,wanfang-data,China,Halle 4.1,F90,,,
Wangis Laro at Kwento Corp.,wangis-laro-at-kwento-corp,Philippines,Halle 3.1,E53,Faye Villanueva-Chelabian,Wangis Laro at Kwento Corp.,
Wangis Laro at Kwento Corp.,wangis-laro-at-kwento-corp-f09ca849,Philippines,Halle 5.1,A95,,,
Wan Li Book Company Limited,wan-li-book-company-limited,Hong Kong,Halle 5.1,D121,,,
Wannanote SAS,wannanote-sas,France,Halle 4.1,G24,Mohamad Matar,Wannanote SAS,partner
Wannanote SAS,wannanote-sas,France,Halle 4.1,G24,Pascal LE QUERE,Wannanote SAS,MANAGER
"Wantuyunku (Tianjin) Information Technology Co., Ltd.",wantuyunku-tianjin-information-technology-co-ltd,China,Halle 5.1,D140,,,
Warsaw International Book Fair,warsaw-international-book-fair,Poland,Halle 3.1,B54,Maria Koscian,Warsaw International Book Fair,International Relations Coordinator
Warvan Organization for Language and Cultural Development,warvan-centre-for-print-and-publishing,Iraq,Halle 5.1,A19,Rawezh Kaka Mam,Warvan Organization for Language and Cultural Development,Media and Communication
Warvan Organization for Language and Cultural Development,warvan-centre-for-print-and-publishing,Iraq,Halle 5.1,A19,Hussein Maaroof,Warvan Organization for Language and Cultural Development,Administration and Finance
WASSER Publishing,wasser-publishing,Austria,Halle 5.0,E13,,,
watchyourhead UG (haftungsbeschränkt),watchyourhead-ug-haftungsbeschrnkt,Germany,Halle 4.0,H20,,,
"Watson, Little Ltd.",watson-little-ltd-ce0540b9,United Kingdom,Halle 1.2,LitAg,,,
"Way Maker Co., Ltd.",way-maker-co-ltd,Thailand,Halle 5.1,A113,,,
WBS Logistics,wbs-logistics,United Kingdom,Halle 4.2,E5,David Burnham,WBS Logistics,Managing Director
WBS Logistics,wbs-logistics,United Kingdom,Halle 4.2,E5,Johann Visagie,WBS Logistics,
Weissbooks Verlagsgesellschaft mbH,weissbooks-verlagsgesellschaft-mbh,Germany,Halle 3.0,B67,,,
Weitkämper Technology GmbH,weitkmper-technology-gmbh-cd7691ef,Germany,Halle 4.1,H94,,,
Weldon Owen Publishing,weldon-owen-publishing-ffa22251,United States,Halle 4.2,F100,,,
Wells Hamilton Literary,wells-hamilton-literary-consultants-llc,United States,Halle 4.2,M27,Billy Poarch,Wells Hamilton Literary,International Rights & Licensing Professional
Welsh Academic Press,welsh-academic-press,United Kingdom,Halle 3.1,B22,,,
Weltenbaum Verlag,weltenbaum-verlag,Germany,Halle 4.0,H71,,,
Weltentdecker Verlag,weltentdecker-verlag,Germany,Halle 4.0,C54,Philip Batinic,Weltentdecker Verlag,
Weltentdecker Verlag,weltentdecker-verlag,Germany,Halle 4.0,C54,Helen Biles,Weltentdecker Verlag,Art Director/Agent
Weltentdecker Verlag,weltentdecker-verlag,Germany,Halle 4.0,C54,Giovanni Caselotti,Weltentdecker Verlag,
Weltentdecker Verlag,weltentdecker-verlag,Germany,Halle 4.0,C54,Silke Heimes,Weltentdecker Verlag,Author
Weltentdecker Verlag,weltentdecker-verlag,Germany,Halle 4.0,C54,Dragan Jerkovic,Weltentdecker Verlag,
Weltentdecker Verlag,weltentdecker-verlag,Germany,Halle 4.0,C54,Martina Reichenberger,Weltentdecker Verlag,Autorin
Weltentdecker Verlag,weltentdecker-verlag,Germany,Halle 4.0,C54,Lera Rudneva,Weltentdecker Verlag,Illustratorin & Künstlerin
Weltentdecker Verlag,weltentdecker-verlag,Germany,Halle 4.0,C54,Helena Ruzic,Weltentdecker Verlag,
Weltentdecker Verlag,weltentdecker-verlag,Germany,Halle 4.0,C54,Alena Letscher,Weltentdecker Verlag,
Weltentdecker Verlag,weltentdecker-verlag,Germany,Halle 4.0,C54,Stefano Montanari,Weltentdecker Verlag,
We Mind Publishing GmbH,we-mind-publishing-gmbh,Germany,Halle 5.0,C74,,,
"Wenzhou Golden Stationery Co., Ltd.",wenzhou-golden-stationery-co-ltd,China,Halle 4.2,K52,,,
"Wenzhou ZhiDao Craft Co., Ltd.",wenzhou-zhidao-craft-co-ltd,China,Halle 3.1,A96,,,
Wenz Verlag,wenz-verlag,Germany,Halle 3.0,B102,,,
WERKHAUS Design + Produktion GmbH,werkhaus-design--produktion-gmbh-04732096,Germany,Halle 5.0,E166,,,
Wespennest Zeitschrift & Edition,wespennest-zeitschrift--edition,Austria,Halle 3.0,D64,,,
Westbourne Publishers Ltd t/a Saqi Books,westbourne-publishers-ltd-ta-saqi-books-be99b32e,United Kingdom,Halle 4.2,J27,,,
Westend Verlag GmbH,westend-verlag-gmbh-7ece0811,Germany,Halle 3.0,C105,Johannes-Christoph Beck,Westend Verlag GmbH,
Westend Verlag GmbH,westend-verlag-gmbh-7ece0811,Germany,Halle 3.0,C105,Rüdiger Grünhagen,Westend Verlag GmbH,
Westermann Lernwelten GmbH,westermann-lernwelten-gmbh,Germany,Halle 4.0,G72,,,
Westermann Service und Beratung GmbH,westermann-service-und-beratung-gmbh-c3dec68c,Germany,Halle 4.0,G72,Tatjana Herold,Westermann Service und Beratung GmbH,Event und Content Managerin
Westwood Creative Artists Ltd.,westwood-creative-artists-ltd-83b32113,Canada,Halle 1.2,LitAg,,,
"W.F. Howes Ltd., a subsidiary of RB Media",wf-howes-ltd-a-subsidiary-of-rb-media-97fc35ce,United Kingdom,Halle 5.1,C42,,,
White Star S.r.l.,white-star-srl-dbbcdd3c,Italy,Halle 4.2,F108,,,
Wide Ocean Printing Co. Ltd.,wide-ocean-printing-co-ltd,Hong Kong,Halle 5.1,D121,,,
Widnokrag,widnokrag,Poland,Halle 3.1,B54,,,
Wieser Verlag GmbH,wieser-verlag-gmbh-23138016,Austria,Halle 3.0,C38,,,
Wikimedia Deutschland e.V.,wikimedia-deutschland---gesellschaft-zur-frderung-freien-wissens-ev,Germany,Agora,C19,Zarah Ziadi,Wikimedia Deutschland e.V.,Kommunikationsmanagerin
Wilde Gefilde Studios,wilde-gefilde-studios,Germany,Halle 4.0,H17,Rebecca Rueter,Wilde Gefilde Studios,Wilde Gefilde Studios: Projektmanagement & Social Media | Schauspielerin & Autorin
Wilde Gefilde Studios,wilde-gefilde-studios,Germany,Halle 4.0,H17,Caitlin V. Volz,Wilde Gefilde Studios,Founder & Audio Producer | Actress & Voice Artist
Wilde Gefilde Studios,wilde-gefilde-studios,Germany,Halle 4.0,H17,Lilli Konradi,Wilde Gefilde Studios,
Wilfrid Laurier University Press,wilfrid-laurier-university-press,Canada,Halle 4.2,H25,Mat Buntin,Wilfrid Laurier University Press,Director & Publisher
William Morris Endeavor Entertainment,william-morris-endeavor-entertainment-9446ac1a,United States,Halle 1.2,LitAg,,,
Willie Leung Training and Production Limited,willie-leung-training-and-production-limited,Hong Kong,Halle 5.1,D121,,,
Windpferd Verlagsgesellschaft mbH,windpferd-verlagsgesellschaft-mbh,Germany,Halle 3.0,G93,,,
Wing King Tong Printing Group,wing-king-tong-printing-group,Hong Kong,Halle 5.1,D121,,,
Winje Agency AS,winje-agency-as,Norway,Halle 1.2,LitAg,,,
Wipf and Stock Publishers,wipf-and-stock-publishers,United States,Halle 4.2,C81,,,
Wiresoft AG,wiresoft-ag,Switzerland,Halle 5.0,E38,,,
#wirfürschule gUG (haftungsbeschränkt),wirfrschule-gug-haftungsbeschrnkt,Germany,Halle 3.0,H36,Leonie Zoe Badura,#wirfürschule gUG (haftungsbeschränkt),Projektmanagerin
#wirfürschule gUG (haftungsbeschränkt),wirfrschule-gug-haftungsbeschrnkt,Germany,Halle 3.0,H36,Petra Kohrs,#wirfürschule gUG (haftungsbeschränkt),Schulleiterin & Bildungsexpertin
#wirfürschule gUG (haftungsbeschränkt),wirfrschule-gug-haftungsbeschrnkt,Germany,Halle 3.0,H36,Volker Kohrs,#wirfürschule gUG (haftungsbeschränkt),
#wirfürschule gUG (haftungsbeschränkt),wirfrschule-gug-haftungsbeschrnkt,Germany,Halle 3.0,H36,Laura Vollmann-Popovic,#wirfürschule gUG (haftungsbeschränkt),
#wirfürschule gUG (haftungsbeschränkt),wirfrschule-gug-haftungsbeschrnkt,Germany,Halle 3.0,H36,Nicole Kersten,#wirfürschule gUG (haftungsbeschränkt),
WIRmachenDRUCK GmbH,wirmachendruck-gmbh,,Halle 5.0,E49,Sebastian Blocher,WIRmachenDRUCK GmbH,Commercial Lead Business Solutions
WIRmachenDRUCK GmbH,wirmachendruck-gmbh,,Halle 5.0,E49,Florian Förster,WIRmachenDRUCK GmbH,Regional Sales Manager
WIRmachenDRUCK GmbH,wirmachendruck-gmbh,,Halle 5.0,E49,Amelie Kristek,WIRmachenDRUCK GmbH,
"Wisdom House, Inc.",wisdom-house-inc,Republic of Korea,Halle 5.1,A143,,,
Wise Eagle,wise-eagle,India,Halle 3.1,C132,,,
WISE EAGLE FZE,wise-eagle-fze,United Arab Emirates,Halle 3.1,C132,,,
Wissen Distribution,wissen-distribution,Mexico,Halle 3.1,E96,Erica Alvarez,Wissen Distribution,General manager
Wissenschaftliche Verlagsgesellschaft mbH,wissenschaftliche-verlagsgesellschaft-stuttgart-254471a3,Germany,Halle 3.0,B142,,,
W. Kohlhammer GmbH,w-kohlhammer-gmbh-2877cf6c,Germany,Halle 3.0,B126,Charlotte Appenzeller,W. Kohlhammer GmbH,Assistentin der Geschäftsleitung
W. Kohlhammer GmbH,w-kohlhammer-gmbh-2877cf6c,Germany,Halle 3.0,B126,Simon Bihr,W. Kohlhammer GmbH,Projektmanager/Lektor
W. Kohlhammer GmbH,w-kohlhammer-gmbh-2877cf6c,Germany,Halle 3.0,B126,Christine Kreitmeier-Heger,Kohlhammer Verlag,Verlagsleitung Recht
W. Kohlhammer GmbH,w-kohlhammer-gmbh-2877cf6c,Germany,Halle 3.0,B126,Dr. Ruprecht Poensgen,W. Kohlhammer GmbH,Verlagsleitung
W. Kohlhammer GmbH,w-kohlhammer-gmbh-2877cf6c,Germany,Halle 3.0,B126,Michael Hörsch,W. Kohlhammer GmbH,Leitung Vertrieb
Wochenschau Verlag,wochenschau-verlag-dr-kurt-debus-gmbh,Germany,Halle 3.0,D87,,,
Wolfgang Hager Verlag,wolfgang-hager-verlag,Austria,Halle 3.0,G93,,,
Wolters Kluwer,wolters-kluwer,United States,Halle 4.1,E78,,,
Wolters Kluwer Steuertipps GmbH,wolters-kluwer-steuertipps-gmbh,Germany,Halle 3.0,B139,Jenny Radosta,Wolters Kluwer Steuertipps GmbH,Senior Marketing Managerin
Wolters Kluwer Steuertipps GmbH,wolters-kluwer-steuertipps-gmbh,Germany,Halle 3.0,B139,Katja Weber,Wolters Kluwer Steuertipps GmbH,
wo-men publishing,wo-men,Czechia,Halle 3.1,C65,,,
WOMO - Der Wohnmobil-Verlag,womo---der-wohnmobil-verlag,Germany,Halle 5.0,A115,,,
Woodland Group,woodland-group-387dd351,United Kingdom,Halle 4.2,E5,Adrian Blackman,Woodland Group,Executive Vice President
Woodland Group,woodland-group-387dd351,United Kingdom,Halle 4.2,E5,Jamal Essalama,Woodland Group,Head of Woodland Media UK & Europe
Woodland Group,woodland-group-387dd351,United Kingdom,Halle 4.2,E5,Eric Reuter,Woodland Group,Managing Director
Woodland Group,woodland-group-387dd351,United Kingdom,Halle 4.2,E5,Jac Randhawa,Woodland Group,Executive Assistant
"Woongjin Think Big Co., Ltd.",woongjin-think-big-co-ltd,Republic of Korea,Halle 5.1,A143,,,
"Woorischool Publishing Co., Ltd.",woorischool-publishing-co-ltd,Republic of Korea,Halle 5.1,A143,,,
WooW Books,woow-books,Germany,Halle 5.0,B67,,,
Wordsworth Editions Ltd.,wordsworth-editions-ltd,United Kingdom,Halle 4.2,H1,,,
Workstation - Frankfurter Buchmesse,workstation-41---frankfurter-buchmesse,Germany,Halle 4.1,J79,,,
Workstation - Frankfurter Buchmesse,workstation---frankfurter-buchmesse-403cfd42,Germany,Halle 3.1,G25,,,
World Scientific Publishing Co. Pte. Ltd,world-scientific-publishing-co-pte-ltd-aee503c2,Singapore,Halle 4.1,G78,,,
World Wide Printing,world-wide-printing-7523cd58,United States,Halle 3.0,H58,,,
Wortweit-Verlag,wortweit-verlag,Austria,Halle 5.0,E13,,,
WPG Kindermedia,leopold-ploegsma-condor-witte-leeuw,Netherlands,Halle 3.1,E21,,,
"Writers House, LLC Literary Agency",writers-house-llc-literary-agency-95ff2d7f,United States,Halle 1.2,LitAg,,,
Writer Soul Thailand Corporation Ltd.,writer-soul-thailand-corporation-ltd,Thailand,Halle 5.1,A113,,,
WRITERS PRESS PTE. LTD.,writers-press-pte-ltd,Singapore,Halle 5.1,B67,JIAN LIN,WRITERS PRESS PTE. LTD.,
WS Education Pte Ltd,ws-education-pte-ltd,Singapore,Halle 5.1,B67,Daniele Lee,WS Education Pte Ltd,Senior Editor
WS Education Pte Ltd,ws-education-pte-ltd,Singapore,Halle 5.1,B67,RUTH WAN,WS Education Pte Ltd,Publisher & Head
"Wuhan Xinxin Modian International Trade Company Co., Ltd.",wuhan-xinxin-modian-international-trade-company-co-ltd-4eaa546c,China,Halle 5.1,C150,,,
Wunderhorn Zeitschriften,wunderhorn-zeitschriften-5c810c79,Germany,Halle 3.0,C85,,,
Wunderlich Verlag,rowohlt-verlag-gmbh-wunderlich-verlag-900654ac,Germany,Halle 5.0,C45,,,
WunderZeilen Verlag GbR | Vinachia Burke & Sebastian Hauer,wunderzeilen-verlag-gbr--vinachia-burke--sebastian-hauer,Germany,,,Vinachia Burke,WunderZeilen Verlag GbR | Vinachia Burke & Sebastian Hauer,Geschäftsführer / Verleger
WunderZeilen Verlag GbR | Vinachia Burke & Sebastian Hauer,wunderzeilen-verlag-gbr--vinachia-burke--sebastian-hauer,Germany,,,Mary Stormhouse,WunderZeilen Verlag GbR | Vinachia Burke & Sebastian Hauer,
W. W. Norton & Company Inc.,w-w-norton--company-inc-c51e20c8,United States,Halle 4.2,D39,,,
W. W. Norton & Company Ltd,w-w-norton--company-ltd-1787d4d8,United Kingdom,Halle 4.2,D39,,,
Wydawnictwo Aksjomat Sp. z o.o,publishing-house--aksjomat-sp-z-oo,Poland,Halle 4.2,K82,,,
Wydawnictwo Book Ojciec Sp. z o.o.,wydawnictwo-book-ojciec-sp-z-oo,Poland,Halle 3.1,D20,,,
Wydawnictwo Czarna Owca,wydawnictwo-czarna-owca,Poland,Halle 3.1,B54,,,
Wydawnictwo Druganoga,wydawnictwo-druganoga,Poland,Halle 3.1,B54,,,
Wydawnictwo Dwie Siostry sp. z o.o.,wydawnictwo-dwie-siostry-sp-z-oo,Poland,Halle 3.1,B54,,,
Wydawnictwo Karakter,wydawnictwo-karakter,Poland,Halle 3.1,B54,,,
Wydawnictwo Literackie Sp. z o.o.,wydawnictwo-literackie-sp-z-oo,Poland,Halle 3.1,B54,,,
Wydawnictwo Literatura,wydawnictwo-literatura,Poland,Halle 3.1,B54,,,
Wydawnictwo Nasza Ksiegarnia sp. z o.o.,wydawnictwo-nasza-ksiegarnia-sp-z-oo,Poland,Halle 3.1,B54,,,
Wydawnictwo Naukowe UAM,wydawnictwo-naukowe-uam,Poland,Halle 3.1,B54,,,
Wydawnictwo Olesiejuk - Dressler Dublin sp. z o.o.,wydawnictwo-olesiejuk---dressler-dublin-sp-z-oo,Poland,Halle 4.2,K71,,,
Wydawnictwo Poznanskie,wydawnictwo-poznanskie,Poland,Halle 3.1,B54,,,
Wydawnictwo Skarpa Warszawska,agencja-wydawniczo-reklamowa-skarpa-warszawska,Poland,Halle 3.1,B54,Agnieszka Asenkowicz,Wydawnictwo Skarpa Warszawska,
Wydawnictwo Skarpa Warszawska,agencja-wydawniczo-reklamowa-skarpa-warszawska,Poland,Halle 3.1,B54,Bartosz Renans,Wydawnictwo Skarpa Warszawska,Publishing Director for Children's and Young Adult Books
Wydawnictwo Skarpa Warszawska,agencja-wydawniczo-reklamowa-skarpa-warszawska,Poland,Halle 3.1,B54,Piotr Sternal,Wydawnictwo Skarpa Warszawska,Publishing Director
Wydawnictwo Zielona Sowa Sp.z.o.o.,wydawnictwo-zielona-sowa-spzoo,Poland,Halle 3.1,B54,,,
Wydawnictwo Zwierciadlo sp. z o.o.,wydawnictwo-zwierciadlo-sp-z-oo,Poland,Halle 3.1,B54,,,
Xact Studio International,xact-studio-international,India,Halle 3.1,C136,,,
Xander Uitgevers B.V.,xander-uitgevers-bv,Netherlands,Halle 3.1,E21,,,
"Xinhua Publishing House Co., Ltd.",xinhua-publishing-house-co-ltd,China,Halle 5.1,D140,,,
XML GmbH,xml-gmbh-e0db89ae,Germany,Halle 4.1,H92,,,
XO Éditions (part of Editis),xo-editions---oh--editions,France,Halle 3.1,H59,,,
XPLR: MEDIA in Bavaria - Medien.Bayern GmbH,xplr-media-in-bavaria--medienbayern-gmbh-f9753ca9,Germany,Halle 5.0,A71,Carolina Barbosa Assis,XPLR: MEDIA in Bavaria - Medien.Bayern GmbH,
XPLR: MEDIA in Bavaria - Medien.Bayern GmbH,xplr-media-in-bavaria--medienbayern-gmbh-f9753ca9,Germany,Halle 5.0,A71,Melanie Walter,XPLR: MEDIA in Bavaria - Medien.Bayern GmbH,
XPS eXtensible Publishing Solutions AG,xps-extensible-publishing-solutions-ag,Switzerland,,,Ralf Oberndorfer,XPS eXtensible Publishing Solutions AG,Publishing Spezialist
XPS eXtensible Publishing Solutions AG,xps-extensible-publishing-solutions-ag,Switzerland,,,Carsten Schwab,XPS eXtensible Publishing Solutions AG,Inhaber und Geschäftsführer
Yagmur Yayin Grubu,yagmur-yayin-grubu,Türkiye,Halle 3.1,G70,,,
Yalda Roy,afghan-book-stand,Germany,Halle 5.0,A14,,,
Yale University Press,yale-university-press-b10ef05c,United Kingdom,Halle 4.2,G11,,,
"Yamei Business Printing & Packaging (Shenzhen) Co., Ltd.",yamei-business-printing--packaging-shenzhen-co-ltd,China,Halle 3.1,A36,,,
"Yaxiong Yibang Co., Limited",yaxiong-yibang-co-limited,Hong Kong,Halle 4.0,B93,,,
Yeditepe Publishing House,yeditepe-publishing-house,Türkiye,Halle 3.1,G58,,,
"Yellow River Conservancy Press Co., Ltd.",yellow-river-conservancy-press-co-ltd,China,Halle 5.1,D140,,,
Yerevan State University Publishing House,yerevan-state-university-publishing-house,Armenia,Halle 3.1,B11,,,
Y Lolfa,y-lolfa,United Kingdom,Halle 3.1,B22,,,
Ylva Verlag,ylva-verlag,Germany,Festhalle,C48,,,
Youcat Foundation gemeinnützige GmbH,youcat-foundation-gemeinntzige-gmbh,Germany,Halle 3.0,G65,,,
Youtech Solutions LLC,youtech-solutions-llc,United States,Halle 4.2,L10,,,
Yoyo Books Big Box Books,yoyo-books-big-box-books-51f48ac3,United States,Halle 4.2,C29,Eva De Backer,Yoyo Books Big Box Books,Administration
YRG Partners,yrg-partners-in-literary--media,United States,Halle 1.2,LitAg,,,
Ystory,ystory,Republic of Korea,Halle 4.0,C78,Sungi Lee,Ystory,
Ystory,ystory,Republic of Korea,Halle 4.0,C78,Soyun Moon,Ystory,
Ystory,ystory,Republic of Korea,Halle 4.0,C78,Story Yun,Ystory,
"Yunnan Education Publishing House Co., Ltd.",yunnan-education-publishing-house-co-ltd,China,Halle 5.1,D147,,,
Yurincom Inter,yurincom-inter,Ukraine,Halle 3.1,C13,,,
Zahorí Books,zahori-books,Spain,Halle 3.1,E131,,,
Založba Goga,zaloba-goga-6d8249c4,Slovenia,Halle 3.1,C35,,,
Založba Pivec,zaloba-pivec-5314cd2b,Slovenia,Halle 3.1,C35,,,
Zambon Verlag,zambon-verlag,Germany,Halle 3.0,D87,,,
Zando LLC,zando-llc,United States,Halle 5.1,C118,,,
Zangak Publishing House,zangak-publishing-house,Armenia,Halle 3.1,B11,,,
Zanichelli Editore S.p.A.,zanichelli-editore-spa-f6ce0909,Italy,Halle 3.1,A108,,,
ZDF 3sat,3sat--zdf-pm-3sat,Germany,Forum 0,A1,,,
Z E B R A,zebra-comics,Cameroon,Halle 3.1,E53,Nathanael Ejob,Z E B R A,
Z E B R A,zebra-comics,Cameroon,Halle 3.1,E53,Suyru Njoka,Z E B R A,Public Relations Officer
Zebralution GmbH,zebralution-gmbh-b083dbb2,Germany,Halle 4.1,F9,,,
Zeitfracht Medien GmbH,zeitfracht-medien-gmbh,Germany,Halle 4.1,J79 / Workstation,,,
Zeitgeist Literary Agency (a department of Tangula SRL),zeitgeist-literary-agency-a-department-of-tangula-srl-8ef8fa9e,Belgium,Halle 1.2,LitAg,,,
zeitkind Verlag,zeitkind-verlag,Switzerland,Halle 3.0,F97,,,
Zeitverlag Gerd Bucerius GmbH & Co.KG,zeitverlag-gerd-bucerius-gmbh--cokg-e762c188,Germany,Halle 5.0,E67,Kay Stelter,Zeitverlag Gerd Bucerius GmbH & Co.KG,Senior Projektmanager
Zeitverlag Gerd Bucerius GmbH & Co.KG,zeitverlag-gerd-bucerius-gmbh--cokg-e762c188,Germany,Halle 5.0,E67,Jule Würzebesser,Zeitverlag Gerd Bucerius GmbH & Co.KG,Projektmanagerin ZEIT Veranstaltungen
Zeit zu reden n.e.V.,zeit-zu-reden-nev,Germany,,,,,
Zentrum Wort - Frankfurter Buchmesse,zentrum-wort---frankfurter-buchmesse,Germany,Halle 5.0,C115,,,
Zephyr Partnership (London) Ltd.,zephyr-partnership-london-ltd-2ad6136e,United Kingdom,Halle 1.2,LitAg,,,
Zero a Oito,zero-a-oito,Portugal,Halle 3.1,F139,,,
"Zhejiang Education Publishing Group Co., Ltd.",zhejiang-education-publishing-group-coltd,China,Halle 5.1,D147,,,
"Zhejiang Landl Printing Co.,Ltd",zhejiang-landl-printing-coltd-a5b4921b,China,Halle 3.0,J150,,,
"Zhejiang Matsuoka Printing Co., Ltd.",zhejiang-matsuoka-printing-co-ltd,China,Halle 3.1,E3,,,
"Zhejiang Paperon Co.,LTD.",zhejiang-paperon-coltd,China,Halle 4.0,B91,,,
"Zhejiang University Press Co.,Ltd.",zhejiang-university-press,China,Halle 5.1,D147,,,
Zhengzhou University Press,zhengzhou-university-press,China,Halle 5.1,D147,,,
Zhonghua Book Company,zhonghua-book-company,China,Halle 5.1,D147,,,
Zikmund Literary Agency,zikmund-literary-agency,Czechia,Halle 3.1,C65,,,
Zirkular - Verlag der Dokumentationsstelle für neuere österreichische Literatur,zirkular---verlag-der-dokumentationsstelle-fr-neuere-sterreichische-literatur,Austria,Halle 5.0,E13,,,
Zoé Editions,editions-zo,Switzerland,Halle 3.0,F97,,,
Zoom Editions,zoom-editions,Luxembourg,Halle 3.0,F98,Claudine Furlano,Zoom Editions,Art Director
ZSU GmbH,zsu-gmbh-73c3aa37,Germany,Halle 3.0,J60,,,
zu Klampen (Dietrich zu Klampen und Dr. Rolf Johannes GbR),zu-klampen-verlag-3b6f209a,Germany,Halle 3.0,B84,,,
Zukunft MEMORIAL e.V.,zukunft-memorial-ev,Germany,Halle 3.1,A60,,,
Zum Zum Production,zum-zum-production,Slovakia,Halle 3.1,C50,,,
Zuramérica,zuramrica,Chile,Halle 3.1,F102,,,
Zürcher Kantonale Mittelstufe,zrcher-kantonale-mittelstufe,Switzerland,Halle 3.0,F97,,,
Zvaigzne ABC Publishers Ltd.,zvaigzne-abc-publishers-ltd,Latvia,Halle 3.1,A33,,,
Zytglogge Verlag Schwabe Verlagsgruppe AG,zytglogge-verlag-schwabe-verlagsgruppe-ag-cc8533e9,Switzerland,Halle 3.0,F97,,,